Workbook

Sheet Variables
B1: Arabica - Commercial | C1: Arabica - Micro-Lots | D1: Robusta
A3: Parameter | B3: Arabica (Commercial) | C3: Arabica (Micro-Lots) | D3: Robusta | E3: Unit
A5: Avg value of Coffee | B5: =443*1000/60 -> 7383.3333 | C5: =505*16.67 -> 8418.35 | D5: N/A | E5: USD/MT
A6: Avg NY value | B6: 290.8 | C6: 290.8 | D6: N/A | E6: USD cents/lb
A7: Cost of financing per annum | B7: =(3.08+3.36822)/100 -> 0.0644822 | C7: =(3.08+3.36822)/100 -> 0.0644822 | D7: N/A | E7: % p.a.
A8: Cost of storage (USD/MT/Day) | B8: =0.05*16.67 -> 0.8335 | C8: =0.05*16.67 -> 0.8335 | D8: N/A | E8: USD/MT/day
A9: Cost of Insurance per annum | B9: 0.0008313 | C9: 0.0008313 | D9: N/A | E9: % p.a.
A11: Parameter | B11: Value | E11: Unit | F11: Department
A13: Days before expected shipment date to stuff | B13: 15 | E13: days
A14: Days before shipment for sample approval | B14: 30 | E14: days
A15: Days to move coffee to warehouse | B15: 7 | E15: days
A16: Days bulk coffee | B16: 5 | E16: days
A17: Days to stuff coffee | B17: 3 | E17: days
A18: Days to sail after stuffing | B18: 15 | E18: days | F18: 1
A19: Days to dispatch docs after sailing | B19: 5 | E19: days
A21: Packaging Type | B21: Bags per Container | E21: Unit
A22: Jute bags | B22: 320 | E22: bags
A23: Blowing | B23: 360 | E23: bags
A24: Big bags | B24: 333 | E24: bags
A33: Parameter | B33: Value | E33: Unit
A34: Bags per container – minimum | B34: 320 | E34: bags
A35: Bags per container – maximum | B35: 360 | E35: bags
A37: Sample Type | B37: PSS Required? (Yes / No)
A38: SAS | B38: Yes
A39: APS | B39: No
A40: No PSS Needed | B40: No
A41: No SAS | B41: No
A42: NANS | B42: Yes

Sheet KENYA
A1: Origin County | B1: Type (Arabica / Robusta) | C1: Subtype (Commercial / Micro-Lots) | D1: Contract Date | E1: Shipment Start Date | F1: Shipment End Date | G1: Sale Contract Ref | H1: Purchase Contract Ref | I1: Client Ref | J1: Buyer | K1: SI No. | L1: Bags | M1: Containers (Keyed In) | N1: Quality Description | O1: Quality Basket / Grade | P1: Quality Code | Q1: Certification | R1: Packaging Type | S1: Destination Port | T1: Destination Country | U1: Continent | V1: Differential | W1: USD Value of Shipment | X1: Sample Type | Y1: PSS Required (Yes / No) | Z1: PSS Dispatch Date | AA1: PSS Dispatch Info | AB1: PSS Approval Date | AC1: Sample Approval Status | AD1: Shipping Instructions Receipt Date | AE1: Bulk Ref | AF1: Bulk Instruction Date | AG1: Expected Shipment Period | AH1: Trade & QC Days Lost | AI1: Expected Stuffing Date | AJ1: Actual Stuffing Date | AK1: Operational Days Lost | AL1: C&F Agent | AM1: Shipping Line | AN1: Vessel | AO1: Gate In POL | AP1: ETD POL | AQ1: ETA POD | AR1: B/L No | AS1: Actual Sailing Date | AT1: Edox Ref No. | AU1: Shipping Advice Sent Date | AV1: Courier Tracking No | AW1: Docs Dispatch Date | AX1: Contract Status (Open / Cancelled / Closed) | AY1: Reason for Open Contracts Status | AZ1: Delay Category | BA1: Main Delay Root Cause | BB1: Department | BC1: Comments | BD1: In Transit & Port Dwell Days | BE1: Days Gain/Loss from Docs Dispatch | BF1: USD Loss/Gain from Docs | BG1: P&L Impact on Sample Approval | BH1: USD Saved/Lost on Processing | BI1: USD Saved/Lost on Shipping | BJ1: Days Late / Early | BK1: Cost
A2: Kenya | B2: Arabica | C2: Commercial | D2: 45420 | E2: 45672 | F2: 45688 | G2: 3786364 | H2: P38155 | J2: Serengeti | K2: 5146 | L2: 1280 | M2: 4 | N2: AB FAQ Scr 15+.SAS on replacement basis. | O2: ABC FAQ | P2: 10080 | R2: 60kg Jute Bags | S2: New Orleans | T2: USA | U2: North America | V2: 16 | W2: =IF($AX2="Cancelled","",IFERROR(((V2+INDEX(Variables!$B$6:$D$6,IFERROR(MATCH(IF($B2="Robusta","Robusta",(IF($B2="","Arabica",$B2))&" - "&(IF($C2="","Commercial",$C2))),Variables!$B$1:$D$1,0),1)))*22.0462)*(L2/16.67),"")) -> 519353.98 | X2: SAS | Y2: =IF($AX2="Cancelled","",IF(X2="","",IFERROR(IF(INDEX(Variables!$B$38:$B$47,MATCH(X2,Variables!$A$38:$A$47,0))="Yes","Yes","No"),"No"))) -> Yes | Z2: 45617 | AB2: 45623 | AC2: =IF($AX2="Cancelled","",IF(ISNUMBER(AB2),"Approved","")) -> Approved | AF2: 45680 | AG2: =IF($AX2="Cancelled","",IFERROR(IF(F2="","",F2-Variables!$B$13),"")) -> 45673 | AH2: =IF($AX2="Cancelled","",IFERROR(IF(AB2="","",(AVERAGE(E2:F2)-AB2)-Variables!$B$14),"")) -> 27 | AJ2: 45681 | AK2: =IF($AX2="Cancelled","",IFERROR(IF(AJ2="","",IF(AND(AB2="",AF2=""),"",IF(AF2>AB2,AF2+Variables!$B$15+Variables!$B$16+Variables!$B$17-AJ2,AB2+Variables!$B$16+Variables!$B$17-AJ2))),"")) -> 14 | AL2: Iceberg | AM2: Maersk FCL/FCL | AN2: Maersk Cape Town | AP2: 45688 | AR2: 249329922 | AS2: 45688 | AU2: 45691 | AV2: Email | AW2: 45693 | AX2: =IF(ISNUMBER(SEARCH("cancel",#REF!)),"Cancelled",IF(AND(AS2<>"",AU2<>"",AW2<>""),"Closed","Open")) -> Closed | AY2: =IF($AX2="Cancelled","",IF(AND(AS2<>"",AU2<>"",AW2<>""),"All dates received",_xlfn.TEXTJOIN(" and ",TRUE(),IF(AS2="","No sailing date",""),IF(AU2="","No shipping advice sent",""),IF(AW2="","No docs dispatch date","")))) -> All dates received | BD2: =IF($AX2="Cancelled","",IFERROR(IF(OR(AS2="",AJ2=""),"",(AJ2+Variables!$B$18-AS2)),"")) -> 8 | BE2: =IF($AX2="Cancelled","",IFERROR(IF(OR(AW2="",AS2=""),"",(AS2+Variables!$B$19)-AW2),"")) -> 0 | BF2: =IF($AX2="Cancelled","",IFERROR(W2*INDEX(Variables!$B$7:$D$7,IFERROR(MATCH(IF($B2="Robusta","Robusta",(IF($B2="","Arabica",$B2))&" - "&(IF($C2="","Commercial",$C2))),Variables!$B$1:$D$1,0),1))*(BE2/365),"")) -> 0 | BG2: =IF($AX2="Cancelled","",IFERROR((W2*INDEX(Variables!$B$7:$D$7,IFERROR(MATCH(IF($B2="Robusta","Robusta",(IF($B2="","Arabica",$B2))&" - "&(IF($C2="","Commercial",$C2))),Variables!$B$1:$D$1,0),1))*IFERROR(IF(AB2="","",(AVERAGE(E2:F2)-AB2)-Variables!$B$14),"")/365)+(L2/16.67*INDEX(Variables!$B$8:$D$8,IFERROR(MATCH(IF($B2="Robusta","Robusta",(IF($B2="","Arabica",$B2))&" - "&(IF($C2="","Commercial",$C2))),Variables!$B$1:$D$1,0),1))*IFERROR(IF(AB2="","",(AVERAGE(E2:F2)-AB2)-Variables!$B$14),""))+(W2*INDEX(Variables!$B$9:$D$9,IFERROR(MATCH(IF($B2="Robusta","Robusta",(IF($B2="","Arabica",$B2))&" - "&(IF($C2="","Commercial",$C2))),Variables!$B$1:$D$1,0),1))*IFERROR(IF(AB2="","",(AVERAGE(E2:F2)-AB2)-Variables!$B$14),"")/365),"")) -> 4237.2118 | BH2: =IF($AX2="Cancelled","",IFERROR((W2*INDEX(Variables!$B$7:$D$7,IFERROR(MATCH(IF($B2="Robusta","Robusta",(IF($B2="","Arabica",$B2))&" - "&(IF($C2="","Commercial",$C2))),Variables!$B$1:$D$1,0),1))*AK2/365)+(L2/16.67*INDEX(Variables!$B$8:$D$8,IFERROR(MATCH(IF($B2="Robusta","Robusta",(IF($B2="","Arabica",$B2))&" - "&(IF($C2="","Commercial",$C2))),Variables!$B$1:$D$1,0),1))*AK2)+(W2*INDEX(Variables!$B$9:$D$9,IFERROR(MATCH(IF($B2="Robusta","Robusta",(IF($B2="","Arabica",$B2))&" - "&(IF($C2="","Commercial",$C2))),Variables!$B$1:$D$1,0),1))*AK2/365),"")) -> 2197.0728 | BI2: =IF($AX2="Cancelled","",IFERROR((W2*INDEX(Variables!$B$7:$D$7,IFERROR(MATCH(IF($B2="Robusta","Robusta",(IF($B2="","Arabica",$B2))&" - "&(IF($C2="","Commercial",$C2))),Variables!$B$1:$D$1,0),1))*BD2/365)+(L2/16.67*INDEX(Variables!$B$8:$D$8,IFERROR(MATCH(IF($B2="Robusta","Robusta",(IF($B2="","Arabica",$B2))&" - "&(IF($C2="","Commercial",$C2))),Variables!$B$1:$D$1,0),1))*BD2)+(W2*INDEX(Variables!$B$9:$D$9,IFERROR(MATCH(IF($B2="Robusta","Robusta",(IF($B2="","Arabica",$B2))&" - "&(IF($C2="","Commercial",$C2))),Variables!$B$1:$D$1,0),1))*BD2/365),"")) -> 1255.4702 | BJ2: =IF($AX2="Cancelled","",IFERROR(IF(AS2="","",F2-AS2),"")) -> 0 | BK2: =IF($AX2="Cancelled","",IFERROR(IF(BJ2="","",(W2*INDEX(Variables!$B$7:$D$7,IFERROR(MATCH(IF($B2="Robusta","Robusta",(IF($B2="","Arabica",$B2))&" - "&(IF($C2="","Commercial",$C2))),Variables!$B$1:$D$1,0),1))*(BJ2/365))+(W2*INDEX(Variables!$B$9:$D$9,IFERROR(MATCH(IF($B2="Robusta","Robusta",(IF($B2="","Arabica",$B2))&" - "&(IF($C2="","Commercial",$C2))),Variables!$B$1:$D$1,0),1))*(BJ2/365))+(INDEX(Variables!$B$8:$D$8,IFERROR(MATCH(IF($B2="Robusta","Robusta",(IF($B2="","Arabica",$B2))&" - "&(IF($C2="","Commercial",$C2))),Variables!$B$1:$D$1,0),1))*L2/16.67)),"")) -> 64
A3: Kenya | B3: Arabica | C3: Commercial | D3: 45531 | E3: 45658 | F3: 45688 | G3: 3786486 | H3: 01-92282 | J3: BR | K3: 5139 | L3: 360 | M3: 1 | N3: JDE AB FAQ EUDR Aligned | O3: AB FAQ | P3: 10080 | Q3: EUDR | R3: Bulk Bag | S3: Fos Sur Mer | T3: France | U3: Europe | V3: 20 | W3: =IF($AX3="Cancelled","",IFERROR(((V3+INDEX(Variables!$B$6:$D$6,IFERROR(MATCH(IF($B3="Robusta","Robusta",(IF($B3="","Arabica",$B3))&" - "&(IF($C3="","Commercial",$C3))),Variables!$B$1:$D$1,0),1)))*22.0462)*(L3/16.67),"")) -> 147972.72 | X3: SAS | Y3: =IF($AX3="Cancelled","",IF(X3="","",IFERROR(IF(INDEX(Variables!$B$38:$B$47,MATCH(X3,Variables!$A$38:$A$47,0))="Yes","Yes","No"),"No"))) -> Yes | Z3: 45616 | AB3: 45628 | AC3: =IF($AX3="Cancelled","",IF(ISNUMBER(AB3),"Approved","")) -> Approved | AF3: 45666 | AG3: =IF($AX3="Cancelled","",IFERROR(IF(F3="","",F3-Variables!$B$13),"")) -> 45673 | AH3: =IF($AX3="Cancelled","",IFERROR(IF(AB3="","",(AVERAGE(E3:F3)-AB3)-Variables!$B$14),"")) -> 15 | AJ3: 45667 | AK3: =IF($AX3="Cancelled","",IFERROR(IF(AJ3="","",IF(AND(AB3="",AF3=""),"",IF(AF3>AB3,AF3+Variables!$B$15+Variables!$B$16+Variables!$B$17-AJ3,AB3+Variables!$B$16+Variables!$B$17-AJ3))),"")) -> 14 | AL3: Iceberg | AM3: Maersk FCL/FCL | AN3: Marathopolis | AP3: 45674 | AR3: 248898555 | AS3: 45674 | AU3: 45677 | AV3: Email | AW3: 45677 | AX3: =IF(ISNUMBER(SEARCH("cancel",#REF!)),"Cancelled",IF(AND(AS3<>"",AU3<>"",AW3<>""),"Closed","Open")) -> Closed | AY3: =IF($AX3="Cancelled","",IF(AND(AS3<>"",AU3<>"",AW3<>""),"All dates received",_xlfn.TEXTJOIN(" and ",TRUE(),IF(AS3="","No sailing date",""),IF(AU3="","No shipping advice sent",""),IF(AW3="","No docs dispatch date","")))) -> All dates received | BD3: =IF($AX3="Cancelled","",IFERROR(IF(OR(AS3="",AJ3=""),"",(AJ3+Variables!$B$18-AS3)),"")) -> 8 | BE3: =IF($AX3="Cancelled","",IFERROR(IF(OR(AW3="",AS3=""),"",(AS3+Variables!$B$19)-AW3),"")) -> 2 | BF3: =IF($AX3="Cancelled","",IFERROR(W3*INDEX(Variables!$B$7:$D$7,IFERROR(MATCH(IF($B3="Robusta","Robusta",(IF($B3="","Arabica",$B3))&" - "&(IF($C3="","Commercial",$C3))),Variables!$B$1:$D$1,0),1))*(BE3/365),"")) -> 52.282775 | BG3: =IF($AX3="Cancelled","",IFERROR((W3*INDEX(Variables!$B$7:$D$7,IFERROR(MATCH(IF($B3="Robusta","Robusta",(IF($B3="","Arabica",$B3))&" - "&(IF($C3="","Commercial",$C3))),Variables!$B$1:$D$1,0),1))*IFERROR(IF(AB3="","",(AVERAGE(E3:F3)-AB3)-Variables!$B$14),"")/365)+(L3/16.67*INDEX(Variables!$B$8:$D$8,IFERROR(MATCH(IF($B3="Robusta","Robusta",(IF($B3="","Arabica",$B3))&" - "&(IF($C3="","Commercial",$C3))),Variables!$B$1:$D$1,0),1))*IFERROR(IF(AB3="","",(AVERAGE(E3:F3)-AB3)-Variables!$B$14),""))+(W3*INDEX(Variables!$B$9:$D$9,IFERROR(MATCH(IF($B3="Robusta","Robusta",(IF($B3="","Arabica",$B3))&" - "&(IF($C3="","Commercial",$C3))),Variables!$B$1:$D$1,0),1))*IFERROR(IF(AB3="","",(AVERAGE(E3:F3)-AB3)-Variables!$B$14),"")/365),"")) -> 667.17601 | BH3: =IF($AX3="Cancelled","",IFERROR((W3*INDEX(Variables!$B$7:$D$7,IFERROR(MATCH(IF($B3="Robusta","Robusta",(IF($B3="","Arabica",$B3))&" - "&(IF($C3="","Commercial",$C3))),Variables!$B$1:$D$1,0),1))*AK3/365)+(L3/16.67*INDEX(Variables!$B$8:$D$8,IFERROR(MATCH(IF($B3="Robusta","Robusta",(IF($B3="","Arabica",$B3))&" - "&(IF($C3="","Commercial",$C3))),Variables!$B$1:$D$1,0),1))*AK3)+(W3*INDEX(Variables!$B$9:$D$9,IFERROR(MATCH(IF($B3="Robusta","Robusta",(IF($B3="","Arabica",$B3))&" - "&(IF($C3="","Commercial",$C3))),Variables!$B$1:$D$1,0),1))*AK3/365),"")) -> 622.69761 | BI3: =IF($AX3="Cancelled","",IFERROR((W3*INDEX(Variables!$B$7:$D$7,IFERROR(MATCH(IF($B3="Robusta","Robusta",(IF($B3="","Arabica",$B3))&" - "&(IF($C3="","Commercial",$C3))),Variables!$B$1:$D$1,0),1))*BD3/365)+(L3/16.67*INDEX(Variables!$B$8:$D$8,IFERROR(MATCH(IF($B3="Robusta","Robusta",(IF($B3="","Arabica",$B3))&" - "&(IF($C3="","Commercial",$C3))),Variables!$B$1:$D$1,0),1))*BD3)+(W3*INDEX(Variables!$B$9:$D$9,IFERROR(MATCH(IF($B3="Robusta","Robusta",(IF($B3="","Arabica",$B3))&" - "&(IF($C3="","Commercial",$C3))),Variables!$B$1:$D$1,0),1))*BD3/365),"")) -> 355.8272 | BJ3: =IF($AX3="Cancelled","",IFERROR(IF(AS3="","",F3-AS3),"")) -> 14 | BK3: =IF($AX3="Cancelled","",IFERROR(IF(BJ3="","",(W3*INDEX(Variables!$B$7:$D$7,IFERROR(MATCH(IF($B3="Robusta","Robusta",(IF($B3="","Arabica",$B3))&" - "&(IF($C3="","Commercial",$C3))),Variables!$B$1:$D$1,0),1))*(BJ3/365))+(W3*INDEX(Variables!$B$9:$D$9,IFERROR(MATCH(IF($B3="Robusta","Robusta",(IF($B3="","Arabica",$B3))&" - "&(IF($C3="","Commercial",$C3))),Variables!$B$1:$D$1,0),1))*(BJ3/365))+(INDEX(Variables!$B$8:$D$8,IFERROR(MATCH(IF($B3="Robusta","Robusta",(IF($B3="","Arabica",$B3))&" - "&(IF($C3="","Commercial",$C3))),Variables!$B$1:$D$1,0),1))*L3/16.67)),"")) -> 388.69761
A4: Kenya | B4: Arabica | C4: Commercial | D4: 45531 | E4: 45717 | F4: 45747 | G4: 3786487 | H4: 01-92283 | J4: BR | K4: 5183 | L4: 360 | M4: 1 | N4: JDE AB FAQ EUDR Aligned | O4: AB FAQ | P4: 10080 | Q4: EUDR | R4: Bulk Bag | S4: Fos Sur Mer | T4: France | U4: Europe | V4: 20 | W4: =IF($AX4="Cancelled","",IFERROR(((V4+INDEX(Variables!$B$6:$D$6,IFERROR(MATCH(IF($B4="Robusta","Robusta",(IF($B4="","Arabica",$B4))&" - "&(IF($C4="","Commercial",$C4))),Variables!$B$1:$D$1,0),1)))*22.0462)*(L4/16.67),"")) -> 147972.72 | X4: SAS | Y4: =IF($AX4="Cancelled","",IF(X4="","",IFERROR(IF(INDEX(Variables!$B$38:$B$47,MATCH(X4,Variables!$A$38:$A$47,0))="Yes","Yes","No"),"No"))) -> Yes | Z4: 45677 | AB4: 45692 | AC4: =IF($AX4="Cancelled","",IF(ISNUMBER(AB4),"Approved","")) -> Approved | AF4: 45716 | AG4: =IF($AX4="Cancelled","",IFERROR(IF(F4="","",F4-Variables!$B$13),"")) -> 45732 | AH4: =IF($AX4="Cancelled","",IFERROR(IF(AB4="","",(AVERAGE(E4:F4)-AB4)-Variables!$B$14),"")) -> 10 | AJ4: 45717 | AK4: =IF($AX4="Cancelled","",IFERROR(IF(AJ4="","",IF(AND(AB4="",AF4=""),"",IF(AF4>AB4,AF4+Variables!$B$15+Variables!$B$16+Variables!$B$17-AJ4,AB4+Variables!$B$16+Variables!$B$17-AJ4))),"")) -> 14 | AL4: Iceberg | AM4: Maersk FCL/FCL | AN4: Marathopolis | AP4: 45730 | AR4: 250667662 | AS4: 45730 | AU4: 45734 | AV4: Email | AW4: 45734 | AX4: =IF(ISNUMBER(SEARCH("cancel",#REF!)),"Cancelled",IF(AND(AS4<>"",AU4<>"",AW4<>""),"Closed","Open")) -> Closed | AY4: =IF($AX4="Cancelled","",IF(AND(AS4<>"",AU4<>"",AW4<>""),"All dates received",_xlfn.TEXTJOIN(" and ",TRUE(),IF(AS4="","No sailing date",""),IF(AU4="","No shipping advice sent",""),IF(AW4="","No docs dispatch date","")))) -> All dates received | BD4: =IF($AX4="Cancelled","",IFERROR(IF(OR(AS4="",AJ4=""),"",(AJ4+Variables!$B$18-AS4)),"")) -> 2 | BE4: =IF($AX4="Cancelled","",IFERROR(IF(OR(AW4="",AS4=""),"",(AS4+Variables!$B$19)-AW4),"")) -> 1 | BF4: =IF($AX4="Cancelled","",IFERROR(W4*INDEX(Variables!$B$7:$D$7,IFERROR(MATCH(IF($B4="Robusta","Robusta",(IF($B4="","Arabica",$B4))&" - "&(IF($C4="","Commercial",$C4))),Variables!$B$1:$D$1,0),1))*(BE4/365),"")) -> 26.141388 | BG4: =IF($AX4="Cancelled","",IFERROR((W4*INDEX(Variables!$B$7:$D$7,IFERROR(MATCH(IF($B4="Robusta","Robusta",(IF($B4="","Arabica",$B4))&" - "&(IF($C4="","Commercial",$C4))),Variables!$B$1:$D$1,0),1))*IFERROR(IF(AB4="","",(AVERAGE(E4:F4)-AB4)-Variables!$B$14),"")/365)+(L4/16.67*INDEX(Variables!$B$8:$D$8,IFERROR(MATCH(IF($B4="Robusta","Robusta",(IF($B4="","Arabica",$B4))&" - "&(IF($C4="","Commercial",$C4))),Variables!$B$1:$D$1,0),1))*IFERROR(IF(AB4="","",(AVERAGE(E4:F4)-AB4)-Variables!$B$14),""))+(W4*INDEX(Variables!$B$9:$D$9,IFERROR(MATCH(IF($B4="Robusta","Robusta",(IF($B4="","Arabica",$B4))&" - "&(IF($C4="","Commercial",$C4))),Variables!$B$1:$D$1,0),1))*IFERROR(IF(AB4="","",(AVERAGE(E4:F4)-AB4)-Variables!$B$14),"")/365),"")) -> 444.784 | BH4: =IF($AX4="Cancelled","",IFERROR((W4*INDEX(Variables!$B$7:$D$7,IFERROR(MATCH(IF($B4="Robusta","Robusta",(IF($B4="","Arabica",$B4))&" - "&(IF($C4="","Commercial",$C4))),Variables!$B$1:$D$1,0),1))*AK4/365)+(L4/16.67*INDEX(Variables!$B$8:$D$8,IFERROR(MATCH(IF($B4="Robusta","Robusta",(IF($B4="","Arabica",$B4))&" - "&(IF($C4="","Commercial",$C4))),Variables!$B$1:$D$1,0),1))*AK4)+(W4*INDEX(Variables!$B$9:$D$9,IFERROR(MATCH(IF($B4="Robusta","Robusta",(IF($B4="","Arabica",$B4))&" - "&(IF($C4="","Commercial",$C4))),Variables!$B$1:$D$1,0),1))*AK4/365),"")) -> 622.69761 | BI4: =IF($AX4="Cancelled","",IFERROR((W4*INDEX(Variables!$B$7:$D$7,IFERROR(MATCH(IF($B4="Robusta","Robusta",(IF($B4="","Arabica",$B4))&" - "&(IF($C4="","Commercial",$C4))),Variables!$B$1:$D$1,0),1))*BD4/365)+(L4/16.67*INDEX(Variables!$B$8:$D$8,IFERROR(MATCH(IF($B4="Robusta","Robusta",(IF($B4="","Arabica",$B4))&" - "&(IF($C4="","Commercial",$C4))),Variables!$B$1:$D$1,0),1))*BD4)+(W4*INDEX(Variables!$B$9:$D$9,IFERROR(MATCH(IF($B4="Robusta","Robusta",(IF($B4="","Arabica",$B4))&" - "&(IF($C4="","Commercial",$C4))),Variables!$B$1:$D$1,0),1))*BD4/365),"")) -> 88.956801 | BJ4: =IF($AX4="Cancelled","",IFERROR(IF(AS4="","",F4-AS4),"")) -> 17 | BK4: =IF($AX4="Cancelled","",IFERROR(IF(BJ4="","",(W4*INDEX(Variables!$B$7:$D$7,IFERROR(MATCH(IF($B4="Robusta","Robusta",(IF($B4="","Arabica",$B4))&" - "&(IF($C4="","Commercial",$C4))),Variables!$B$1:$D$1,0),1))*(BJ4/365))+(W4*INDEX(Variables!$B$9:$D$9,IFERROR(MATCH(IF($B4="Robusta","Robusta",(IF($B4="","Arabica",$B4))&" - "&(IF($C4="","Commercial",$C4))),Variables!$B$1:$D$1,0),1))*(BJ4/365))+(INDEX(Variables!$B$8:$D$8,IFERROR(MATCH(IF($B4="Robusta","Robusta",(IF($B4="","Arabica",$B4))&" - "&(IF($C4="","Commercial",$C4))),Variables!$B$1:$D$1,0),1))*L4/16.67)),"")) -> 468.13281
A5: Kenya | B5: Arabica | C5: Commercial | D5: 45531 | E5: 45658 | F5: 45688 | G5: 3786489 | H5: 01-92285 | J5: BR | K5: 5140A | L5: 1080 | M5: 3 | N5: JDE Grinders EUDR Aligned | O5: Grinder plus | P5: 10120 | Q5: EUDR | R5: Bulk Bag | S5: Gavle | T5: Sweden | U5: Europe | V5: -26 | W5: =IF($AX5="Cancelled","",IFERROR(((V5+INDEX(Variables!$B$6:$D$6,IFERROR(MATCH(IF($B5="Robusta","Robusta",(IF($B5="","Arabica",$B5))&" - "&(IF($C5="","Commercial",$C5))),Variables!$B$1:$D$1,0),1)))*22.0462)*(L5/16.67),"")) -> 378215.98 | X5: SAS | Y5: =IF($AX5="Cancelled","",IF(X5="","",IFERROR(IF(INDEX(Variables!$B$38:$B$47,MATCH(X5,Variables!$A$38:$A$47,0))="Yes","Yes","No"),"No"))) -> Yes | Z5: 45667 | AB5: 45673 | AC5: =IF($AX5="Cancelled","",IF(ISNUMBER(AB5),"Approved","")) -> Approved | AF5: 45674 | AG5: =IF($AX5="Cancelled","",IFERROR(IF(F5="","",F5-Variables!$B$13),"")) -> 45673 | AH5: =IF($AX5="Cancelled","",IFERROR(IF(AB5="","",(AVERAGE(E5:F5)-AB5)-Variables!$B$14),"")) -> -30 | AJ5: 45675 | AK5: =IF($AX5="Cancelled","",IFERROR(IF(AJ5="","",IF(AND(AB5="",AF5=""),"",IF(AF5>AB5,AF5+Variables!$B$15+Variables!$B$16+Variables!$B$17-AJ5,AB5+Variables!$B$16+Variables!$B$17-AJ5))),"")) -> 14 | AL5: Iceberg | AM5: CMA-CGM FCL/FCL | AN5: CMA-CGM Gulf Express | AP5: 45688 | AR5: MOB0148600 | AS5: 45688 | AU5: 45692 | AV5: Email | AW5: 45695 | AX5: =IF(ISNUMBER(SEARCH("cancel",#REF!)),"Cancelled",IF(AND(AS5<>"",AU5<>"",AW5<>""),"Closed","Open")) -> Closed | AY5: =IF($AX5="Cancelled","",IF(AND(AS5<>"",AU5<>"",AW5<>""),"All dates received",_xlfn.TEXTJOIN(" and ",TRUE(),IF(AS5="","No sailing date",""),IF(AU5="","No shipping advice sent",""),IF(AW5="","No docs dispatch date","")))) -> All dates received | BD5: =IF($AX5="Cancelled","",IFERROR(IF(OR(AS5="",AJ5=""),"",(AJ5+Variables!$B$18-AS5)),"")) -> 2 | BE5: =IF($AX5="Cancelled","",IFERROR(IF(OR(AW5="",AS5=""),"",(AS5+Variables!$B$19)-AW5),"")) -> -2 | BF5: =IF($AX5="Cancelled","",IFERROR(W5*INDEX(Variables!$B$7:$D$7,IFERROR(MATCH(IF($B5="Robusta","Robusta",(IF($B5="","Arabica",$B5))&" - "&(IF($C5="","Commercial",$C5))),Variables!$B$1:$D$1,0),1))*(BE5/365),"")) -> -133.63397 | BG5: =IF($AX5="Cancelled","",IFERROR((W5*INDEX(Variables!$B$7:$D$7,IFERROR(MATCH(IF($B5="Robusta","Robusta",(IF($B5="","Arabica",$B5))&" - "&(IF($C5="","Commercial",$C5))),Variables!$B$1:$D$1,0),1))*IFERROR(IF(AB5="","",(AVERAGE(E5:F5)-AB5)-Variables!$B$14),"")/365)+(L5/16.67*INDEX(Variables!$B$8:$D$8,IFERROR(MATCH(IF($B5="Robusta","Robusta",(IF($B5="","Arabica",$B5))&" - "&(IF($C5="","Commercial",$C5))),Variables!$B$1:$D$1,0),1))*IFERROR(IF(AB5="","",(AVERAGE(E5:F5)-AB5)-Variables!$B$14),""))+(W5*INDEX(Variables!$B$9:$D$9,IFERROR(MATCH(IF($B5="Robusta","Robusta",(IF($B5="","Arabica",$B5))&" - "&(IF($C5="","Commercial",$C5))),Variables!$B$1:$D$1,0),1))*IFERROR(IF(AB5="","",(AVERAGE(E5:F5)-AB5)-Variables!$B$14),"")/365),"")) -> -3650.3515 | BH5: =IF($AX5="Cancelled","",IFERROR((W5*INDEX(Variables!$B$7:$D$7,IFERROR(MATCH(IF($B5="Robusta","Robusta",(IF($B5="","Arabica",$B5))&" - "&(IF($C5="","Commercial",$C5))),Variables!$B$1:$D$1,0),1))*AK5/365)+(L5/16.67*INDEX(Variables!$B$8:$D$8,IFERROR(MATCH(IF($B5="Robusta","Robusta",(IF($B5="","Arabica",$B5))&" - "&(IF($C5="","Commercial",$C5))),Variables!$B$1:$D$1,0),1))*AK5)+(W5*INDEX(Variables!$B$9:$D$9,IFERROR(MATCH(IF($B5="Robusta","Robusta",(IF($B5="","Arabica",$B5))&" - "&(IF($C5="","Commercial",$C5))),Variables!$B$1:$D$1,0),1))*AK5/365),"")) -> 1703.4974 | BI5: =IF($AX5="Cancelled","",IFERROR((W5*INDEX(Variables!$B$7:$D$7,IFERROR(MATCH(IF($B5="Robusta","Robusta",(IF($B5="","Arabica",$B5))&" - "&(IF($C5="","Commercial",$C5))),Variables!$B$1:$D$1,0),1))*BD5/365)+(L5/16.67*INDEX(Variables!$B$8:$D$8,IFERROR(MATCH(IF($B5="Robusta","Robusta",(IF($B5="","Arabica",$B5))&" - "&(IF($C5="","Commercial",$C5))),Variables!$B$1:$D$1,0),1))*BD5)+(W5*INDEX(Variables!$B$9:$D$9,IFERROR(MATCH(IF($B5="Robusta","Robusta",(IF($B5="","Arabica",$B5))&" - "&(IF($C5="","Commercial",$C5))),Variables!$B$1:$D$1,0),1))*BD5/365),"")) -> 243.35677 | BJ5: =IF($AX5="Cancelled","",IFERROR(IF(AS5="","",F5-AS5),"")) -> 0 | BK5: =IF($AX5="Cancelled","",IFERROR(IF(BJ5="","",(W5*INDEX(Variables!$B$7:$D$7,IFERROR(MATCH(IF($B5="Robusta","Robusta",(IF($B5="","Arabica",$B5))&" - "&(IF($C5="","Commercial",$C5))),Variables!$B$1:$D$1,0),1))*(BJ5/365))+(W5*INDEX(Variables!$B$9:$D$9,IFERROR(MATCH(IF($B5="Robusta","Robusta",(IF($B5="","Arabica",$B5))&" - "&(IF($C5="","Commercial",$C5))),Variables!$B$1:$D$1,0),1))*(BJ5/365))+(INDEX(Variables!$B$8:$D$8,IFERROR(MATCH(IF($B5="Robusta","Robusta",(IF($B5="","Arabica",$B5))&" - "&(IF($C5="","Commercial",$C5))),Variables!$B$1:$D$1,0),1))*L5/16.67)),"")) -> 54
A6: Kenya | B6: Arabica | C6: Commercial | D6: 45531 | E6: 45658 | F6: 45688 | G6: 3786489 | H6: 01-92285 | J6: BR | K6: 5140B | L6: 360 | M6: 1 | N6: JDE Grinders EUDR Aligned | O6: Grinder plus | P6: 10120 | Q6: EUDR | R6: Bulk Bag | S6: Rotterdam | T6: Netherlands | U6: Europe | V6: -26 | W6: =IF($AX6="Cancelled","",IFERROR(((V6+INDEX(Variables!$B$6:$D$6,IFERROR(MATCH(IF($B6="Robusta","Robusta",(IF($B6="","Arabica",$B6))&" - "&(IF($C6="","Commercial",$C6))),Variables!$B$1:$D$1,0),1)))*22.0462)*(L6/16.67),"")) -> 126071.99 | X6: SAS | Y6: =IF($AX6="Cancelled","",IF(X6="","",IFERROR(IF(INDEX(Variables!$B$38:$B$47,MATCH(X6,Variables!$A$38:$A$47,0))="Yes","Yes","No"),"No"))) -> Yes | Z6: 45667 | AB6: 45673 | AC6: =IF($AX6="Cancelled","",IF(ISNUMBER(AB6),"Approved","")) -> Approved | AF6: 45674 | AG6: =IF($AX6="Cancelled","",IFERROR(IF(F6="","",F6-Variables!$B$13),"")) -> 45673 | AH6: =IF($AX6="Cancelled","",IFERROR(IF(AB6="","",(AVERAGE(E6:F6)-AB6)-Variables!$B$14),"")) -> -30 | AJ6: 45675 | AK6: =IF($AX6="Cancelled","",IFERROR(IF(AJ6="","",IF(AND(AB6="",AF6=""),"",IF(AF6>AB6,AF6+Variables!$B$15+Variables!$B$16+Variables!$B$17-AJ6,AB6+Variables!$B$16+Variables!$B$17-AJ6))),"")) -> 14 | AL6: Iceberg | AM6: CMA-CGM FCL/FCL | AN6: CMA-CGM Gulf Express | AP6: 45688 | AR6: MOB0148600 | AS6: 45688 | AU6: 45692 | AV6: Email | AW6: 45695 | AX6: =IF(ISNUMBER(SEARCH("cancel",#REF!)),"Cancelled",IF(AND(AS6<>"",AU6<>"",AW6<>""),"Closed","Open")) -> Closed | AY6: =IF($AX6="Cancelled","",IF(AND(AS6<>"",AU6<>"",AW6<>""),"All dates received",_xlfn.TEXTJOIN(" and ",TRUE(),IF(AS6="","No sailing date",""),IF(AU6="","No shipping advice sent",""),IF(AW6="","No docs dispatch date","")))) -> All dates received | BD6: =IF($AX6="Cancelled","",IFERROR(IF(OR(AS6="",AJ6=""),"",(AJ6+Variables!$B$18-AS6)),"")) -> 2 | BE6: =IF($AX6="Cancelled","",IFERROR(IF(OR(AW6="",AS6=""),"",(AS6+Variables!$B$19)-AW6),"")) -> -2 | BF6: =IF($AX6="Cancelled","",IFERROR(W6*INDEX(Variables!$B$7:$D$7,IFERROR(MATCH(IF($B6="Robusta","Robusta",(IF($B6="","Arabica",$B6))&" - "&(IF($C6="","Commercial",$C6))),Variables!$B$1:$D$1,0),1))*(BE6/365),"")) -> -44.544655 | BG6: =IF($AX6="Cancelled","",IFERROR((W6*INDEX(Variables!$B$7:$D$7,IFERROR(MATCH(IF($B6="Robusta","Robusta",(IF($B6="","Arabica",$B6))&" - "&(IF($C6="","Commercial",$C6))),Variables!$B$1:$D$1,0),1))*IFERROR(IF(AB6="","",(AVERAGE(E6:F6)-AB6)-Variables!$B$14),"")/365)+(L6/16.67*INDEX(Variables!$B$8:$D$8,IFERROR(MATCH(IF($B6="Robusta","Robusta",(IF($B6="","Arabica",$B6))&" - "&(IF($C6="","Commercial",$C6))),Variables!$B$1:$D$1,0),1))*IFERROR(IF(AB6="","",(AVERAGE(E6:F6)-AB6)-Variables!$B$14),""))+(W6*INDEX(Variables!$B$9:$D$9,IFERROR(MATCH(IF($B6="Robusta","Robusta",(IF($B6="","Arabica",$B6))&" - "&(IF($C6="","Commercial",$C6))),Variables!$B$1:$D$1,0),1))*IFERROR(IF(AB6="","",(AVERAGE(E6:F6)-AB6)-Variables!$B$14),"")/365),"")) -> -1216.7838 | BH6: =IF($AX6="Cancelled","",IFERROR((W6*INDEX(Variables!$B$7:$D$7,IFERROR(MATCH(IF($B6="Robusta","Robusta",(IF($B6="","Arabica",$B6))&" - "&(IF($C6="","Commercial",$C6))),Variables!$B$1:$D$1,0),1))*AK6/365)+(L6/16.67*INDEX(Variables!$B$8:$D$8,IFERROR(MATCH(IF($B6="Robusta","Robusta",(IF($B6="","Arabica",$B6))&" - "&(IF($C6="","Commercial",$C6))),Variables!$B$1:$D$1,0),1))*AK6)+(W6*INDEX(Variables!$B$9:$D$9,IFERROR(MATCH(IF($B6="Robusta","Robusta",(IF($B6="","Arabica",$B6))&" - "&(IF($C6="","Commercial",$C6))),Variables!$B$1:$D$1,0),1))*AK6/365),"")) -> 567.83245 | BI6: =IF($AX6="Cancelled","",IFERROR((W6*INDEX(Variables!$B$7:$D$7,IFERROR(MATCH(IF($B6="Robusta","Robusta",(IF($B6="","Arabica",$B6))&" - "&(IF($C6="","Commercial",$C6))),Variables!$B$1:$D$1,0),1))*BD6/365)+(L6/16.67*INDEX(Variables!$B$8:$D$8,IFERROR(MATCH(IF($B6="Robusta","Robusta",(IF($B6="","Arabica",$B6))&" - "&(IF($C6="","Commercial",$C6))),Variables!$B$1:$D$1,0),1))*BD6)+(W6*INDEX(Variables!$B$9:$D$9,IFERROR(MATCH(IF($B6="Robusta","Robusta",(IF($B6="","Arabica",$B6))&" - "&(IF($C6="","Commercial",$C6))),Variables!$B$1:$D$1,0),1))*BD6/365),"")) -> 81.118922 | BJ6: =IF($AX6="Cancelled","",IFERROR(IF(AS6="","",F6-AS6),"")) -> 0 | BK6: =IF($AX6="Cancelled","",IFERROR(IF(BJ6="","",(W6*INDEX(Variables!$B$7:$D$7,IFERROR(MATCH(IF($B6="Robusta","Robusta",(IF($B6="","Arabica",$B6))&" - "&(IF($C6="","Commercial",$C6))),Variables!$B$1:$D$1,0),1))*(BJ6/365))+(W6*INDEX(Variables!$B$9:$D$9,IFERROR(MATCH(IF($B6="Robusta","Robusta",(IF($B6="","Arabica",$B6))&" - "&(IF($C6="","Commercial",$C6))),Variables!$B$1:$D$1,0),1))*(BJ6/365))+(INDEX(Variables!$B$8:$D$8,IFERROR(MATCH(IF($B6="Robusta","Robusta",(IF($B6="","Arabica",$B6))&" - "&(IF($C6="","Commercial",$C6))),Variables!$B$1:$D$1,0),1))*L6/16.67)),"")) -> 18
A7: Kenya | B7: Arabica | C7: Commercial | D7: 45531 | E7: 45689 | F7: 45716 | G7: 3786490 | H7: 01-92286 | J7: BR | K7: 5158 | L7: 1440 | M7: 4 | N7: JDE Grinders EUDR Aligned | O7: Grinder plus | P7: 10120 | Q7: EUDR | R7: Bulk Bag | S7: Rotterdam | T7: Netherlands | U7: Europe | V7: -26 | W7: =IF($AX7="Cancelled","",IFERROR(((V7+INDEX(Variables!$B$6:$D$6,IFERROR(MATCH(IF($B7="Robusta","Robusta",(IF($B7="","Arabica",$B7))&" - "&(IF($C7="","Commercial",$C7))),Variables!$B$1:$D$1,0),1)))*22.0462)*(L7/16.67),"")) -> 504287.98 | X7: SAS | Y7: =IF($AX7="Cancelled","",IF(X7="","",IFERROR(IF(INDEX(Variables!$B$38:$B$47,MATCH(X7,Variables!$A$38:$A$47,0))="Yes","Yes","No"),"No"))) -> Yes | Z7: 45667 | AB7: 45673 | AC7: =IF($AX7="Cancelled","",IF(ISNUMBER(AB7),"Approved","")) -> Approved | AF7: 45688 | AG7: =IF($AX7="Cancelled","",IFERROR(IF(F7="","",F7-Variables!$B$13),"")) -> 45701 | AH7: =IF($AX7="Cancelled","",IFERROR(IF(AB7="","",(AVERAGE(E7:F7)-AB7)-Variables!$B$14),"")) -> -0.5 | AJ7: 45691 | AK7: =IF($AX7="Cancelled","",IFERROR(IF(AJ7="","",IF(AND(AB7="",AF7=""),"",IF(AF7>AB7,AF7+Variables!$B$15+Variables!$B$16+Variables!$B$17-AJ7,AB7+Variables!$B$16+Variables!$B$17-AJ7))),"")) -> 12 | AL7: Iceberg | AM7: WEC FCL/FCL | AN7: MSC Love V | AP7: 45708 | AR7: WECC2588RTM1041 | AS7: 45708 | AU7: 45714 | AV7: Email | AW7: 45714 | AX7: =IF(ISNUMBER(SEARCH("cancel",#REF!)),"Cancelled",IF(AND(AS7<>"",AU7<>"",AW7<>""),"Closed","Open")) -> Closed | AY7: =IF($AX7="Cancelled","",IF(AND(AS7<>"",AU7<>"",AW7<>""),"All dates received",_xlfn.TEXTJOIN(" and ",TRUE(),IF(AS7="","No sailing date",""),IF(AU7="","No shipping advice sent",""),IF(AW7="","No docs dispatch date","")))) -> All dates received | BD7: =IF($AX7="Cancelled","",IFERROR(IF(OR(AS7="",AJ7=""),"",(AJ7+Variables!$B$18-AS7)),"")) -> -2 | BE7: =IF($AX7="Cancelled","",IFERROR(IF(OR(AW7="",AS7=""),"",(AS7+Variables!$B$19)-AW7),"")) -> -1 | BF7: =IF($AX7="Cancelled","",IFERROR(W7*INDEX(Variables!$B$7:$D$7,IFERROR(MATCH(IF($B7="Robusta","Robusta",(IF($B7="","Arabica",$B7))&" - "&(IF($C7="","Commercial",$C7))),Variables!$B$1:$D$1,0),1))*(BE7/365),"")) -> -89.089311 | BG7: =IF($AX7="Cancelled","",IFERROR((W7*INDEX(Variables!$B$7:$D$7,IFERROR(MATCH(IF($B7="Robusta","Robusta",(IF($B7="","Arabica",$B7))&" - "&(IF($C7="","Commercial",$C7))),Variables!$B$1:$D$1,0),1))*IFERROR(IF(AB7="","",(AVERAGE(E7:F7)-AB7)-Variables!$B$14),"")/365)+(L7/16.67*INDEX(Variables!$B$8:$D$8,IFERROR(MATCH(IF($B7="Robusta","Robusta",(IF($B7="","Arabica",$B7))&" - "&(IF($C7="","Commercial",$C7))),Variables!$B$1:$D$1,0),1))*IFERROR(IF(AB7="","",(AVERAGE(E7:F7)-AB7)-Variables!$B$14),""))+(W7*INDEX(Variables!$B$9:$D$9,IFERROR(MATCH(IF($B7="Robusta","Robusta",(IF($B7="","Arabica",$B7))&" - "&(IF($C7="","Commercial",$C7))),Variables!$B$1:$D$1,0),1))*IFERROR(IF(AB7="","",(AVERAGE(E7:F7)-AB7)-Variables!$B$14),"")/365),"")) -> -81.118922 | BH7: =IF($AX7="Cancelled","",IFERROR((W7*INDEX(Variables!$B$7:$D$7,IFERROR(MATCH(IF($B7="Robusta","Robusta",(IF($B7="","Arabica",$B7))&" - "&(IF($C7="","Commercial",$C7))),Variables!$B$1:$D$1,0),1))*AK7/365)+(L7/16.67*INDEX(Variables!$B$8:$D$8,IFERROR(MATCH(IF($B7="Robusta","Robusta",(IF($B7="","Arabica",$B7))&" - "&(IF($C7="","Commercial",$C7))),Variables!$B$1:$D$1,0),1))*AK7)+(W7*INDEX(Variables!$B$9:$D$9,IFERROR(MATCH(IF($B7="Robusta","Robusta",(IF($B7="","Arabica",$B7))&" - "&(IF($C7="","Commercial",$C7))),Variables!$B$1:$D$1,0),1))*AK7/365),"")) -> 1946.8541 | BI7: =IF($AX7="Cancelled","",IFERROR((W7*INDEX(Variables!$B$7:$D$7,IFERROR(MATCH(IF($B7="Robusta","Robusta",(IF($B7="","Arabica",$B7))&" - "&(IF($C7="","Commercial",$C7))),Variables!$B$1:$D$1,0),1))*BD7/365)+(L7/16.67*INDEX(Variables!$B$8:$D$8,IFERROR(MATCH(IF($B7="Robusta","Robusta",(IF($B7="","Arabica",$B7))&" - "&(IF($C7="","Commercial",$C7))),Variables!$B$1:$D$1,0),1))*BD7)+(W7*INDEX(Variables!$B$9:$D$9,IFERROR(MATCH(IF($B7="Robusta","Robusta",(IF($B7="","Arabica",$B7))&" - "&(IF($C7="","Commercial",$C7))),Variables!$B$1:$D$1,0),1))*BD7/365),"")) -> -324.47569 | BJ7: =IF($AX7="Cancelled","",IFERROR(IF(AS7="","",F7-AS7),"")) -> 8 | BK7: =IF($AX7="Cancelled","",IFERROR(IF(BJ7="","",(W7*INDEX(Variables!$B$7:$D$7,IFERROR(MATCH(IF($B7="Robusta","Robusta",(IF($B7="","Arabica",$B7))&" - "&(IF($C7="","Commercial",$C7))),Variables!$B$1:$D$1,0),1))*(BJ7/365))+(W7*INDEX(Variables!$B$9:$D$9,IFERROR(MATCH(IF($B7="Robusta","Robusta",(IF($B7="","Arabica",$B7))&" - "&(IF($C7="","Commercial",$C7))),Variables!$B$1:$D$1,0),1))*(BJ7/365))+(INDEX(Variables!$B$8:$D$8,IFERROR(MATCH(IF($B7="Robusta","Robusta",(IF($B7="","Arabica",$B7))&" - "&(IF($C7="","Commercial",$C7))),Variables!$B$1:$D$1,0),1))*L7/16.67)),"")) -> 793.90275
A8: Kenya | B8: Arabica | C8: Commercial | D8: 45531 | E8: 45717 | F8: 45747 | G8: 3786491 | H8: 01-92287 | J8: BR | K8: 5195A | L8: 360 | M8: 1 | N8: JDE Grinders EUDR Aligned | O8: Grinder plus | P8: 10120 | Q8: EUDR | R8: Bulk Bag | S8: Fos Sur Mer | T8: France | U8: Europe | V8: -26 | W8: =IF($AX8="Cancelled","",IFERROR(((V8+INDEX(Variables!$B$6:$D$6,IFERROR(MATCH(IF($B8="Robusta","Robusta",(IF($B8="","Arabica",$B8))&" - "&(IF($C8="","Commercial",$C8))),Variables!$B$1:$D$1,0),1)))*22.0462)*(L8/16.67),"")) -> 126071.99 | X8: SAS | Y8: =IF($AX8="Cancelled","",IF(X8="","",IFERROR(IF(INDEX(Variables!$B$38:$B$47,MATCH(X8,Variables!$A$38:$A$47,0))="Yes","Yes","No"),"No"))) -> Yes | Z8: 45698 | AB8: 45714 | AC8: =IF($AX8="Cancelled","",IF(ISNUMBER(AB8),"Approved","")) -> Approved | AF8: 45721 | AG8: =IF($AX8="Cancelled","",IFERROR(IF(F8="","",F8-Variables!$B$13),"")) -> 45732 | AH8: =IF($AX8="Cancelled","",IFERROR(IF(AB8="","",(AVERAGE(E8:F8)-AB8)-Variables!$B$14),"")) -> -12 | AJ8: 45721 | AK8: =IF($AX8="Cancelled","",IFERROR(IF(AJ8="","",IF(AND(AB8="",AF8=""),"",IF(AF8>AB8,AF8+Variables!$B$15+Variables!$B$16+Variables!$B$17-AJ8,AB8+Variables!$B$16+Variables!$B$17-AJ8))),"")) -> 15 | AL8: Iceberg | AM8: WEC FCL/FCL | AN8: MSC Nuria | AP8: 45732 | AR8: WECC2588FOS1022 | AS8: 45732 | AU8: 45734 | AV8: Email | AW8: 45735 | AX8: =IF(ISNUMBER(SEARCH("cancel",#REF!)),"Cancelled",IF(AND(AS8<>"",AU8<>"",AW8<>""),"Closed","Open")) -> Closed | AY8: =IF($AX8="Cancelled","",IF(AND(AS8<>"",AU8<>"",AW8<>""),"All dates received",_xlfn.TEXTJOIN(" and ",TRUE(),IF(AS8="","No sailing date",""),IF(AU8="","No shipping advice sent",""),IF(AW8="","No docs dispatch date","")))) -> All dates received | BD8: =IF($AX8="Cancelled","",IFERROR(IF(OR(AS8="",AJ8=""),"",(AJ8+Variables!$B$18-AS8)),"")) -> 4 | BE8: =IF($AX8="Cancelled","",IFERROR(IF(OR(AW8="",AS8=""),"",(AS8+Variables!$B$19)-AW8),"")) -> 2 | BF8: =IF($AX8="Cancelled","",IFERROR(W8*INDEX(Variables!$B$7:$D$7,IFERROR(MATCH(IF($B8="Robusta","Robusta",(IF($B8="","Arabica",$B8))&" - "&(IF($C8="","Commercial",$C8))),Variables!$B$1:$D$1,0),1))*(BE8/365),"")) -> 44.544655 | BG8: =IF($AX8="Cancelled","",IFERROR((W8*INDEX(Variables!$B$7:$D$7,IFERROR(MATCH(IF($B8="Robusta","Robusta",(IF($B8="","Arabica",$B8))&" - "&(IF($C8="","Commercial",$C8))),Variables!$B$1:$D$1,0),1))*IFERROR(IF(AB8="","",(AVERAGE(E8:F8)-AB8)-Variables!$B$14),"")/365)+(L8/16.67*INDEX(Variables!$B$8:$D$8,IFERROR(MATCH(IF($B8="Robusta","Robusta",(IF($B8="","Arabica",$B8))&" - "&(IF($C8="","Commercial",$C8))),Variables!$B$1:$D$1,0),1))*IFERROR(IF(AB8="","",(AVERAGE(E8:F8)-AB8)-Variables!$B$14),""))+(W8*INDEX(Variables!$B$9:$D$9,IFERROR(MATCH(IF($B8="Robusta","Robusta",(IF($B8="","Arabica",$B8))&" - "&(IF($C8="","Commercial",$C8))),Variables!$B$1:$D$1,0),1))*IFERROR(IF(AB8="","",(AVERAGE(E8:F8)-AB8)-Variables!$B$14),"")/365),"")) -> -486.71353 | BH8: =IF($AX8="Cancelled","",IFERROR((W8*INDEX(Variables!$B$7:$D$7,IFERROR(MATCH(IF($B8="Robusta","Robusta",(IF($B8="","Arabica",$B8))&" - "&(IF($C8="","Commercial",$C8))),Variables!$B$1:$D$1,0),1))*AK8/365)+(L8/16.67*INDEX(Variables!$B$8:$D$8,IFERROR(MATCH(IF($B8="Robusta","Robusta",(IF($B8="","Arabica",$B8))&" - "&(IF($C8="","Commercial",$C8))),Variables!$B$1:$D$1,0),1))*AK8)+(W8*INDEX(Variables!$B$9:$D$9,IFERROR(MATCH(IF($B8="Robusta","Robusta",(IF($B8="","Arabica",$B8))&" - "&(IF($C8="","Commercial",$C8))),Variables!$B$1:$D$1,0),1))*AK8/365),"")) -> 608.39191 | BI8: =IF($AX8="Cancelled","",IFERROR((W8*INDEX(Variables!$B$7:$D$7,IFERROR(MATCH(IF($B8="Robusta","Robusta",(IF($B8="","Arabica",$B8))&" - "&(IF($C8="","Commercial",$C8))),Variables!$B$1:$D$1,0),1))*BD8/365)+(L8/16.67*INDEX(Variables!$B$8:$D$8,IFERROR(MATCH(IF($B8="Robusta","Robusta",(IF($B8="","Arabica",$B8))&" - "&(IF($C8="","Commercial",$C8))),Variables!$B$1:$D$1,0),1))*BD8)+(W8*INDEX(Variables!$B$9:$D$9,IFERROR(MATCH(IF($B8="Robusta","Robusta",(IF($B8="","Arabica",$B8))&" - "&(IF($C8="","Commercial",$C8))),Variables!$B$1:$D$1,0),1))*BD8/365),"")) -> 162.23784 | BJ8: =IF($AX8="Cancelled","",IFERROR(IF(AS8="","",F8-AS8),"")) -> 15 | BK8: =IF($AX8="Cancelled","",IFERROR(IF(BJ8="","",(W8*INDEX(Variables!$B$7:$D$7,IFERROR(MATCH(IF($B8="Robusta","Robusta",(IF($B8="","Arabica",$B8))&" - "&(IF($C8="","Commercial",$C8))),Variables!$B$1:$D$1,0),1))*(BJ8/365))+(W8*INDEX(Variables!$B$9:$D$9,IFERROR(MATCH(IF($B8="Robusta","Robusta",(IF($B8="","Arabica",$B8))&" - "&(IF($C8="","Commercial",$C8))),Variables!$B$1:$D$1,0),1))*(BJ8/365))+(INDEX(Variables!$B$8:$D$8,IFERROR(MATCH(IF($B8="Robusta","Robusta",(IF($B8="","Arabica",$B8))&" - "&(IF($C8="","Commercial",$C8))),Variables!$B$1:$D$1,0),1))*L8/16.67)),"")) -> 356.39191
A9: Kenya | B9: Arabica | C9: Commercial | D9: 45531 | E9: 45717 | F9: 45747 | G9: 3786491 | H9: 01-92287 | J9: BR | K9: 5195C | L9: 360 | M9: 1 | N9: JDE Grinders EUDR Aligned | O9: Grinder plus | P9: 10120 | Q9: EUDR | R9: Bulk Bag | S9: Gavle | T9: Sweden | U9: Europe | V9: -26 | W9: =IF($AX9="Cancelled","",IFERROR(((V9+INDEX(Variables!$B$6:$D$6,IFERROR(MATCH(IF($B9="Robusta","Robusta",(IF($B9="","Arabica",$B9))&" - "&(IF($C9="","Commercial",$C9))),Variables!$B$1:$D$1,0),1)))*22.0462)*(L9/16.67),"")) -> 126071.99 | X9: SAS | Y9: =IF($AX9="Cancelled","",IF(X9="","",IFERROR(IF(INDEX(Variables!$B$38:$B$47,MATCH(X9,Variables!$A$38:$A$47,0))="Yes","Yes","No"),"No"))) -> Yes | Z9: 45698 | AB9: 45714 | AC9: =IF($AX9="Cancelled","",IF(ISNUMBER(AB9),"Approved","")) -> Approved | AF9: 45721 | AG9: =IF($AX9="Cancelled","",IFERROR(IF(F9="","",F9-Variables!$B$13),"")) -> 45732 | AH9: =IF($AX9="Cancelled","",IFERROR(IF(AB9="","",(AVERAGE(E9:F9)-AB9)-Variables!$B$14),"")) -> -12 | AJ9: 45721 | AK9: =IF($AX9="Cancelled","",IFERROR(IF(AJ9="","",IF(AND(AB9="",AF9=""),"",IF(AF9>AB9,AF9+Variables!$B$15+Variables!$B$16+Variables!$B$17-AJ9,AB9+Variables!$B$16+Variables!$B$17-AJ9))),"")) -> 15 | AL9: Iceberg | AM9: WEC FCL/FCL | AN9: MSC Nuria | AP9: 45732 | AR9: WECC2588FOS1022 | AS9: 45738 | AU9: 45744 | AV9: Email | AW9: 45751 | AX9: =IF(ISNUMBER(SEARCH("cancel",#REF!)),"Cancelled",IF(AND(AS9<>"",AU9<>"",AW9<>""),"Closed","Open")) -> Closed | AY9: =IF($AX9="Cancelled","",IF(AND(AS9<>"",AU9<>"",AW9<>""),"All dates received",_xlfn.TEXTJOIN(" and ",TRUE(),IF(AS9="","No sailing date",""),IF(AU9="","No shipping advice sent",""),IF(AW9="","No docs dispatch date","")))) -> All dates received | BD9: =IF($AX9="Cancelled","",IFERROR(IF(OR(AS9="",AJ9=""),"",(AJ9+Variables!$B$18-AS9)),"")) -> -2 | BE9: =IF($AX9="Cancelled","",IFERROR(IF(OR(AW9="",AS9=""),"",(AS9+Variables!$B$19)-AW9),"")) -> -8 | BF9: =IF($AX9="Cancelled","",IFERROR(W9*INDEX(Variables!$B$7:$D$7,IFERROR(MATCH(IF($B9="Robusta","Robusta",(IF($B9="","Arabica",$B9))&" - "&(IF($C9="","Commercial",$C9))),Variables!$B$1:$D$1,0),1))*(BE9/365),"")) -> -178.17862 | BG9: =IF($AX9="Cancelled","",IFERROR((W9*INDEX(Variables!$B$7:$D$7,IFERROR(MATCH(IF($B9="Robusta","Robusta",(IF($B9="","Arabica",$B9))&" - "&(IF($C9="","Commercial",$C9))),Variables!$B$1:$D$1,0),1))*IFERROR(IF(AB9="","",(AVERAGE(E9:F9)-AB9)-Variables!$B$14),"")/365)+(L9/16.67*INDEX(Variables!$B$8:$D$8,IFERROR(MATCH(IF($B9="Robusta","Robusta",(IF($B9="","Arabica",$B9))&" - "&(IF($C9="","Commercial",$C9))),Variables!$B$1:$D$1,0),1))*IFERROR(IF(AB9="","",(AVERAGE(E9:F9)-AB9)-Variables!$B$14),""))+(W9*INDEX(Variables!$B$9:$D$9,IFERROR(MATCH(IF($B9="Robusta","Robusta",(IF($B9="","Arabica",$B9))&" - "&(IF($C9="","Commercial",$C9))),Variables!$B$1:$D$1,0),1))*IFERROR(IF(AB9="","",(AVERAGE(E9:F9)-AB9)-Variables!$B$14),"")/365),"")) -> -486.71353 | BH9: =IF($AX9="Cancelled","",IFERROR((W9*INDEX(Variables!$B$7:$D$7,IFERROR(MATCH(IF($B9="Robusta","Robusta",(IF($B9="","Arabica",$B9))&" - "&(IF($C9="","Commercial",$C9))),Variables!$B$1:$D$1,0),1))*AK9/365)+(L9/16.67*INDEX(Variables!$B$8:$D$8,IFERROR(MATCH(IF($B9="Robusta","Robusta",(IF($B9="","Arabica",$B9))&" - "&(IF($C9="","Commercial",$C9))),Variables!$B$1:$D$1,0),1))*AK9)+(W9*INDEX(Variables!$B$9:$D$9,IFERROR(MATCH(IF($B9="Robusta","Robusta",(IF($B9="","Arabica",$B9))&" - "&(IF($C9="","Commercial",$C9))),Variables!$B$1:$D$1,0),1))*AK9/365),"")) -> 608.39191 | BI9: =IF($AX9="Cancelled","",IFERROR((W9*INDEX(Variables!$B$7:$D$7,IFERROR(MATCH(IF($B9="Robusta","Robusta",(IF($B9="","Arabica",$B9))&" - "&(IF($C9="","Commercial",$C9))),Variables!$B$1:$D$1,0),1))*BD9/365)+(L9/16.67*INDEX(Variables!$B$8:$D$8,IFERROR(MATCH(IF($B9="Robusta","Robusta",(IF($B9="","Arabica",$B9))&" - "&(IF($C9="","Commercial",$C9))),Variables!$B$1:$D$1,0),1))*BD9)+(W9*INDEX(Variables!$B$9:$D$9,IFERROR(MATCH(IF($B9="Robusta","Robusta",(IF($B9="","Arabica",$B9))&" - "&(IF($C9="","Commercial",$C9))),Variables!$B$1:$D$1,0),1))*BD9/365),"")) -> -81.118922 | BJ9: =IF($AX9="Cancelled","",IFERROR(IF(AS9="","",F9-AS9),"")) -> 9 | BK9: =IF($AX9="Cancelled","",IFERROR(IF(BJ9="","",(W9*INDEX(Variables!$B$7:$D$7,IFERROR(MATCH(IF($B9="Robusta","Robusta",(IF($B9="","Arabica",$B9))&" - "&(IF($C9="","Commercial",$C9))),Variables!$B$1:$D$1,0),1))*(BJ9/365))+(W9*INDEX(Variables!$B$9:$D$9,IFERROR(MATCH(IF($B9="Robusta","Robusta",(IF($B9="","Arabica",$B9))&" - "&(IF($C9="","Commercial",$C9))),Variables!$B$1:$D$1,0),1))*(BJ9/365))+(INDEX(Variables!$B$8:$D$8,IFERROR(MATCH(IF($B9="Robusta","Robusta",(IF($B9="","Arabica",$B9))&" - "&(IF($C9="","Commercial",$C9))),Variables!$B$1:$D$1,0),1))*L9/16.67)),"")) -> 221.03515
A10: Kenya | B10: Arabica | C10: Commercial | D10: 45531 | E10: 45717 | F10: 45747 | G10: 3786491 | H10: 01-92287 | J10: BR | K10: 5195B | L10: 720 | M10: 2 | N10: JDE Grinders EUDR Aligned | O10: Grinder plus | P10: 10120 | Q10: EUDR | R10: Bulk Bag | S10: Rotterdam | T10: Netherlands | U10: Europe | V10: -26 | W10: =IF($AX10="Cancelled","",IFERROR(((V10+INDEX(Variables!$B$6:$D$6,IFERROR(MATCH(IF($B10="Robusta","Robusta",(IF($B10="","Arabica",$B10))&" - "&(IF($C10="","Commercial",$C10))),Variables!$B$1:$D$1,0),1)))*22.0462)*(L10/16.67),"")) -> 252143.99 | X10: SAS | Y10: =IF($AX10="Cancelled","",IF(X10="","",IFERROR(IF(INDEX(Variables!$B$38:$B$47,MATCH(X10,Variables!$A$38:$A$47,0))="Yes","Yes","No"),"No"))) -> Yes | Z10: 45698 | AB10: 45714 | AC10: =IF($AX10="Cancelled","",IF(ISNUMBER(AB10),"Approved","")) -> Approved | AF10: 45721 | AG10: =IF($AX10="Cancelled","",IFERROR(IF(F10="","",F10-Variables!$B$13),"")) -> 45732 | AH10: =IF($AX10="Cancelled","",IFERROR(IF(AB10="","",(AVERAGE(E10:F10)-AB10)-Variables!$B$14),"")) -> -12 | AJ10: 45723 | AK10: =IF($AX10="Cancelled","",IFERROR(IF(AJ10="","",IF(AND(AB10="",AF10=""),"",IF(AF10>AB10,AF10+Variables!$B$15+Variables!$B$16+Variables!$B$17-AJ10,AB10+Variables!$B$16+Variables!$B$17-AJ10))),"")) -> 13 | AL10: Iceberg | AM10: WEC FCL/FCL | AN10: MSC Nuria | AP10: 45732 | AR10: WECC2588FOS1022 | AS10: 45739 | AU10: 45744 | AV10: Email | AW10: 45751 | AX10: =IF(ISNUMBER(SEARCH("cancel",#REF!)),"Cancelled",IF(AND(AS10<>"",AU10<>"",AW10<>""),"Closed","Open")) -> Closed | AY10: =IF($AX10="Cancelled","",IF(AND(AS10<>"",AU10<>"",AW10<>""),"All dates received",_xlfn.TEXTJOIN(" and ",TRUE(),IF(AS10="","No sailing date",""),IF(AU10="","No shipping advice sent",""),IF(AW10="","No docs dispatch date","")))) -> All dates received | BD10: =IF($AX10="Cancelled","",IFERROR(IF(OR(AS10="",AJ10=""),"",(AJ10+Variables!$B$18-AS10)),"")) -> -1 | BE10: =IF($AX10="Cancelled","",IFERROR(IF(OR(AW10="",AS10=""),"",(AS10+Variables!$B$19)-AW10),"")) -> -7 | BF10: =IF($AX10="Cancelled","",IFERROR(W10*INDEX(Variables!$B$7:$D$7,IFERROR(MATCH(IF($B10="Robusta","Robusta",(IF($B10="","Arabica",$B10))&" - "&(IF($C10="","Commercial",$C10))),Variables!$B$1:$D$1,0),1))*(BE10/365),"")) -> -311.81259 | BG10: =IF($AX10="Cancelled","",IFERROR((W10*INDEX(Variables!$B$7:$D$7,IFERROR(MATCH(IF($B10="Robusta","Robusta",(IF($B10="","Arabica",$B10))&" - "&(IF($C10="","Commercial",$C10))),Variables!$B$1:$D$1,0),1))*IFERROR(IF(AB10="","",(AVERAGE(E10:F10)-AB10)-Variables!$B$14),"")/365)+(L10/16.67*INDEX(Variables!$B$8:$D$8,IFERROR(MATCH(IF($B10="Robusta","Robusta",(IF($B10="","Arabica",$B10))&" - "&(IF($C10="","Commercial",$C10))),Variables!$B$1:$D$1,0),1))*IFERROR(IF(AB10="","",(AVERAGE(E10:F10)-AB10)-Variables!$B$14),""))+(W10*INDEX(Variables!$B$9:$D$9,IFERROR(MATCH(IF($B10="Robusta","Robusta",(IF($B10="","Arabica",$B10))&" - "&(IF($C10="","Commercial",$C10))),Variables!$B$1:$D$1,0),1))*IFERROR(IF(AB10="","",(AVERAGE(E10:F10)-AB10)-Variables!$B$14),"")/365),"")) -> -973.42706 | BH10: =IF($AX10="Cancelled","",IFERROR((W10*INDEX(Variables!$B$7:$D$7,IFERROR(MATCH(IF($B10="Robusta","Robusta",(IF($B10="","Arabica",$B10))&" - "&(IF($C10="","Commercial",$C10))),Variables!$B$1:$D$1,0),1))*AK10/365)+(L10/16.67*INDEX(Variables!$B$8:$D$8,IFERROR(MATCH(IF($B10="Robusta","Robusta",(IF($B10="","Arabica",$B10))&" - "&(IF($C10="","Commercial",$C10))),Variables!$B$1:$D$1,0),1))*AK10)+(W10*INDEX(Variables!$B$9:$D$9,IFERROR(MATCH(IF($B10="Robusta","Robusta",(IF($B10="","Arabica",$B10))&" - "&(IF($C10="","Commercial",$C10))),Variables!$B$1:$D$1,0),1))*AK10/365),"")) -> 1054.546 | BI10: =IF($AX10="Cancelled","",IFERROR((W10*INDEX(Variables!$B$7:$D$7,IFERROR(MATCH(IF($B10="Robusta","Robusta",(IF($B10="","Arabica",$B10))&" - "&(IF($C10="","Commercial",$C10))),Variables!$B$1:$D$1,0),1))*BD10/365)+(L10/16.67*INDEX(Variables!$B$8:$D$8,IFERROR(MATCH(IF($B10="Robusta","Robusta",(IF($B10="","Arabica",$B10))&" - "&(IF($C10="","Commercial",$C10))),Variables!$B$1:$D$1,0),1))*BD10)+(W10*INDEX(Variables!$B$9:$D$9,IFERROR(MATCH(IF($B10="Robusta","Robusta",(IF($B10="","Arabica",$B10))&" - "&(IF($C10="","Commercial",$C10))),Variables!$B$1:$D$1,0),1))*BD10/365),"")) -> -81.118922 | BJ10: =IF($AX10="Cancelled","",IFERROR(IF(AS10="","",F10-AS10),"")) -> 8 | BK10: =IF($AX10="Cancelled","",IFERROR(IF(BJ10="","",(W10*INDEX(Variables!$B$7:$D$7,IFERROR(MATCH(IF($B10="Robusta","Robusta",(IF($B10="","Arabica",$B10))&" - "&(IF($C10="","Commercial",$C10))),Variables!$B$1:$D$1,0),1))*(BJ10/365))+(W10*INDEX(Variables!$B$9:$D$9,IFERROR(MATCH(IF($B10="Robusta","Robusta",(IF($B10="","Arabica",$B10))&" - "&(IF($C10="","Commercial",$C10))),Variables!$B$1:$D$1,0),1))*(BJ10/365))+(INDEX(Variables!$B$8:$D$8,IFERROR(MATCH(IF($B10="Robusta","Robusta",(IF($B10="","Arabica",$B10))&" - "&(IF($C10="","Commercial",$C10))),Variables!$B$1:$D$1,0),1))*L10/16.67)),"")) -> 396.95137
A11: Kenya | B11: Arabica | C11: Commercial | D11: 45531 | E11: 45658 | F11: 45688 | G11: 3786493 | H11: 01-92289 | J11: BR | K11: 5141B | L11: 360 | M11: 1 | N11: JDE SAFI A EUDR ALIGNED | O11: ABC MINUS | P11: 10110 | Q11: EUDR | R11: Bulk Bag | S11: Hamburg | T11: Germany | U11: Europe | V11: 7 | W11: =IF($AX11="Cancelled","",IFERROR(((V11+INDEX(Variables!$B$6:$D$6,IFERROR(MATCH(IF($B11="Robusta","Robusta",(IF($B11="","Arabica",$B11))&" - "&(IF($C11="","Commercial",$C11))),Variables!$B$1:$D$1,0),1)))*22.0462)*(L11/16.67),"")) -> 141783.38 | X11: SAS | Y11: =IF($AX11="Cancelled","",IF(X11="","",IFERROR(IF(INDEX(Variables!$B$38:$B$47,MATCH(X11,Variables!$A$38:$A$47,0))="Yes","Yes","No"),"No"))) -> Yes | Z11: 45616 | AB11: 45630 | AC11: =IF($AX11="Cancelled","",IF(ISNUMBER(AB11),"Approved","")) -> Approved | AF11: 45671 | AG11: =IF($AX11="Cancelled","",IFERROR(IF(F11="","",F11-Variables!$B$13),"")) -> 45673 | AH11: =IF($AX11="Cancelled","",IFERROR(IF(AB11="","",(AVERAGE(E11:F11)-AB11)-Variables!$B$14),"")) -> 13 | AJ11: 45673 | AK11: =IF($AX11="Cancelled","",IFERROR(IF(AJ11="","",IF(AND(AB11="",AF11=""),"",IF(AF11>AB11,AF11+Variables!$B$15+Variables!$B$16+Variables!$B$17-AJ11,AB11+Variables!$B$16+Variables!$B$17-AJ11))),"")) -> 13 | AL11: Iceberg | AM11: CMA-CGM FCL/FCL | AN11: CMA CGM Gulf Express | AP11: 45688 | AR11: MOB0148506 | AS11: 45688 | AU11: 45692 | AV11: Email | AW11: 45695 | AX11: =IF(ISNUMBER(SEARCH("cancel",#REF!)),"Cancelled",IF(AND(AS11<>"",AU11<>"",AW11<>""),"Closed","Open")) -> Closed | AY11: =IF($AX11="Cancelled","",IF(AND(AS11<>"",AU11<>"",AW11<>""),"All dates received",_xlfn.TEXTJOIN(" and ",TRUE(),IF(AS11="","No sailing date",""),IF(AU11="","No shipping advice sent",""),IF(AW11="","No docs dispatch date","")))) -> All dates received | BD11: =IF($AX11="Cancelled","",IFERROR(IF(OR(AS11="",AJ11=""),"",(AJ11+Variables!$B$18-AS11)),"")) -> 0 | BE11: =IF($AX11="Cancelled","",IFERROR(IF(OR(AW11="",AS11=""),"",(AS11+Variables!$B$19)-AW11),"")) -> -2 | BF11: =IF($AX11="Cancelled","",IFERROR(W11*INDEX(Variables!$B$7:$D$7,IFERROR(MATCH(IF($B11="Robusta","Robusta",(IF($B11="","Arabica",$B11))&" - "&(IF($C11="","Commercial",$C11))),Variables!$B$1:$D$1,0),1))*(BE11/365),"")) -> -50.095915 | BG11: =IF($AX11="Cancelled","",IFERROR((W11*INDEX(Variables!$B$7:$D$7,IFERROR(MATCH(IF($B11="Robusta","Robusta",(IF($B11="","Arabica",$B11))&" - "&(IF($C11="","Commercial",$C11))),Variables!$B$1:$D$1,0),1))*IFERROR(IF(AB11="","",(AVERAGE(E11:F11)-AB11)-Variables!$B$14),"")/365)+(L11/16.67*INDEX(Variables!$B$8:$D$8,IFERROR(MATCH(IF($B11="Robusta","Robusta",(IF($B11="","Arabica",$B11))&" - "&(IF($C11="","Commercial",$C11))),Variables!$B$1:$D$1,0),1))*IFERROR(IF(AB11="","",(AVERAGE(E11:F11)-AB11)-Variables!$B$14),""))+(W11*INDEX(Variables!$B$9:$D$9,IFERROR(MATCH(IF($B11="Robusta","Robusta",(IF($B11="","Arabica",$B11))&" - "&(IF($C11="","Commercial",$C11))),Variables!$B$1:$D$1,0),1))*IFERROR(IF(AB11="","",(AVERAGE(E11:F11)-AB11)-Variables!$B$14),"")/365),"")) -> 563.82136 | BH11: =IF($AX11="Cancelled","",IFERROR((W11*INDEX(Variables!$B$7:$D$7,IFERROR(MATCH(IF($B11="Robusta","Robusta",(IF($B11="","Arabica",$B11))&" - "&(IF($C11="","Commercial",$C11))),Variables!$B$1:$D$1,0),1))*AK11/365)+(L11/16.67*INDEX(Variables!$B$8:$D$8,IFERROR(MATCH(IF($B11="Robusta","Robusta",(IF($B11="","Arabica",$B11))&" - "&(IF($C11="","Commercial",$C11))),Variables!$B$1:$D$1,0),1))*AK11)+(W11*INDEX(Variables!$B$9:$D$9,IFERROR(MATCH(IF($B11="Robusta","Robusta",(IF($B11="","Arabica",$B11))&" - "&(IF($C11="","Commercial",$C11))),Variables!$B$1:$D$1,0),1))*AK11/365),"")) -> 563.82136 | BI11: =IF($AX11="Cancelled","",IFERROR((W11*INDEX(Variables!$B$7:$D$7,IFERROR(MATCH(IF($B11="Robusta","Robusta",(IF($B11="","Arabica",$B11))&" - "&(IF($C11="","Commercial",$C11))),Variables!$B$1:$D$1,0),1))*BD11/365)+(L11/16.67*INDEX(Variables!$B$8:$D$8,IFERROR(MATCH(IF($B11="Robusta","Robusta",(IF($B11="","Arabica",$B11))&" - "&(IF($C11="","Commercial",$C11))),Variables!$B$1:$D$1,0),1))*BD11)+(W11*INDEX(Variables!$B$9:$D$9,IFERROR(MATCH(IF($B11="Robusta","Robusta",(IF($B11="","Arabica",$B11))&" - "&(IF($C11="","Commercial",$C11))),Variables!$B$1:$D$1,0),1))*BD11/365),"")) -> 0 | BJ11: =IF($AX11="Cancelled","",IFERROR(IF(AS11="","",F11-AS11),"")) -> 0 | BK11: =IF($AX11="Cancelled","",IFERROR(IF(BJ11="","",(W11*INDEX(Variables!$B$7:$D$7,IFERROR(MATCH(IF($B11="Robusta","Robusta",(IF($B11="","Arabica",$B11))&" - "&(IF($C11="","Commercial",$C11))),Variables!$B$1:$D$1,0),1))*(BJ11/365))+(W11*INDEX(Variables!$B$9:$D$9,IFERROR(MATCH(IF($B11="Robusta","Robusta",(IF($B11="","Arabica",$B11))&" - "&(IF($C11="","Commercial",$C11))),Variables!$B$1:$D$1,0),1))*(BJ11/365))+(INDEX(Variables!$B$8:$D$8,IFERROR(MATCH(IF($B11="Robusta","Robusta",(IF($B11="","Arabica",$B11))&" - "&(IF($C11="","Commercial",$C11))),Variables!$B$1:$D$1,0),1))*L11/16.67)),"")) -> 18
A12: Kenya | B12: Arabica | C12: Commercial | D12: 45531 | E12: 45658 | F12: 45688 | G12: 3786493 | H12: 01-92289 | J12: BR | K12: 5141A | L12: 720 | M12: 2 | N12: JDE SAFI A EUDR ALIGNED | O12: ABC MINUS | P12: 10110 | Q12: EUDR | R12: Bulk Bag | S12: Fos Sur Mer | T12: France | U12: Europe | V12: 7 | W12: =IF($AX12="Cancelled","",IFERROR(((V12+INDEX(Variables!$B$6:$D$6,IFERROR(MATCH(IF($B12="Robusta","Robusta",(IF($B12="","Arabica",$B12))&" - "&(IF($C12="","Commercial",$C12))),Variables!$B$1:$D$1,0),1)))*22.0462)*(L12/16.67),"")) -> 283566.77 | X12: SAS | Y12: =IF($AX12="Cancelled","",IF(X12="","",IFERROR(IF(INDEX(Variables!$B$38:$B$47,MATCH(X12,Variables!$A$38:$A$47,0))="Yes","Yes","No"),"No"))) -> Yes | Z12: 45616 | AB12: 45630 | AC12: =IF($AX12="Cancelled","",IF(ISNUMBER(AB12),"Approved","")) -> Approved | AF12: 45671 | AG12: =IF($AX12="Cancelled","",IFERROR(IF(F12="","",F12-Variables!$B$13),"")) -> 45673 | AH12: =IF($AX12="Cancelled","",IFERROR(IF(AB12="","",(AVERAGE(E12:F12)-AB12)-Variables!$B$14),"")) -> 13 | AJ12: 45671 | AK12: =IF($AX12="Cancelled","",IFERROR(IF(AJ12="","",IF(AND(AB12="",AF12=""),"",IF(AF12>AB12,AF12+Variables!$B$15+Variables!$B$16+Variables!$B$17-AJ12,AB12+Variables!$B$16+Variables!$B$17-AJ12))),"")) -> 15 | AL12: Iceberg | AM12: CMA-CGM FCL/FCL | AN12: CMA CGM Gulf Express | AP12: 45688 | AR12: MOB0148506 | AS12: 45682 | AU12: 45685 | AV12: Email | AW12: 45685 | AX12: =IF(ISNUMBER(SEARCH("cancel",#REF!)),"Cancelled",IF(AND(AS12<>"",AU12<>"",AW12<>""),"Closed","Open")) -> Closed | AY12: =IF($AX12="Cancelled","",IF(AND(AS12<>"",AU12<>"",AW12<>""),"All dates received",_xlfn.TEXTJOIN(" and ",TRUE(),IF(AS12="","No sailing date",""),IF(AU12="","No shipping advice sent",""),IF(AW12="","No docs dispatch date","")))) -> All dates received | BD12: =IF($AX12="Cancelled","",IFERROR(IF(OR(AS12="",AJ12=""),"",(AJ12+Variables!$B$18-AS12)),"")) -> 4 | BE12: =IF($AX12="Cancelled","",IFERROR(IF(OR(AW12="",AS12=""),"",(AS12+Variables!$B$19)-AW12),"")) -> 2 | BF12: =IF($AX12="Cancelled","",IFERROR(W12*INDEX(Variables!$B$7:$D$7,IFERROR(MATCH(IF($B12="Robusta","Robusta",(IF($B12="","Arabica",$B12))&" - "&(IF($C12="","Commercial",$C12))),Variables!$B$1:$D$1,0),1))*(BE12/365),"")) -> 100.19183 | BG12: =IF($AX12="Cancelled","",IFERROR((W12*INDEX(Variables!$B$7:$D$7,IFERROR(MATCH(IF($B12="Robusta","Robusta",(IF($B12="","Arabica",$B12))&" - "&(IF($C12="","Commercial",$C12))),Variables!$B$1:$D$1,0),1))*IFERROR(IF(AB12="","",(AVERAGE(E12:F12)-AB12)-Variables!$B$14),"")/365)+(L12/16.67*INDEX(Variables!$B$8:$D$8,IFERROR(MATCH(IF($B12="Robusta","Robusta",(IF($B12="","Arabica",$B12))&" - "&(IF($C12="","Commercial",$C12))),Variables!$B$1:$D$1,0),1))*IFERROR(IF(AB12="","",(AVERAGE(E12:F12)-AB12)-Variables!$B$14),""))+(W12*INDEX(Variables!$B$9:$D$9,IFERROR(MATCH(IF($B12="Robusta","Robusta",(IF($B12="","Arabica",$B12))&" - "&(IF($C12="","Commercial",$C12))),Variables!$B$1:$D$1,0),1))*IFERROR(IF(AB12="","",(AVERAGE(E12:F12)-AB12)-Variables!$B$14),"")/365),"")) -> 1127.6427 | BH12: =IF($AX12="Cancelled","",IFERROR((W12*INDEX(Variables!$B$7:$D$7,IFERROR(MATCH(IF($B12="Robusta","Robusta",(IF($B12="","Arabica",$B12))&" - "&(IF($C12="","Commercial",$C12))),Variables!$B$1:$D$1,0),1))*AK12/365)+(L12/16.67*INDEX(Variables!$B$8:$D$8,IFERROR(MATCH(IF($B12="Robusta","Robusta",(IF($B12="","Arabica",$B12))&" - "&(IF($C12="","Commercial",$C12))),Variables!$B$1:$D$1,0),1))*AK12)+(W12*INDEX(Variables!$B$9:$D$9,IFERROR(MATCH(IF($B12="Robusta","Robusta",(IF($B12="","Arabica",$B12))&" - "&(IF($C12="","Commercial",$C12))),Variables!$B$1:$D$1,0),1))*AK12/365),"")) -> 1301.1262 | BI12: =IF($AX12="Cancelled","",IFERROR((W12*INDEX(Variables!$B$7:$D$7,IFERROR(MATCH(IF($B12="Robusta","Robusta",(IF($B12="","Arabica",$B12))&" - "&(IF($C12="","Commercial",$C12))),Variables!$B$1:$D$1,0),1))*BD12/365)+(L12/16.67*INDEX(Variables!$B$8:$D$8,IFERROR(MATCH(IF($B12="Robusta","Robusta",(IF($B12="","Arabica",$B12))&" - "&(IF($C12="","Commercial",$C12))),Variables!$B$1:$D$1,0),1))*BD12)+(W12*INDEX(Variables!$B$9:$D$9,IFERROR(MATCH(IF($B12="Robusta","Robusta",(IF($B12="","Arabica",$B12))&" - "&(IF($C12="","Commercial",$C12))),Variables!$B$1:$D$1,0),1))*BD12/365),"")) -> 346.96699 | BJ12: =IF($AX12="Cancelled","",IFERROR(IF(AS12="","",F12-AS12),"")) -> 6 | BK12: =IF($AX12="Cancelled","",IFERROR(IF(BJ12="","",(W12*INDEX(Variables!$B$7:$D$7,IFERROR(MATCH(IF($B12="Robusta","Robusta",(IF($B12="","Arabica",$B12))&" - "&(IF($C12="","Commercial",$C12))),Variables!$B$1:$D$1,0),1))*(BJ12/365))+(W12*INDEX(Variables!$B$9:$D$9,IFERROR(MATCH(IF($B12="Robusta","Robusta",(IF($B12="","Arabica",$B12))&" - "&(IF($C12="","Commercial",$C12))),Variables!$B$1:$D$1,0),1))*(BJ12/365))+(INDEX(Variables!$B$8:$D$8,IFERROR(MATCH(IF($B12="Robusta","Robusta",(IF($B12="","Arabica",$B12))&" - "&(IF($C12="","Commercial",$C12))),Variables!$B$1:$D$1,0),1))*L12/16.67)),"")) -> 340.45049
A13: Kenya | B13: Arabica | C13: Commercial | D13: 45531 | E13: 45689 | F13: 45716 | G13: 3786494 | H13: 01-92290 | J13: BR | K13: 5159A | L13: 720 | M13: 2 | N13: JDE SAFI A EUDR ALIGNED | O13: ABC MINUS | P13: 10110 | Q13: EUDR | R13: Bulk Bag | S13: Fos Sur Mer | T13: France | U13: Europe | V13: 7 | W13: =IF($AX13="Cancelled","",IFERROR(((V13+INDEX(Variables!$B$6:$D$6,IFERROR(MATCH(IF($B13="Robusta","Robusta",(IF($B13="","Arabica",$B13))&" - "&(IF($C13="","Commercial",$C13))),Variables!$B$1:$D$1,0),1)))*22.0462)*(L13/16.67),"")) -> 283566.77 | X13: SAS | Y13: =IF($AX13="Cancelled","",IF(X13="","",IFERROR(IF(INDEX(Variables!$B$38:$B$47,MATCH(X13,Variables!$A$38:$A$47,0))="Yes","Yes","No"),"No"))) -> Yes | Z13: 45663 | AB13: 45670 | AC13: =IF($AX13="Cancelled","",IF(ISNUMBER(AB13),"Approved","")) -> Approved | AF13: 45695 | AG13: =IF($AX13="Cancelled","",IFERROR(IF(F13="","",F13-Variables!$B$13),"")) -> 45701 | AH13: =IF($AX13="Cancelled","",IFERROR(IF(AB13="","",(AVERAGE(E13:F13)-AB13)-Variables!$B$14),"")) -> 2.5 | AJ13: 45695 | AK13: =IF($AX13="Cancelled","",IFERROR(IF(AJ13="","",IF(AND(AB13="",AF13=""),"",IF(AF13>AB13,AF13+Variables!$B$15+Variables!$B$16+Variables!$B$17-AJ13,AB13+Variables!$B$16+Variables!$B$17-AJ13))),"")) -> 15 | AL13: Iceberg | AM13: WEC FCL/FCL | AN13: MSC Lome v | AP13: 45708 | AR13: WECC2588FOS1007 | AS13: 45708 | AU13: 45714 | AV13: Email | AW13: 45714 | AX13: =IF(ISNUMBER(SEARCH("cancel",#REF!)),"Cancelled",IF(AND(AS13<>"",AU13<>"",AW13<>""),"Closed","Open")) -> Closed | AY13: =IF($AX13="Cancelled","",IF(AND(AS13<>"",AU13<>"",AW13<>""),"All dates received",_xlfn.TEXTJOIN(" and ",TRUE(),IF(AS13="","No sailing date",""),IF(AU13="","No shipping advice sent",""),IF(AW13="","No docs dispatch date","")))) -> All dates received | BD13: =IF($AX13="Cancelled","",IFERROR(IF(OR(AS13="",AJ13=""),"",(AJ13+Variables!$B$18-AS13)),"")) -> 2 | BE13: =IF($AX13="Cancelled","",IFERROR(IF(OR(AW13="",AS13=""),"",(AS13+Variables!$B$19)-AW13),"")) -> -1 | BF13: =IF($AX13="Cancelled","",IFERROR(W13*INDEX(Variables!$B$7:$D$7,IFERROR(MATCH(IF($B13="Robusta","Robusta",(IF($B13="","Arabica",$B13))&" - "&(IF($C13="","Commercial",$C13))),Variables!$B$1:$D$1,0),1))*(BE13/365),"")) -> -50.095915 | BG13: =IF($AX13="Cancelled","",IFERROR((W13*INDEX(Variables!$B$7:$D$7,IFERROR(MATCH(IF($B13="Robusta","Robusta",(IF($B13="","Arabica",$B13))&" - "&(IF($C13="","Commercial",$C13))),Variables!$B$1:$D$1,0),1))*IFERROR(IF(AB13="","",(AVERAGE(E13:F13)-AB13)-Variables!$B$14),"")/365)+(L13/16.67*INDEX(Variables!$B$8:$D$8,IFERROR(MATCH(IF($B13="Robusta","Robusta",(IF($B13="","Arabica",$B13))&" - "&(IF($C13="","Commercial",$C13))),Variables!$B$1:$D$1,0),1))*IFERROR(IF(AB13="","",(AVERAGE(E13:F13)-AB13)-Variables!$B$14),""))+(W13*INDEX(Variables!$B$9:$D$9,IFERROR(MATCH(IF($B13="Robusta","Robusta",(IF($B13="","Arabica",$B13))&" - "&(IF($C13="","Commercial",$C13))),Variables!$B$1:$D$1,0),1))*IFERROR(IF(AB13="","",(AVERAGE(E13:F13)-AB13)-Variables!$B$14),"")/365),"")) -> 216.85437 | BH13: =IF($AX13="Cancelled","",IFERROR((W13*INDEX(Variables!$B$7:$D$7,IFERROR(MATCH(IF($B13="Robusta","Robusta",(IF($B13="","Arabica",$B13))&" - "&(IF($C13="","Commercial",$C13))),Variables!$B$1:$D$1,0),1))*AK13/365)+(L13/16.67*INDEX(Variables!$B$8:$D$8,IFERROR(MATCH(IF($B13="Robusta","Robusta",(IF($B13="","Arabica",$B13))&" - "&(IF($C13="","Commercial",$C13))),Variables!$B$1:$D$1,0),1))*AK13)+(W13*INDEX(Variables!$B$9:$D$9,IFERROR(MATCH(IF($B13="Robusta","Robusta",(IF($B13="","Arabica",$B13))&" - "&(IF($C13="","Commercial",$C13))),Variables!$B$1:$D$1,0),1))*AK13/365),"")) -> 1301.1262 | BI13: =IF($AX13="Cancelled","",IFERROR((W13*INDEX(Variables!$B$7:$D$7,IFERROR(MATCH(IF($B13="Robusta","Robusta",(IF($B13="","Arabica",$B13))&" - "&(IF($C13="","Commercial",$C13))),Variables!$B$1:$D$1,0),1))*BD13/365)+(L13/16.67*INDEX(Variables!$B$8:$D$8,IFERROR(MATCH(IF($B13="Robusta","Robusta",(IF($B13="","Arabica",$B13))&" - "&(IF($C13="","Commercial",$C13))),Variables!$B$1:$D$1,0),1))*BD13)+(W13*INDEX(Variables!$B$9:$D$9,IFERROR(MATCH(IF($B13="Robusta","Robusta",(IF($B13="","Arabica",$B13))&" - "&(IF($C13="","Commercial",$C13))),Variables!$B$1:$D$1,0),1))*BD13/365),"")) -> 173.4835 | BJ13: =IF($AX13="Cancelled","",IFERROR(IF(AS13="","",F13-AS13),"")) -> 8 | BK13: =IF($AX13="Cancelled","",IFERROR(IF(BJ13="","",(W13*INDEX(Variables!$B$7:$D$7,IFERROR(MATCH(IF($B13="Robusta","Robusta",(IF($B13="","Arabica",$B13))&" - "&(IF($C13="","Commercial",$C13))),Variables!$B$1:$D$1,0),1))*(BJ13/365))+(W13*INDEX(Variables!$B$9:$D$9,IFERROR(MATCH(IF($B13="Robusta","Robusta",(IF($B13="","Arabica",$B13))&" - "&(IF($C13="","Commercial",$C13))),Variables!$B$1:$D$1,0),1))*(BJ13/365))+(INDEX(Variables!$B$8:$D$8,IFERROR(MATCH(IF($B13="Robusta","Robusta",(IF($B13="","Arabica",$B13))&" - "&(IF($C13="","Commercial",$C13))),Variables!$B$1:$D$1,0),1))*L13/16.67)),"")) -> 441.93399
A14: Kenya | B14: Arabica | C14: Commercial | D14: 45531 | E14: 45689 | F14: 45716 | G14: 3786494 | H14: 01-92290 | J14: BR | K14: 5159B | L14: 360 | M14: 1 | N14: JDE SAFI A EUDR ALIGNED | O14: ABC MINUS | P14: 10110 | Q14: EUDR | R14: Bulk Bag | S14: Hamburg | T14: Germany | U14: Europe | V14: 7 | W14: =IF($AX14="Cancelled","",IFERROR(((V14+INDEX(Variables!$B$6:$D$6,IFERROR(MATCH(IF($B14="Robusta","Robusta",(IF($B14="","Arabica",$B14))&" - "&(IF($C14="","Commercial",$C14))),Variables!$B$1:$D$1,0),1)))*22.0462)*(L14/16.67),"")) -> 141783.38 | X14: SAS | Y14: =IF($AX14="Cancelled","",IF(X14="","",IFERROR(IF(INDEX(Variables!$B$38:$B$47,MATCH(X14,Variables!$A$38:$A$47,0))="Yes","Yes","No"),"No"))) -> Yes | Z14: 45663 | AB14: 45670 | AC14: =IF($AX14="Cancelled","",IF(ISNUMBER(AB14),"Approved","")) -> Approved | AF14: 45695 | AG14: =IF($AX14="Cancelled","",IFERROR(IF(F14="","",F14-Variables!$B$13),"")) -> 45701 | AH14: =IF($AX14="Cancelled","",IFERROR(IF(AB14="","",(AVERAGE(E14:F14)-AB14)-Variables!$B$14),"")) -> 2.5 | AJ14: 45695 | AK14: =IF($AX14="Cancelled","",IFERROR(IF(AJ14="","",IF(AND(AB14="",AF14=""),"",IF(AF14>AB14,AF14+Variables!$B$15+Variables!$B$16+Variables!$B$17-AJ14,AB14+Variables!$B$16+Variables!$B$17-AJ14))),"")) -> 15 | AL14: Iceberg | AM14: WEC FCL/FCL | AN14: MSC Lome v | AP14: 45708 | AR14: WECC2588FOS1007 | AS14: 45708 | AU14: 45714 | AV14: Email | AW14: 45714 | AX14: =IF(ISNUMBER(SEARCH("cancel",#REF!)),"Cancelled",IF(AND(AS14<>"",AU14<>"",AW14<>""),"Closed","Open")) -> Closed | AY14: =IF($AX14="Cancelled","",IF(AND(AS14<>"",AU14<>"",AW14<>""),"All dates received",_xlfn.TEXTJOIN(" and ",TRUE(),IF(AS14="","No sailing date",""),IF(AU14="","No shipping advice sent",""),IF(AW14="","No docs dispatch date","")))) -> All dates received | BD14: =IF($AX14="Cancelled","",IFERROR(IF(OR(AS14="",AJ14=""),"",(AJ14+Variables!$B$18-AS14)),"")) -> 2 | BE14: =IF($AX14="Cancelled","",IFERROR(IF(OR(AW14="",AS14=""),"",(AS14+Variables!$B$19)-AW14),"")) -> -1 | BF14: =IF($AX14="Cancelled","",IFERROR(W14*INDEX(Variables!$B$7:$D$7,IFERROR(MATCH(IF($B14="Robusta","Robusta",(IF($B14="","Arabica",$B14))&" - "&(IF($C14="","Commercial",$C14))),Variables!$B$1:$D$1,0),1))*(BE14/365),"")) -> -25.047958 | BG14: =IF($AX14="Cancelled","",IFERROR((W14*INDEX(Variables!$B$7:$D$7,IFERROR(MATCH(IF($B14="Robusta","Robusta",(IF($B14="","Arabica",$B14))&" - "&(IF($C14="","Commercial",$C14))),Variables!$B$1:$D$1,0),1))*IFERROR(IF(AB14="","",(AVERAGE(E14:F14)-AB14)-Variables!$B$14),"")/365)+(L14/16.67*INDEX(Variables!$B$8:$D$8,IFERROR(MATCH(IF($B14="Robusta","Robusta",(IF($B14="","Arabica",$B14))&" - "&(IF($C14="","Commercial",$C14))),Variables!$B$1:$D$1,0),1))*IFERROR(IF(AB14="","",(AVERAGE(E14:F14)-AB14)-Variables!$B$14),""))+(W14*INDEX(Variables!$B$9:$D$9,IFERROR(MATCH(IF($B14="Robusta","Robusta",(IF($B14="","Arabica",$B14))&" - "&(IF($C14="","Commercial",$C14))),Variables!$B$1:$D$1,0),1))*IFERROR(IF(AB14="","",(AVERAGE(E14:F14)-AB14)-Variables!$B$14),"")/365),"")) -> 108.42719 | BH14: =IF($AX14="Cancelled","",IFERROR((W14*INDEX(Variables!$B$7:$D$7,IFERROR(MATCH(IF($B14="Robusta","Robusta",(IF($B14="","Arabica",$B14))&" - "&(IF($C14="","Commercial",$C14))),Variables!$B$1:$D$1,0),1))*AK14/365)+(L14/16.67*INDEX(Variables!$B$8:$D$8,IFERROR(MATCH(IF($B14="Robusta","Robusta",(IF($B14="","Arabica",$B14))&" - "&(IF($C14="","Commercial",$C14))),Variables!$B$1:$D$1,0),1))*AK14)+(W14*INDEX(Variables!$B$9:$D$9,IFERROR(MATCH(IF($B14="Robusta","Robusta",(IF($B14="","Arabica",$B14))&" - "&(IF($C14="","Commercial",$C14))),Variables!$B$1:$D$1,0),1))*AK14/365),"")) -> 650.56311 | BI14: =IF($AX14="Cancelled","",IFERROR((W14*INDEX(Variables!$B$7:$D$7,IFERROR(MATCH(IF($B14="Robusta","Robusta",(IF($B14="","Arabica",$B14))&" - "&(IF($C14="","Commercial",$C14))),Variables!$B$1:$D$1,0),1))*BD14/365)+(L14/16.67*INDEX(Variables!$B$8:$D$8,IFERROR(MATCH(IF($B14="Robusta","Robusta",(IF($B14="","Arabica",$B14))&" - "&(IF($C14="","Commercial",$C14))),Variables!$B$1:$D$1,0),1))*BD14)+(W14*INDEX(Variables!$B$9:$D$9,IFERROR(MATCH(IF($B14="Robusta","Robusta",(IF($B14="","Arabica",$B14))&" - "&(IF($C14="","Commercial",$C14))),Variables!$B$1:$D$1,0),1))*BD14/365),"")) -> 86.741748 | BJ14: =IF($AX14="Cancelled","",IFERROR(IF(AS14="","",F14-AS14),"")) -> 8 | BK14: =IF($AX14="Cancelled","",IFERROR(IF(BJ14="","",(W14*INDEX(Variables!$B$7:$D$7,IFERROR(MATCH(IF($B14="Robusta","Robusta",(IF($B14="","Arabica",$B14))&" - "&(IF($C14="","Commercial",$C14))),Variables!$B$1:$D$1,0),1))*(BJ14/365))+(W14*INDEX(Variables!$B$9:$D$9,IFERROR(MATCH(IF($B14="Robusta","Robusta",(IF($B14="","Arabica",$B14))&" - "&(IF($C14="","Commercial",$C14))),Variables!$B$1:$D$1,0),1))*(BJ14/365))+(INDEX(Variables!$B$8:$D$8,IFERROR(MATCH(IF($B14="Robusta","Robusta",(IF($B14="","Arabica",$B14))&" - "&(IF($C14="","Commercial",$C14))),Variables!$B$1:$D$1,0),1))*L14/16.67)),"")) -> 220.96699
A15: Kenya | B15: Arabica | C15: Commercial | D15: 45531 | E15: 45658 | F15: 45688 | G15: 3786497 | H15: 01-92293 | J15: BR | K15: 5142A | L15: 360 | M15: 1 | N15: JDE SAFI B EUDR ALIGNED | O15: ABC MINUS | P15: 10110 | Q15: EUDR | R15: Bulk Bag | S15: Bremen | T15: Germany | U15: Europe | V15: -1 | W15: =IF($AX15="Cancelled","",IFERROR(((V15+INDEX(Variables!$B$6:$D$6,IFERROR(MATCH(IF($B15="Robusta","Robusta",(IF($B15="","Arabica",$B15))&" - "&(IF($C15="","Commercial",$C15))),Variables!$B$1:$D$1,0),1)))*22.0462)*(L15/16.67),"")) -> 137974.56 | X15: SAS | Y15: =IF($AX15="Cancelled","",IF(X15="","",IFERROR(IF(INDEX(Variables!$B$38:$B$47,MATCH(X15,Variables!$A$38:$A$47,0))="Yes","Yes","No"),"No"))) -> Yes | Z15: 45616 | AB15: 45630 | AC15: =IF($AX15="Cancelled","",IF(ISNUMBER(AB15),"Approved","")) -> Approved | AF15: =AJ15-7 -> 45639 | AG15: =IF($AX15="Cancelled","",IFERROR(IF(F15="","",F15-Variables!$B$13),"")) -> 45673 | AH15: =IF($AX15="Cancelled","",IFERROR(IF(AB15="","",(AVERAGE(E15:F15)-AB15)-Variables!$B$14),"")) -> 13 | AJ15: 45646 | AK15: =IF($AX15="Cancelled","",IFERROR(IF(AJ15="","",IF(AND(AB15="",AF15=""),"",IF(AF15>AB15,AF15+Variables!$B$15+Variables!$B$16+Variables!$B$17-AJ15,AB15+Variables!$B$16+Variables!$B$17-AJ15))),"")) -> 8 | AL15: Iceberg | AM15: MSC FCL/FCL | AN15: MSC Diego | AP15: 45677 | AR15: MEDUM2708953 | AS15: 45677 | AU15: 45679 | AV15: Email | AW15: 45684 | AX15: =IF(ISNUMBER(SEARCH("cancel",#REF!)),"Cancelled",IF(AND(AS15<>"",AU15<>"",AW15<>""),"Closed","Open")) -> Closed | AY15: =IF($AX15="Cancelled","",IF(AND(AS15<>"",AU15<>"",AW15<>""),"All dates received",_xlfn.TEXTJOIN(" and ",TRUE(),IF(AS15="","No sailing date",""),IF(AU15="","No shipping advice sent",""),IF(AW15="","No docs dispatch date","")))) -> All dates received | BD15: =IF($AX15="Cancelled","",IFERROR(IF(OR(AS15="",AJ15=""),"",(AJ15+Variables!$B$18-AS15)),"")) -> -16 | BE15: =IF($AX15="Cancelled","",IFERROR(IF(OR(AW15="",AS15=""),"",(AS15+Variables!$B$19)-AW15),"")) -> -2 | BF15: =IF($AX15="Cancelled","",IFERROR(W15*INDEX(Variables!$B$7:$D$7,IFERROR(MATCH(IF($B15="Robusta","Robusta",(IF($B15="","Arabica",$B15))&" - "&(IF($C15="","Commercial",$C15))),Variables!$B$1:$D$1,0),1))*(BE15/365),"")) -> -48.750155 | BG15: =IF($AX15="Cancelled","",IFERROR((W15*INDEX(Variables!$B$7:$D$7,IFERROR(MATCH(IF($B15="Robusta","Robusta",(IF($B15="","Arabica",$B15))&" - "&(IF($C15="","Commercial",$C15))),Variables!$B$1:$D$1,0),1))*IFERROR(IF(AB15="","",(AVERAGE(E15:F15)-AB15)-Variables!$B$14),"")/365)+(L15/16.67*INDEX(Variables!$B$8:$D$8,IFERROR(MATCH(IF($B15="Robusta","Robusta",(IF($B15="","Arabica",$B15))&" - "&(IF($C15="","Commercial",$C15))),Variables!$B$1:$D$1,0),1))*IFERROR(IF(AB15="","",(AVERAGE(E15:F15)-AB15)-Variables!$B$14),""))+(W15*INDEX(Variables!$B$9:$D$9,IFERROR(MATCH(IF($B15="Robusta","Robusta",(IF($B15="","Arabica",$B15))&" - "&(IF($C15="","Commercial",$C15))),Variables!$B$1:$D$1,0),1))*IFERROR(IF(AB15="","",(AVERAGE(E15:F15)-AB15)-Variables!$B$14),"")/365),"")) -> 554.96115 | BH15: =IF($AX15="Cancelled","",IFERROR((W15*INDEX(Variables!$B$7:$D$7,IFERROR(MATCH(IF($B15="Robusta","Robusta",(IF($B15="","Arabica",$B15))&" - "&(IF($C15="","Commercial",$C15))),Variables!$B$1:$D$1,0),1))*AK15/365)+(L15/16.67*INDEX(Variables!$B$8:$D$8,IFERROR(MATCH(IF($B15="Robusta","Robusta",(IF($B15="","Arabica",$B15))&" - "&(IF($C15="","Commercial",$C15))),Variables!$B$1:$D$1,0),1))*AK15)+(W15*INDEX(Variables!$B$9:$D$9,IFERROR(MATCH(IF($B15="Robusta","Robusta",(IF($B15="","Arabica",$B15))&" - "&(IF($C15="","Commercial",$C15))),Variables!$B$1:$D$1,0),1))*AK15/365),"")) -> 341.51456 | BI15: =IF($AX15="Cancelled","",IFERROR((W15*INDEX(Variables!$B$7:$D$7,IFERROR(MATCH(IF($B15="Robusta","Robusta",(IF($B15="","Arabica",$B15))&" - "&(IF($C15="","Commercial",$C15))),Variables!$B$1:$D$1,0),1))*BD15/365)+(L15/16.67*INDEX(Variables!$B$8:$D$8,IFERROR(MATCH(IF($B15="Robusta","Robusta",(IF($B15="","Arabica",$B15))&" - "&(IF($C15="","Commercial",$C15))),Variables!$B$1:$D$1,0),1))*BD15)+(W15*INDEX(Variables!$B$9:$D$9,IFERROR(MATCH(IF($B15="Robusta","Robusta",(IF($B15="","Arabica",$B15))&" - "&(IF($C15="","Commercial",$C15))),Variables!$B$1:$D$1,0),1))*BD15/365),"")) -> -683.02911 | BJ15: =IF($AX15="Cancelled","",IFERROR(IF(AS15="","",F15-AS15),"")) -> 11 | BK15: =IF($AX15="Cancelled","",IFERROR(IF(BJ15="","",(W15*INDEX(Variables!$B$7:$D$7,IFERROR(MATCH(IF($B15="Robusta","Robusta",(IF($B15="","Arabica",$B15))&" - "&(IF($C15="","Commercial",$C15))),Variables!$B$1:$D$1,0),1))*(BJ15/365))+(W15*INDEX(Variables!$B$9:$D$9,IFERROR(MATCH(IF($B15="Robusta","Robusta",(IF($B15="","Arabica",$B15))&" - "&(IF($C15="","Commercial",$C15))),Variables!$B$1:$D$1,0),1))*(BJ15/365))+(INDEX(Variables!$B$8:$D$8,IFERROR(MATCH(IF($B15="Robusta","Robusta",(IF($B15="","Arabica",$B15))&" - "&(IF($C15="","Commercial",$C15))),Variables!$B$1:$D$1,0),1))*L15/16.67)),"")) -> 289.58251
A16: Kenya | B16: Arabica | C16: Commercial | D16: 45531 | E16: 45658 | F16: 45688 | G16: 3786497 | H16: 01-92293 | J16: BR | K16: 5142B | L16: 720 | M16: 2 | N16: JDE SAFI B EUDR ALIGNED | O16: ABC MINUS | P16: 10110 | Q16: EUDR | R16: Bulk Bag | S16: Fos Sur Mer | T16: France | U16: Europe | V16: -1 | W16: =IF($AX16="Cancelled","",IFERROR(((V16+INDEX(Variables!$B$6:$D$6,IFERROR(MATCH(IF($B16="Robusta","Robusta",(IF($B16="","Arabica",$B16))&" - "&(IF($C16="","Commercial",$C16))),Variables!$B$1:$D$1,0),1)))*22.0462)*(L16/16.67),"")) -> 275949.12 | X16: SAS | Y16: =IF($AX16="Cancelled","",IF(X16="","",IFERROR(IF(INDEX(Variables!$B$38:$B$47,MATCH(X16,Variables!$A$38:$A$47,0))="Yes","Yes","No"),"No"))) -> Yes | Z16: 45616 | AB16: 45630 | AC16: =IF($AX16="Cancelled","",IF(ISNUMBER(AB16),"Approved","")) -> Approved | AF16: =AJ16-7 -> 45639 | AG16: =IF($AX16="Cancelled","",IFERROR(IF(F16="","",F16-Variables!$B$13),"")) -> 45673 | AH16: =IF($AX16="Cancelled","",IFERROR(IF(AB16="","",(AVERAGE(E16:F16)-AB16)-Variables!$B$14),"")) -> 13 | AJ16: 45646 | AK16: =IF($AX16="Cancelled","",IFERROR(IF(AJ16="","",IF(AND(AB16="",AF16=""),"",IF(AF16>AB16,AF16+Variables!$B$15+Variables!$B$16+Variables!$B$17-AJ16,AB16+Variables!$B$16+Variables!$B$17-AJ16))),"")) -> 8 | AL16: Iceberg | AM16: MSC FCL/FCL | AN16: MSC Diego | AP16: 45677 | AR16: MEDUM2708953 | AS16: 45665 | AU16: 45667 | AV16: Email | AW16: 45672 | AX16: =IF(ISNUMBER(SEARCH("cancel",#REF!)),"Cancelled",IF(AND(AS16<>"",AU16<>"",AW16<>""),"Closed","Open")) -> Closed | AY16: =IF($AX16="Cancelled","",IF(AND(AS16<>"",AU16<>"",AW16<>""),"All dates received",_xlfn.TEXTJOIN(" and ",TRUE(),IF(AS16="","No sailing date",""),IF(AU16="","No shipping advice sent",""),IF(AW16="","No docs dispatch date","")))) -> All dates received | BD16: =IF($AX16="Cancelled","",IFERROR(IF(OR(AS16="",AJ16=""),"",(AJ16+Variables!$B$18-AS16)),"")) -> -4 | BE16: =IF($AX16="Cancelled","",IFERROR(IF(OR(AW16="",AS16=""),"",(AS16+Variables!$B$19)-AW16),"")) -> -2 | BF16: =IF($AX16="Cancelled","",IFERROR(W16*INDEX(Variables!$B$7:$D$7,IFERROR(MATCH(IF($B16="Robusta","Robusta",(IF($B16="","Arabica",$B16))&" - "&(IF($C16="","Commercial",$C16))),Variables!$B$1:$D$1,0),1))*(BE16/365),"")) -> -97.50031 | BG16: =IF($AX16="Cancelled","",IFERROR((W16*INDEX(Variables!$B$7:$D$7,IFERROR(MATCH(IF($B16="Robusta","Robusta",(IF($B16="","Arabica",$B16))&" - "&(IF($C16="","Commercial",$C16))),Variables!$B$1:$D$1,0),1))*IFERROR(IF(AB16="","",(AVERAGE(E16:F16)-AB16)-Variables!$B$14),"")/365)+(L16/16.67*INDEX(Variables!$B$8:$D$8,IFERROR(MATCH(IF($B16="Robusta","Robusta",(IF($B16="","Arabica",$B16))&" - "&(IF($C16="","Commercial",$C16))),Variables!$B$1:$D$1,0),1))*IFERROR(IF(AB16="","",(AVERAGE(E16:F16)-AB16)-Variables!$B$14),""))+(W16*INDEX(Variables!$B$9:$D$9,IFERROR(MATCH(IF($B16="Robusta","Robusta",(IF($B16="","Arabica",$B16))&" - "&(IF($C16="","Commercial",$C16))),Variables!$B$1:$D$1,0),1))*IFERROR(IF(AB16="","",(AVERAGE(E16:F16)-AB16)-Variables!$B$14),"")/365),"")) -> 1109.9223 | BH16: =IF($AX16="Cancelled","",IFERROR((W16*INDEX(Variables!$B$7:$D$7,IFERROR(MATCH(IF($B16="Robusta","Robusta",(IF($B16="","Arabica",$B16))&" - "&(IF($C16="","Commercial",$C16))),Variables!$B$1:$D$1,0),1))*AK16/365)+(L16/16.67*INDEX(Variables!$B$8:$D$8,IFERROR(MATCH(IF($B16="Robusta","Robusta",(IF($B16="","Arabica",$B16))&" - "&(IF($C16="","Commercial",$C16))),Variables!$B$1:$D$1,0),1))*AK16)+(W16*INDEX(Variables!$B$9:$D$9,IFERROR(MATCH(IF($B16="Robusta","Robusta",(IF($B16="","Arabica",$B16))&" - "&(IF($C16="","Commercial",$C16))),Variables!$B$1:$D$1,0),1))*AK16/365),"")) -> 683.02911 | BI16: =IF($AX16="Cancelled","",IFERROR((W16*INDEX(Variables!$B$7:$D$7,IFERROR(MATCH(IF($B16="Robusta","Robusta",(IF($B16="","Arabica",$B16))&" - "&(IF($C16="","Commercial",$C16))),Variables!$B$1:$D$1,0),1))*BD16/365)+(L16/16.67*INDEX(Variables!$B$8:$D$8,IFERROR(MATCH(IF($B16="Robusta","Robusta",(IF($B16="","Arabica",$B16))&" - "&(IF($C16="","Commercial",$C16))),Variables!$B$1:$D$1,0),1))*BD16)+(W16*INDEX(Variables!$B$9:$D$9,IFERROR(MATCH(IF($B16="Robusta","Robusta",(IF($B16="","Arabica",$B16))&" - "&(IF($C16="","Commercial",$C16))),Variables!$B$1:$D$1,0),1))*BD16/365),"")) -> -341.51456 | BJ16: =IF($AX16="Cancelled","",IFERROR(IF(AS16="","",F16-AS16),"")) -> 23 | BK16: =IF($AX16="Cancelled","",IFERROR(IF(BJ16="","",(W16*INDEX(Variables!$B$7:$D$7,IFERROR(MATCH(IF($B16="Robusta","Robusta",(IF($B16="","Arabica",$B16))&" - "&(IF($C16="","Commercial",$C16))),Variables!$B$1:$D$1,0),1))*(BJ16/365))+(W16*INDEX(Variables!$B$9:$D$9,IFERROR(MATCH(IF($B16="Robusta","Robusta",(IF($B16="","Arabica",$B16))&" - "&(IF($C16="","Commercial",$C16))),Variables!$B$1:$D$1,0),1))*(BJ16/365))+(INDEX(Variables!$B$8:$D$8,IFERROR(MATCH(IF($B16="Robusta","Robusta",(IF($B16="","Arabica",$B16))&" - "&(IF($C16="","Commercial",$C16))),Variables!$B$1:$D$1,0),1))*L16/16.67)),"")) -> 1171.7087
A17: Kenya | B17: Arabica | C17: Commercial | D17: 45531 | E17: 45689 | F17: 45716 | G17: 3786498 | H17: 01-92294 | J17: BR | K17: 5156A | L17: 360 | M17: 1 | N17: JDE SAFI B EUDR ALIGNED | O17: ABC MINUS | P17: 10110 | Q17: EUDR | R17: Bulk Bag | S17: Bremen | T17: Germany | U17: Europe | V17: -1 | W17: =IF($AX17="Cancelled","",IFERROR(((V17+INDEX(Variables!$B$6:$D$6,IFERROR(MATCH(IF($B17="Robusta","Robusta",(IF($B17="","Arabica",$B17))&" - "&(IF($C17="","Commercial",$C17))),Variables!$B$1:$D$1,0),1)))*22.0462)*(L17/16.67),"")) -> 137974.56 | X17: SAS | Y17: =IF($AX17="Cancelled","",IF(X17="","",IFERROR(IF(INDEX(Variables!$B$38:$B$47,MATCH(X17,Variables!$A$38:$A$47,0))="Yes","Yes","No"),"No"))) -> Yes | Z17: 45663 | AB17: 45670 | AC17: =IF($AX17="Cancelled","",IF(ISNUMBER(AB17),"Approved","")) -> Approved | AF17: 45694 | AG17: =IF($AX17="Cancelled","",IFERROR(IF(F17="","",F17-Variables!$B$13),"")) -> 45701 | AH17: =IF($AX17="Cancelled","",IFERROR(IF(AB17="","",(AVERAGE(E17:F17)-AB17)-Variables!$B$14),"")) -> 2.5 | AJ17: 45694 | AK17: =IF($AX17="Cancelled","",IFERROR(IF(AJ17="","",IF(AND(AB17="",AF17=""),"",IF(AF17>AB17,AF17+Variables!$B$15+Variables!$B$16+Variables!$B$17-AJ17,AB17+Variables!$B$16+Variables!$B$17-AJ17))),"")) -> 15 | AL17: Iceberg | AM17: Maersk FCL/FCL | AN17: Cosco Sao Paulo | AP17: 45705 | AR17: 249699554 | AS17: 45705 | AU17: 45705 | AV17: Email | AW17: 45705 | AX17: =IF(ISNUMBER(SEARCH("cancel",#REF!)),"Cancelled",IF(AND(AS17<>"",AU17<>"",AW17<>""),"Closed","Open")) -> Closed | AY17: =IF($AX17="Cancelled","",IF(AND(AS17<>"",AU17<>"",AW17<>""),"All dates received",_xlfn.TEXTJOIN(" and ",TRUE(),IF(AS17="","No sailing date",""),IF(AU17="","No shipping advice sent",""),IF(AW17="","No docs dispatch date","")))) -> All dates received | BD17: =IF($AX17="Cancelled","",IFERROR(IF(OR(AS17="",AJ17=""),"",(AJ17+Variables!$B$18-AS17)),"")) -> 4 | BE17: =IF($AX17="Cancelled","",IFERROR(IF(OR(AW17="",AS17=""),"",(AS17+Variables!$B$19)-AW17),"")) -> 5 | BF17: =IF($AX17="Cancelled","",IFERROR(W17*INDEX(Variables!$B$7:$D$7,IFERROR(MATCH(IF($B17="Robusta","Robusta",(IF($B17="","Arabica",$B17))&" - "&(IF($C17="","Commercial",$C17))),Variables!$B$1:$D$1,0),1))*(BE17/365),"")) -> 121.87539 | BG17: =IF($AX17="Cancelled","",IFERROR((W17*INDEX(Variables!$B$7:$D$7,IFERROR(MATCH(IF($B17="Robusta","Robusta",(IF($B17="","Arabica",$B17))&" - "&(IF($C17="","Commercial",$C17))),Variables!$B$1:$D$1,0),1))*IFERROR(IF(AB17="","",(AVERAGE(E17:F17)-AB17)-Variables!$B$14),"")/365)+(L17/16.67*INDEX(Variables!$B$8:$D$8,IFERROR(MATCH(IF($B17="Robusta","Robusta",(IF($B17="","Arabica",$B17))&" - "&(IF($C17="","Commercial",$C17))),Variables!$B$1:$D$1,0),1))*IFERROR(IF(AB17="","",(AVERAGE(E17:F17)-AB17)-Variables!$B$14),""))+(W17*INDEX(Variables!$B$9:$D$9,IFERROR(MATCH(IF($B17="Robusta","Robusta",(IF($B17="","Arabica",$B17))&" - "&(IF($C17="","Commercial",$C17))),Variables!$B$1:$D$1,0),1))*IFERROR(IF(AB17="","",(AVERAGE(E17:F17)-AB17)-Variables!$B$14),"")/365),"")) -> 106.7233 | BH17: =IF($AX17="Cancelled","",IFERROR((W17*INDEX(Variables!$B$7:$D$7,IFERROR(MATCH(IF($B17="Robusta","Robusta",(IF($B17="","Arabica",$B17))&" - "&(IF($C17="","Commercial",$C17))),Variables!$B$1:$D$1,0),1))*AK17/365)+(L17/16.67*INDEX(Variables!$B$8:$D$8,IFERROR(MATCH(IF($B17="Robusta","Robusta",(IF($B17="","Arabica",$B17))&" - "&(IF($C17="","Commercial",$C17))),Variables!$B$1:$D$1,0),1))*AK17)+(W17*INDEX(Variables!$B$9:$D$9,IFERROR(MATCH(IF($B17="Robusta","Robusta",(IF($B17="","Arabica",$B17))&" - "&(IF($C17="","Commercial",$C17))),Variables!$B$1:$D$1,0),1))*AK17/365),"")) -> 640.33979 | BI17: =IF($AX17="Cancelled","",IFERROR((W17*INDEX(Variables!$B$7:$D$7,IFERROR(MATCH(IF($B17="Robusta","Robusta",(IF($B17="","Arabica",$B17))&" - "&(IF($C17="","Commercial",$C17))),Variables!$B$1:$D$1,0),1))*BD17/365)+(L17/16.67*INDEX(Variables!$B$8:$D$8,IFERROR(MATCH(IF($B17="Robusta","Robusta",(IF($B17="","Arabica",$B17))&" - "&(IF($C17="","Commercial",$C17))),Variables!$B$1:$D$1,0),1))*BD17)+(W17*INDEX(Variables!$B$9:$D$9,IFERROR(MATCH(IF($B17="Robusta","Robusta",(IF($B17="","Arabica",$B17))&" - "&(IF($C17="","Commercial",$C17))),Variables!$B$1:$D$1,0),1))*BD17/365),"")) -> 170.75728 | BJ17: =IF($AX17="Cancelled","",IFERROR(IF(AS17="","",F17-AS17),"")) -> 11 | BK17: =IF($AX17="Cancelled","",IFERROR(IF(BJ17="","",(W17*INDEX(Variables!$B$7:$D$7,IFERROR(MATCH(IF($B17="Robusta","Robusta",(IF($B17="","Arabica",$B17))&" - "&(IF($C17="","Commercial",$C17))),Variables!$B$1:$D$1,0),1))*(BJ17/365))+(W17*INDEX(Variables!$B$9:$D$9,IFERROR(MATCH(IF($B17="Robusta","Robusta",(IF($B17="","Arabica",$B17))&" - "&(IF($C17="","Commercial",$C17))),Variables!$B$1:$D$1,0),1))*(BJ17/365))+(INDEX(Variables!$B$8:$D$8,IFERROR(MATCH(IF($B17="Robusta","Robusta",(IF($B17="","Arabica",$B17))&" - "&(IF($C17="","Commercial",$C17))),Variables!$B$1:$D$1,0),1))*L17/16.67)),"")) -> 289.58251
A18: Kenya | B18: Arabica | C18: Commercial | D18: 45531 | E18: 45689 | F18: 45716 | G18: 3786498 | H18: 01-92294 | J18: BR | K18: 5156B | L18: 720 | M18: 2 | N18: JDE SAFI B EUDR ALIGNED | O18: ABC MINUS | P18: 10110 | Q18: EUDR | R18: Bulk Bag | S18: Fos Sur Mer | T18: France | U18: Europe | V18: -1 | W18: =IF($AX18="Cancelled","",IFERROR(((V18+INDEX(Variables!$B$6:$D$6,IFERROR(MATCH(IF($B18="Robusta","Robusta",(IF($B18="","Arabica",$B18))&" - "&(IF($C18="","Commercial",$C18))),Variables!$B$1:$D$1,0),1)))*22.0462)*(L18/16.67),"")) -> 275949.12 | X18: SAS | Y18: =IF($AX18="Cancelled","",IF(X18="","",IFERROR(IF(INDEX(Variables!$B$38:$B$47,MATCH(X18,Variables!$A$38:$A$47,0))="Yes","Yes","No"),"No"))) -> Yes | Z18: 45663 | AB18: 45670 | AC18: =IF($AX18="Cancelled","",IF(ISNUMBER(AB18),"Approved","")) -> Approved | AF18: 45694 | AG18: =IF($AX18="Cancelled","",IFERROR(IF(F18="","",F18-Variables!$B$13),"")) -> 45701 | AH18: =IF($AX18="Cancelled","",IFERROR(IF(AB18="","",(AVERAGE(E18:F18)-AB18)-Variables!$B$14),"")) -> 2.5 | AJ18: 45695 | AK18: =IF($AX18="Cancelled","",IFERROR(IF(AJ18="","",IF(AND(AB18="",AF18=""),"",IF(AF18>AB18,AF18+Variables!$B$15+Variables!$B$16+Variables!$B$17-AJ18,AB18+Variables!$B$16+Variables!$B$17-AJ18))),"")) -> 14 | AL18: Iceberg | AM18: Maersk FCL/FCL | AN18: Cosco Sao Paulo | AP18: 45705 | AR18: 249699554 | AS18: 45708 | AU18: 45714 | AV18: Email | AW18: 45714 | AX18: =IF(ISNUMBER(SEARCH("cancel",#REF!)),"Cancelled",IF(AND(AS18<>"",AU18<>"",AW18<>""),"Closed","Open")) -> Closed | AY18: =IF($AX18="Cancelled","",IF(AND(AS18<>"",AU18<>"",AW18<>""),"All dates received",_xlfn.TEXTJOIN(" and ",TRUE(),IF(AS18="","No sailing date",""),IF(AU18="","No shipping advice sent",""),IF(AW18="","No docs dispatch date","")))) -> All dates received | BD18: =IF($AX18="Cancelled","",IFERROR(IF(OR(AS18="",AJ18=""),"",(AJ18+Variables!$B$18-AS18)),"")) -> 2 | BE18: =IF($AX18="Cancelled","",IFERROR(IF(OR(AW18="",AS18=""),"",(AS18+Variables!$B$19)-AW18),"")) -> -1 | BF18: =IF($AX18="Cancelled","",IFERROR(W18*INDEX(Variables!$B$7:$D$7,IFERROR(MATCH(IF($B18="Robusta","Robusta",(IF($B18="","Arabica",$B18))&" - "&(IF($C18="","Commercial",$C18))),Variables!$B$1:$D$1,0),1))*(BE18/365),"")) -> -48.750155 | BG18: =IF($AX18="Cancelled","",IFERROR((W18*INDEX(Variables!$B$7:$D$7,IFERROR(MATCH(IF($B18="Robusta","Robusta",(IF($B18="","Arabica",$B18))&" - "&(IF($C18="","Commercial",$C18))),Variables!$B$1:$D$1,0),1))*IFERROR(IF(AB18="","",(AVERAGE(E18:F18)-AB18)-Variables!$B$14),"")/365)+(L18/16.67*INDEX(Variables!$B$8:$D$8,IFERROR(MATCH(IF($B18="Robusta","Robusta",(IF($B18="","Arabica",$B18))&" - "&(IF($C18="","Commercial",$C18))),Variables!$B$1:$D$1,0),1))*IFERROR(IF(AB18="","",(AVERAGE(E18:F18)-AB18)-Variables!$B$14),""))+(W18*INDEX(Variables!$B$9:$D$9,IFERROR(MATCH(IF($B18="Robusta","Robusta",(IF($B18="","Arabica",$B18))&" - "&(IF($C18="","Commercial",$C18))),Variables!$B$1:$D$1,0),1))*IFERROR(IF(AB18="","",(AVERAGE(E18:F18)-AB18)-Variables!$B$14),"")/365),"")) -> 213.4466 | BH18: =IF($AX18="Cancelled","",IFERROR((W18*INDEX(Variables!$B$7:$D$7,IFERROR(MATCH(IF($B18="Robusta","Robusta",(IF($B18="","Arabica",$B18))&" - "&(IF($C18="","Commercial",$C18))),Variables!$B$1:$D$1,0),1))*AK18/365)+(L18/16.67*INDEX(Variables!$B$8:$D$8,IFERROR(MATCH(IF($B18="Robusta","Robusta",(IF($B18="","Arabica",$B18))&" - "&(IF($C18="","Commercial",$C18))),Variables!$B$1:$D$1,0),1))*AK18)+(W18*INDEX(Variables!$B$9:$D$9,IFERROR(MATCH(IF($B18="Robusta","Robusta",(IF($B18="","Arabica",$B18))&" - "&(IF($C18="","Commercial",$C18))),Variables!$B$1:$D$1,0),1))*AK18/365),"")) -> 1195.3009 | BI18: =IF($AX18="Cancelled","",IFERROR((W18*INDEX(Variables!$B$7:$D$7,IFERROR(MATCH(IF($B18="Robusta","Robusta",(IF($B18="","Arabica",$B18))&" - "&(IF($C18="","Commercial",$C18))),Variables!$B$1:$D$1,0),1))*BD18/365)+(L18/16.67*INDEX(Variables!$B$8:$D$8,IFERROR(MATCH(IF($B18="Robusta","Robusta",(IF($B18="","Arabica",$B18))&" - "&(IF($C18="","Commercial",$C18))),Variables!$B$1:$D$1,0),1))*BD18)+(W18*INDEX(Variables!$B$9:$D$9,IFERROR(MATCH(IF($B18="Robusta","Robusta",(IF($B18="","Arabica",$B18))&" - "&(IF($C18="","Commercial",$C18))),Variables!$B$1:$D$1,0),1))*BD18/365),"")) -> 170.75728 | BJ18: =IF($AX18="Cancelled","",IFERROR(IF(AS18="","",F18-AS18),"")) -> 8 | BK18: =IF($AX18="Cancelled","",IFERROR(IF(BJ18="","",(W18*INDEX(Variables!$B$7:$D$7,IFERROR(MATCH(IF($B18="Robusta","Robusta",(IF($B18="","Arabica",$B18))&" - "&(IF($C18="","Commercial",$C18))),Variables!$B$1:$D$1,0),1))*(BJ18/365))+(W18*INDEX(Variables!$B$9:$D$9,IFERROR(MATCH(IF($B18="Robusta","Robusta",(IF($B18="","Arabica",$B18))&" - "&(IF($C18="","Commercial",$C18))),Variables!$B$1:$D$1,0),1))*(BJ18/365))+(INDEX(Variables!$B$8:$D$8,IFERROR(MATCH(IF($B18="Robusta","Robusta",(IF($B18="","Arabica",$B18))&" - "&(IF($C18="","Commercial",$C18))),Variables!$B$1:$D$1,0),1))*L18/16.67)),"")) -> 431.02911
A19: Kenya | B19: Arabica | C19: Commercial | D19: 45540 | E19: 45658 | F19: 45688 | G19: 3786505 | H19: 225-G-264 | J19: Dong Suh | K19: 5149 | L19: 840 | M19: 3 | N19: ABC FAQ, PSS to be drawn by SGS & sampling offer to be inclusive in the offer | O19: ABC Minus | P19: 10110 | R19: Bulk Bag | S19: Busan | T19: South Korea | U19: Asia | V19: 7.5 | W19: =IF($AX19="Cancelled","",IFERROR(((V19+INDEX(Variables!$B$6:$D$6,IFERROR(MATCH(IF($B19="Robusta","Robusta",(IF($B19="","Arabica",$B19))&" - "&(IF($C19="","Commercial",$C19))),Variables!$B$1:$D$1,0),1)))*22.0462)*(L19/16.67),"")) -> 331383.35 | X19: SAS | Y19: =IF($AX19="Cancelled","",IF(X19="","",IFERROR(IF(INDEX(Variables!$B$38:$B$47,MATCH(X19,Variables!$A$38:$A$47,0))="Yes","Yes","No"),"No"))) -> Yes | Z19: 45684 | AB19: 45705 | AC19: =IF($AX19="Cancelled","",IF(ISNUMBER(AB19),"Approved","")) -> Approved | AF19: 45705 | AG19: =IF($AX19="Cancelled","",IFERROR(IF(F19="","",F19-Variables!$B$13),"")) -> 45673 | AH19: =IF($AX19="Cancelled","",IFERROR(IF(AB19="","",(AVERAGE(E19:F19)-AB19)-Variables!$B$14),"")) -> -62 | AJ19: 45709 | AK19: =IF($AX19="Cancelled","",IFERROR(IF(AJ19="","",IF(AND(AB19="",AF19=""),"",IF(AF19>AB19,AF19+Variables!$B$15+Variables!$B$16+Variables!$B$17-AJ19,AB19+Variables!$B$16+Variables!$B$17-AJ19))),"")) -> 4 | AL19: Iceberg | AM19: Evergreen FCL/FCL | AN19: Lady Jane | AP19: 45721 | AR19: 321500000746 | AS19: 45721 | AU19: 45723 | AV19: 6280 6294 23 | AW19: 45727 | AX19: =IF(ISNUMBER(SEARCH("cancel",#REF!)),"Cancelled",IF(AND(AS19<>"",AU19<>"",AW19<>""),"Closed","Open")) -> Closed | AY19: =IF($AX19="Cancelled","",IF(AND(AS19<>"",AU19<>"",AW19<>""),"All dates received",_xlfn.TEXTJOIN(" and ",TRUE(),IF(AS19="","No sailing date",""),IF(AU19="","No shipping advice sent",""),IF(AW19="","No docs dispatch date","")))) -> All dates received | BD19: =IF($AX19="Cancelled","",IFERROR(IF(OR(AS19="",AJ19=""),"",(AJ19+Variables!$B$18-AS19)),"")) -> 3 | BE19: =IF($AX19="Cancelled","",IFERROR(IF(OR(AW19="",AS19=""),"",(AS19+Variables!$B$19)-AW19),"")) -> -1 | BF19: =IF($AX19="Cancelled","",IFERROR(W19*INDEX(Variables!$B$7:$D$7,IFERROR(MATCH(IF($B19="Robusta","Robusta",(IF($B19="","Arabica",$B19))&" - "&(IF($C19="","Commercial",$C19))),Variables!$B$1:$D$1,0),1))*(BE19/365),"")) -> -58.543363 | BG19: =IF($AX19="Cancelled","",IFERROR((W19*INDEX(Variables!$B$7:$D$7,IFERROR(MATCH(IF($B19="Robusta","Robusta",(IF($B19="","Arabica",$B19))&" - "&(IF($C19="","Commercial",$C19))),Variables!$B$1:$D$1,0),1))*IFERROR(IF(AB19="","",(AVERAGE(E19:F19)-AB19)-Variables!$B$14),"")/365)+(L19/16.67*INDEX(Variables!$B$8:$D$8,IFERROR(MATCH(IF($B19="Robusta","Robusta",(IF($B19="","Arabica",$B19))&" - "&(IF($C19="","Commercial",$C19))),Variables!$B$1:$D$1,0),1))*IFERROR(IF(AB19="","",(AVERAGE(E19:F19)-AB19)-Variables!$B$14),""))+(W19*INDEX(Variables!$B$9:$D$9,IFERROR(MATCH(IF($B19="Robusta","Robusta",(IF($B19="","Arabica",$B19))&" - "&(IF($C19="","Commercial",$C19))),Variables!$B$1:$D$1,0),1))*IFERROR(IF(AB19="","",(AVERAGE(E19:F19)-AB19)-Variables!$B$14),"")/365),"")) -> -6280.4822 | BH19: =IF($AX19="Cancelled","",IFERROR((W19*INDEX(Variables!$B$7:$D$7,IFERROR(MATCH(IF($B19="Robusta","Robusta",(IF($B19="","Arabica",$B19))&" - "&(IF($C19="","Commercial",$C19))),Variables!$B$1:$D$1,0),1))*AK19/365)+(L19/16.67*INDEX(Variables!$B$8:$D$8,IFERROR(MATCH(IF($B19="Robusta","Robusta",(IF($B19="","Arabica",$B19))&" - "&(IF($C19="","Commercial",$C19))),Variables!$B$1:$D$1,0),1))*AK19)+(W19*INDEX(Variables!$B$9:$D$9,IFERROR(MATCH(IF($B19="Robusta","Robusta",(IF($B19="","Arabica",$B19))&" - "&(IF($C19="","Commercial",$C19))),Variables!$B$1:$D$1,0),1))*AK19/365),"")) -> 405.1924 | BI19: =IF($AX19="Cancelled","",IFERROR((W19*INDEX(Variables!$B$7:$D$7,IFERROR(MATCH(IF($B19="Robusta","Robusta",(IF($B19="","Arabica",$B19))&" - "&(IF($C19="","Commercial",$C19))),Variables!$B$1:$D$1,0),1))*BD19/365)+(L19/16.67*INDEX(Variables!$B$8:$D$8,IFERROR(MATCH(IF($B19="Robusta","Robusta",(IF($B19="","Arabica",$B19))&" - "&(IF($C19="","Commercial",$C19))),Variables!$B$1:$D$1,0),1))*BD19)+(W19*INDEX(Variables!$B$9:$D$9,IFERROR(MATCH(IF($B19="Robusta","Robusta",(IF($B19="","Arabica",$B19))&" - "&(IF($C19="","Commercial",$C19))),Variables!$B$1:$D$1,0),1))*BD19/365),"")) -> 303.8943 | BJ19: =IF($AX19="Cancelled","",IFERROR(IF(AS19="","",F19-AS19),"")) -> -33 | BK19: =IF($AX19="Cancelled","",IFERROR(IF(BJ19="","",(W19*INDEX(Variables!$B$7:$D$7,IFERROR(MATCH(IF($B19="Robusta","Robusta",(IF($B19="","Arabica",$B19))&" - "&(IF($C19="","Commercial",$C19))),Variables!$B$1:$D$1,0),1))*(BJ19/365))+(W19*INDEX(Variables!$B$9:$D$9,IFERROR(MATCH(IF($B19="Robusta","Robusta",(IF($B19="","Arabica",$B19))&" - "&(IF($C19="","Commercial",$C19))),Variables!$B$1:$D$1,0),1))*(BJ19/365))+(INDEX(Variables!$B$8:$D$8,IFERROR(MATCH(IF($B19="Robusta","Robusta",(IF($B19="","Arabica",$B19))&" - "&(IF($C19="","Commercial",$C19))),Variables!$B$1:$D$1,0),1))*L19/16.67)),"")) -> -1914.8373
A20: Kenya | B20: Arabica | C20: Commercial | D20: 45540 | E20: 45689 | F20: 45716 | G20: 3786506 | H20: 225-G-265 | J20: Dong Suh | K20: 5164 | L20: 840 | M20: 3 | N20: ABC FAQ, PSS to be drawn by SGS & sampling offer to be inclusive in the offer | O20: ABC Minus | P20: 10110 | R20: Bulk Bag | S20: Busan | T20: South Korea | U20: Asia | V20: 7.5 | W20: =IF($AX20="Cancelled","",IFERROR(((V20+INDEX(Variables!$B$6:$D$6,IFERROR(MATCH(IF($B20="Robusta","Robusta",(IF($B20="","Arabica",$B20))&" - "&(IF($C20="","Commercial",$C20))),Variables!$B$1:$D$1,0),1)))*22.0462)*(L20/16.67),"")) -> 331383.35 | X20: SAS | Y20: =IF($AX20="Cancelled","",IF(X20="","",IFERROR(IF(INDEX(Variables!$B$38:$B$47,MATCH(X20,Variables!$A$38:$A$47,0))="Yes","Yes","No"),"No"))) -> Yes | Z20: 45702 | AB20: 45737 | AC20: =IF($AX20="Cancelled","",IF(ISNUMBER(AB20),"Approved","")) -> Approved | AF20: 45737 | AG20: =IF($AX20="Cancelled","",IFERROR(IF(F20="","",F20-Variables!$B$13),"")) -> 45701 | AH20: =IF($AX20="Cancelled","",IFERROR(IF(AB20="","",(AVERAGE(E20:F20)-AB20)-Variables!$B$14),"")) -> -64.5 | AJ20: 45712 | AK20: =IF($AX20="Cancelled","",IFERROR(IF(AJ20="","",IF(AND(AB20="",AF20=""),"",IF(AF20>AB20,AF20+Variables!$B$15+Variables!$B$16+Variables!$B$17-AJ20,AB20+Variables!$B$16+Variables!$B$17-AJ20))),"")) -> 33 | AL20: Iceberg | AM20: ONE FCL/FCL | AN20: Kota Selamat | AP20: 45751 | AR20: ONEYMBAF00212400 | AS20: 45751 | AU20: 45751 | AV20: 30 8583 5222 | AW20: 45761 | AX20: =IF(ISNUMBER(SEARCH("cancel",#REF!)),"Cancelled",IF(AND(AS20<>"",AU20<>"",AW20<>""),"Closed","Open")) -> Closed | AY20: =IF($AX20="Cancelled","",IF(AND(AS20<>"",AU20<>"",AW20<>""),"All dates received",_xlfn.TEXTJOIN(" and ",TRUE(),IF(AS20="","No sailing date",""),IF(AU20="","No shipping advice sent",""),IF(AW20="","No docs dispatch date","")))) -> All dates received | BD20: =IF($AX20="Cancelled","",IFERROR(IF(OR(AS20="",AJ20=""),"",(AJ20+Variables!$B$18-AS20)),"")) -> -24 | BE20: =IF($AX20="Cancelled","",IFERROR(IF(OR(AW20="",AS20=""),"",(AS20+Variables!$B$19)-AW20),"")) -> -5 | BF20: =IF($AX20="Cancelled","",IFERROR(W20*INDEX(Variables!$B$7:$D$7,IFERROR(MATCH(IF($B20="Robusta","Robusta",(IF($B20="","Arabica",$B20))&" - "&(IF($C20="","Commercial",$C20))),Variables!$B$1:$D$1,0),1))*(BE20/365),"")) -> -292.71681 | BG20: =IF($AX20="Cancelled","",IFERROR((W20*INDEX(Variables!$B$7:$D$7,IFERROR(MATCH(IF($B20="Robusta","Robusta",(IF($B20="","Arabica",$B20))&" - "&(IF($C20="","Commercial",$C20))),Variables!$B$1:$D$1,0),1))*IFERROR(IF(AB20="","",(AVERAGE(E20:F20)-AB20)-Variables!$B$14),"")/365)+(L20/16.67*INDEX(Variables!$B$8:$D$8,IFERROR(MATCH(IF($B20="Robusta","Robusta",(IF($B20="","Arabica",$B20))&" - "&(IF($C20="","Commercial",$C20))),Variables!$B$1:$D$1,0),1))*IFERROR(IF(AB20="","",(AVERAGE(E20:F20)-AB20)-Variables!$B$14),""))+(W20*INDEX(Variables!$B$9:$D$9,IFERROR(MATCH(IF($B20="Robusta","Robusta",(IF($B20="","Arabica",$B20))&" - "&(IF($C20="","Commercial",$C20))),Variables!$B$1:$D$1,0),1))*IFERROR(IF(AB20="","",(AVERAGE(E20:F20)-AB20)-Variables!$B$14),"")/365),"")) -> -6533.7274 | BH20: =IF($AX20="Cancelled","",IFERROR((W20*INDEX(Variables!$B$7:$D$7,IFERROR(MATCH(IF($B20="Robusta","Robusta",(IF($B20="","Arabica",$B20))&" - "&(IF($C20="","Commercial",$C20))),Variables!$B$1:$D$1,0),1))*AK20/365)+(L20/16.67*INDEX(Variables!$B$8:$D$8,IFERROR(MATCH(IF($B20="Robusta","Robusta",(IF($B20="","Arabica",$B20))&" - "&(IF($C20="","Commercial",$C20))),Variables!$B$1:$D$1,0),1))*AK20)+(W20*INDEX(Variables!$B$9:$D$9,IFERROR(MATCH(IF($B20="Robusta","Robusta",(IF($B20="","Arabica",$B20))&" - "&(IF($C20="","Commercial",$C20))),Variables!$B$1:$D$1,0),1))*AK20/365),"")) -> 3342.8373 | BI20: =IF($AX20="Cancelled","",IFERROR((W20*INDEX(Variables!$B$7:$D$7,IFERROR(MATCH(IF($B20="Robusta","Robusta",(IF($B20="","Arabica",$B20))&" - "&(IF($C20="","Commercial",$C20))),Variables!$B$1:$D$1,0),1))*BD20/365)+(L20/16.67*INDEX(Variables!$B$8:$D$8,IFERROR(MATCH(IF($B20="Robusta","Robusta",(IF($B20="","Arabica",$B20))&" - "&(IF($C20="","Commercial",$C20))),Variables!$B$1:$D$1,0),1))*BD20)+(W20*INDEX(Variables!$B$9:$D$9,IFERROR(MATCH(IF($B20="Robusta","Robusta",(IF($B20="","Arabica",$B20))&" - "&(IF($C20="","Commercial",$C20))),Variables!$B$1:$D$1,0),1))*BD20/365),"")) -> -2431.1544 | BJ20: =IF($AX20="Cancelled","",IFERROR(IF(AS20="","",F20-AS20),"")) -> -35 | BK20: =IF($AX20="Cancelled","",IFERROR(IF(BJ20="","",(W20*INDEX(Variables!$B$7:$D$7,IFERROR(MATCH(IF($B20="Robusta","Robusta",(IF($B20="","Arabica",$B20))&" - "&(IF($C20="","Commercial",$C20))),Variables!$B$1:$D$1,0),1))*(BJ20/365))+(W20*INDEX(Variables!$B$9:$D$9,IFERROR(MATCH(IF($B20="Robusta","Robusta",(IF($B20="","Arabica",$B20))&" - "&(IF($C20="","Commercial",$C20))),Variables!$B$1:$D$1,0),1))*(BJ20/365))+(INDEX(Variables!$B$8:$D$8,IFERROR(MATCH(IF($B20="Robusta","Robusta",(IF($B20="","Arabica",$B20))&" - "&(IF($C20="","Commercial",$C20))),Variables!$B$1:$D$1,0),1))*L20/16.67)),"")) -> -2033.4335
A21: Kenya | B21: Arabica | C21: Commercial | D21: 45540 | E21: 45717 | F21: 45747 | G21: 3786507 | H21: 225-G-266 | J21: Dong Suh | K21: 5207 | L21: 840 | M21: 3 | N21: ABC FAQ, PSS to be drawn by SGS & sampling offer to be inclusive in the offer | O21: ABC Minus | P21: 10110 | R21: Bulk Bag | S21: Busan | T21: South Korea | U21: Asia | V21: 7.5 | W21: =IF($AX21="Cancelled","",IFERROR(((V21+INDEX(Variables!$B$6:$D$6,IFERROR(MATCH(IF($B21="Robusta","Robusta",(IF($B21="","Arabica",$B21))&" - "&(IF($C21="","Commercial",$C21))),Variables!$B$1:$D$1,0),1)))*22.0462)*(L21/16.67),"")) -> 331383.35 | X21: SAS | Y21: =IF($AX21="Cancelled","",IF(X21="","",IFERROR(IF(INDEX(Variables!$B$38:$B$47,MATCH(X21,Variables!$A$38:$A$47,0))="Yes","Yes","No"),"No"))) -> Yes | Z21: 45716 | AB21: 45737 | AC21: =IF($AX21="Cancelled","",IF(ISNUMBER(AB21),"Approved","")) -> Approved | AF21: 45737 | AG21: =IF($AX21="Cancelled","",IFERROR(IF(F21="","",F21-Variables!$B$13),"")) -> 45732 | AH21: =IF($AX21="Cancelled","",IFERROR(IF(AB21="","",(AVERAGE(E21:F21)-AB21)-Variables!$B$14),"")) -> -35 | AJ21: 45741 | AK21: =IF($AX21="Cancelled","",IFERROR(IF(AJ21="","",IF(AND(AB21="",AF21=""),"",IF(AF21>AB21,AF21+Variables!$B$15+Variables!$B$16+Variables!$B$17-AJ21,AB21+Variables!$B$16+Variables!$B$17-AJ21))),"")) -> 4 | AL21: Iceberg | AM21: ONE FCL/FCL | AN21: Kota Selamat | AP21: 45751 | AR21: ONEYMBAF00365600 | AS21: 45751 | AU21: 45751 | AV21: 30 8583 5222 | AW21: 45761 | AX21: =IF(ISNUMBER(SEARCH("cancel",#REF!)),"Cancelled",IF(AND(AS21<>"",AU21<>"",AW21<>""),"Closed","Open")) -> Closed | AY21: =IF($AX21="Cancelled","",IF(AND(AS21<>"",AU21<>"",AW21<>""),"All dates received",_xlfn.TEXTJOIN(" and ",TRUE(),IF(AS21="","No sailing date",""),IF(AU21="","No shipping advice sent",""),IF(AW21="","No docs dispatch date","")))) -> All dates received | BD21: =IF($AX21="Cancelled","",IFERROR(IF(OR(AS21="",AJ21=""),"",(AJ21+Variables!$B$18-AS21)),"")) -> 5 | BE21: =IF($AX21="Cancelled","",IFERROR(IF(OR(AW21="",AS21=""),"",(AS21+Variables!$B$19)-AW21),"")) -> -5 | BF21: =IF($AX21="Cancelled","",IFERROR(W21*INDEX(Variables!$B$7:$D$7,IFERROR(MATCH(IF($B21="Robusta","Robusta",(IF($B21="","Arabica",$B21))&" - "&(IF($C21="","Commercial",$C21))),Variables!$B$1:$D$1,0),1))*(BE21/365),"")) -> -292.71681 | BG21: =IF($AX21="Cancelled","",IFERROR((W21*INDEX(Variables!$B$7:$D$7,IFERROR(MATCH(IF($B21="Robusta","Robusta",(IF($B21="","Arabica",$B21))&" - "&(IF($C21="","Commercial",$C21))),Variables!$B$1:$D$1,0),1))*IFERROR(IF(AB21="","",(AVERAGE(E21:F21)-AB21)-Variables!$B$14),"")/365)+(L21/16.67*INDEX(Variables!$B$8:$D$8,IFERROR(MATCH(IF($B21="Robusta","Robusta",(IF($B21="","Arabica",$B21))&" - "&(IF($C21="","Commercial",$C21))),Variables!$B$1:$D$1,0),1))*IFERROR(IF(AB21="","",(AVERAGE(E21:F21)-AB21)-Variables!$B$14),""))+(W21*INDEX(Variables!$B$9:$D$9,IFERROR(MATCH(IF($B21="Robusta","Robusta",(IF($B21="","Arabica",$B21))&" - "&(IF($C21="","Commercial",$C21))),Variables!$B$1:$D$1,0),1))*IFERROR(IF(AB21="","",(AVERAGE(E21:F21)-AB21)-Variables!$B$14),"")/365),"")) -> -3545.4335 | BH21: =IF($AX21="Cancelled","",IFERROR((W21*INDEX(Variables!$B$7:$D$7,IFERROR(MATCH(IF($B21="Robusta","Robusta",(IF($B21="","Arabica",$B21))&" - "&(IF($C21="","Commercial",$C21))),Variables!$B$1:$D$1,0),1))*AK21/365)+(L21/16.67*INDEX(Variables!$B$8:$D$8,IFERROR(MATCH(IF($B21="Robusta","Robusta",(IF($B21="","Arabica",$B21))&" - "&(IF($C21="","Commercial",$C21))),Variables!$B$1:$D$1,0),1))*AK21)+(W21*INDEX(Variables!$B$9:$D$9,IFERROR(MATCH(IF($B21="Robusta","Robusta",(IF($B21="","Arabica",$B21))&" - "&(IF($C21="","Commercial",$C21))),Variables!$B$1:$D$1,0),1))*AK21/365),"")) -> 405.1924 | BI21: =IF($AX21="Cancelled","",IFERROR((W21*INDEX(Variables!$B$7:$D$7,IFERROR(MATCH(IF($B21="Robusta","Robusta",(IF($B21="","Arabica",$B21))&" - "&(IF($C21="","Commercial",$C21))),Variables!$B$1:$D$1,0),1))*BD21/365)+(L21/16.67*INDEX(Variables!$B$8:$D$8,IFERROR(MATCH(IF($B21="Robusta","Robusta",(IF($B21="","Arabica",$B21))&" - "&(IF($C21="","Commercial",$C21))),Variables!$B$1:$D$1,0),1))*BD21)+(W21*INDEX(Variables!$B$9:$D$9,IFERROR(MATCH(IF($B21="Robusta","Robusta",(IF($B21="","Arabica",$B21))&" - "&(IF($C21="","Commercial",$C21))),Variables!$B$1:$D$1,0),1))*BD21/365),"")) -> 506.4905 | BJ21: =IF($AX21="Cancelled","",IFERROR(IF(AS21="","",F21-AS21),"")) -> -4 | BK21: =IF($AX21="Cancelled","",IFERROR(IF(BJ21="","",(W21*INDEX(Variables!$B$7:$D$7,IFERROR(MATCH(IF($B21="Robusta","Robusta",(IF($B21="","Arabica",$B21))&" - "&(IF($C21="","Commercial",$C21))),Variables!$B$1:$D$1,0),1))*(BJ21/365))+(W21*INDEX(Variables!$B$9:$D$9,IFERROR(MATCH(IF($B21="Robusta","Robusta",(IF($B21="","Arabica",$B21))&" - "&(IF($C21="","Commercial",$C21))),Variables!$B$1:$D$1,0),1))*(BJ21/365))+(INDEX(Variables!$B$8:$D$8,IFERROR(MATCH(IF($B21="Robusta","Robusta",(IF($B21="","Arabica",$B21))&" - "&(IF($C21="","Commercial",$C21))),Variables!$B$1:$D$1,0),1))*L21/16.67)),"")) -> -195.1924
A22: Kenya | B22: Arabica | C22: Commercial | D22: 45540 | E22: 45748 | F22: 45777 | G22: 3786508 | H22: 225-G-267 | J22: Dong Suh | K22: 5225 | L22: 840 | M22: 3 | N22: ABC FAQ, PSS to be drawn by SGS & sampling offer to be inclusive in the offer | O22: ABC Minus | P22: 10110 | R22: Bulk Bag | S22: Busan | T22: South Korea | U22: Asia | V22: 7.5 | W22: =IF($AX22="Cancelled","",IFERROR(((V22+INDEX(Variables!$B$6:$D$6,IFERROR(MATCH(IF($B22="Robusta","Robusta",(IF($B22="","Arabica",$B22))&" - "&(IF($C22="","Commercial",$C22))),Variables!$B$1:$D$1,0),1)))*22.0462)*(L22/16.67),"")) -> 331383.35 | X22: SAS | Y22: =IF($AX22="Cancelled","",IF(X22="","",IFERROR(IF(INDEX(Variables!$B$38:$B$47,MATCH(X22,Variables!$A$38:$A$47,0))="Yes","Yes","No"),"No"))) -> Yes | Z22: 45736 | AB22: 45757 | AC22: =IF($AX22="Cancelled","",IF(ISNUMBER(AB22),"Approved","")) -> Approved | AF22: 45757 | AG22: =IF($AX22="Cancelled","",IFERROR(IF(F22="","",F22-Variables!$B$13),"")) -> 45762 | AH22: =IF($AX22="Cancelled","",IFERROR(IF(AB22="","",(AVERAGE(E22:F22)-AB22)-Variables!$B$14),"")) -> -24.5 | AJ22: 45764 | AK22: =IF($AX22="Cancelled","",IFERROR(IF(AJ22="","",IF(AND(AB22="",AF22=""),"",IF(AF22>AB22,AF22+Variables!$B$15+Variables!$B$16+Variables!$B$17-AJ22,AB22+Variables!$B$16+Variables!$B$17-AJ22))),"")) -> 1 | AL22: Iceberg | AM22: ONE FCL/FCL | AN22: Calandra | AP22: 45784 | AR22: ONEYMBAF00481500 | AS22: 45784 | AU22: 45786 | AV22: 94 2132 4802 | AW22: 45796 | AX22: =IF(ISNUMBER(SEARCH("cancel",#REF!)),"Cancelled",IF(AND(AS22<>"",AU22<>"",AW22<>""),"Closed","Open")) -> Closed | AY22: =IF($AX22="Cancelled","",IF(AND(AS22<>"",AU22<>"",AW22<>""),"All dates received",_xlfn.TEXTJOIN(" and ",TRUE(),IF(AS22="","No sailing date",""),IF(AU22="","No shipping advice sent",""),IF(AW22="","No docs dispatch date","")))) -> All dates received | BD22: =IF($AX22="Cancelled","",IFERROR(IF(OR(AS22="",AJ22=""),"",(AJ22+Variables!$B$18-AS22)),"")) -> -5 | BE22: =IF($AX22="Cancelled","",IFERROR(IF(OR(AW22="",AS22=""),"",(AS22+Variables!$B$19)-AW22),"")) -> -7 | BF22: =IF($AX22="Cancelled","",IFERROR(W22*INDEX(Variables!$B$7:$D$7,IFERROR(MATCH(IF($B22="Robusta","Robusta",(IF($B22="","Arabica",$B22))&" - "&(IF($C22="","Commercial",$C22))),Variables!$B$1:$D$1,0),1))*(BE22/365),"")) -> -409.80354 | BG22: =IF($AX22="Cancelled","",IFERROR((W22*INDEX(Variables!$B$7:$D$7,IFERROR(MATCH(IF($B22="Robusta","Robusta",(IF($B22="","Arabica",$B22))&" - "&(IF($C22="","Commercial",$C22))),Variables!$B$1:$D$1,0),1))*IFERROR(IF(AB22="","",(AVERAGE(E22:F22)-AB22)-Variables!$B$14),"")/365)+(L22/16.67*INDEX(Variables!$B$8:$D$8,IFERROR(MATCH(IF($B22="Robusta","Robusta",(IF($B22="","Arabica",$B22))&" - "&(IF($C22="","Commercial",$C22))),Variables!$B$1:$D$1,0),1))*IFERROR(IF(AB22="","",(AVERAGE(E22:F22)-AB22)-Variables!$B$14),""))+(W22*INDEX(Variables!$B$9:$D$9,IFERROR(MATCH(IF($B22="Robusta","Robusta",(IF($B22="","Arabica",$B22))&" - "&(IF($C22="","Commercial",$C22))),Variables!$B$1:$D$1,0),1))*IFERROR(IF(AB22="","",(AVERAGE(E22:F22)-AB22)-Variables!$B$14),"")/365),"")) -> -2481.8034 | BH22: =IF($AX22="Cancelled","",IFERROR((W22*INDEX(Variables!$B$7:$D$7,IFERROR(MATCH(IF($B22="Robusta","Robusta",(IF($B22="","Arabica",$B22))&" - "&(IF($C22="","Commercial",$C22))),Variables!$B$1:$D$1,0),1))*AK22/365)+(L22/16.67*INDEX(Variables!$B$8:$D$8,IFERROR(MATCH(IF($B22="Robusta","Robusta",(IF($B22="","Arabica",$B22))&" - "&(IF($C22="","Commercial",$C22))),Variables!$B$1:$D$1,0),1))*AK22)+(W22*INDEX(Variables!$B$9:$D$9,IFERROR(MATCH(IF($B22="Robusta","Robusta",(IF($B22="","Arabica",$B22))&" - "&(IF($C22="","Commercial",$C22))),Variables!$B$1:$D$1,0),1))*AK22/365),"")) -> 101.2981 | BI22: =IF($AX22="Cancelled","",IFERROR((W22*INDEX(Variables!$B$7:$D$7,IFERROR(MATCH(IF($B22="Robusta","Robusta",(IF($B22="","Arabica",$B22))&" - "&(IF($C22="","Commercial",$C22))),Variables!$B$1:$D$1,0),1))*BD22/365)+(L22/16.67*INDEX(Variables!$B$8:$D$8,IFERROR(MATCH(IF($B22="Robusta","Robusta",(IF($B22="","Arabica",$B22))&" - "&(IF($C22="","Commercial",$C22))),Variables!$B$1:$D$1,0),1))*BD22)+(W22*INDEX(Variables!$B$9:$D$9,IFERROR(MATCH(IF($B22="Robusta","Robusta",(IF($B22="","Arabica",$B22))&" - "&(IF($C22="","Commercial",$C22))),Variables!$B$1:$D$1,0),1))*BD22/365),"")) -> -506.4905 | BJ22: =IF($AX22="Cancelled","",IFERROR(IF(AS22="","",F22-AS22),"")) -> -7 | BK22: =IF($AX22="Cancelled","",IFERROR(IF(BJ22="","",(W22*INDEX(Variables!$B$7:$D$7,IFERROR(MATCH(IF($B22="Robusta","Robusta",(IF($B22="","Arabica",$B22))&" - "&(IF($C22="","Commercial",$C22))),Variables!$B$1:$D$1,0),1))*(BJ22/365))+(W22*INDEX(Variables!$B$9:$D$9,IFERROR(MATCH(IF($B22="Robusta","Robusta",(IF($B22="","Arabica",$B22))&" - "&(IF($C22="","Commercial",$C22))),Variables!$B$1:$D$1,0),1))*(BJ22/365))+(INDEX(Variables!$B$8:$D$8,IFERROR(MATCH(IF($B22="Robusta","Robusta",(IF($B22="","Arabica",$B22))&" - "&(IF($C22="","Commercial",$C22))),Variables!$B$1:$D$1,0),1))*L22/16.67)),"")) -> -373.0867
A23: Kenya | B23: Arabica | C23: Commercial | D23: 45540 | E23: 45778 | F23: 45808 | G23: 3786509 | H23: 225-G-262 | J23: Dong Suh | K23: 5248 | L23: 840 | M23: 3 | N23: AB FAQ, PSS to be drawn by SGS & sampling offer to be inclusive in the offer | O23: ABC FAQ | P23: 10080 | R23: Bulk Bag | S23: Busan | T23: South Korea | U23: Asia | V23: 18 | W23: =IF($AX23="Cancelled","",IFERROR(((V23+INDEX(Variables!$B$6:$D$6,IFERROR(MATCH(IF($B23="Robusta","Robusta",(IF($B23="","Arabica",$B23))&" - "&(IF($C23="","Commercial",$C23))),Variables!$B$1:$D$1,0),1)))*22.0462)*(L23/16.67),"")) -> 343047.87 | X23: SAS | Y23: =IF($AX23="Cancelled","",IF(X23="","",IFERROR(IF(INDEX(Variables!$B$38:$B$47,MATCH(X23,Variables!$A$38:$A$47,0))="Yes","Yes","No"),"No"))) -> Yes | Z23: 45762 | AB23: 45779 | AC23: =IF($AX23="Cancelled","",IF(ISNUMBER(AB23),"Approved","")) -> Approved | AF23: =AJ23-7 -> 45777 | AG23: =IF($AX23="Cancelled","",IFERROR(IF(F23="","",F23-Variables!$B$13),"")) -> 45793 | AH23: =IF($AX23="Cancelled","",IFERROR(IF(AB23="","",(AVERAGE(E23:F23)-AB23)-Variables!$B$14),"")) -> -16 | AJ23: 45784 | AK23: =IF($AX23="Cancelled","",IFERROR(IF(AJ23="","",IF(AND(AB23="",AF23=""),"",IF(AF23>AB23,AF23+Variables!$B$15+Variables!$B$16+Variables!$B$17-AJ23,AB23+Variables!$B$16+Variables!$B$17-AJ23))),"")) -> 3 | AL23: Iceberg | AM23: ONE FCL/FCL | AN23: Kota Sahabat | AP23: 45807 | AR23: ONEYMBAF00628800 | AS23: 45807 | AU23: 45813 | AV23: 67 5733 1151 | AW23: 45821 | AX23: =IF(ISNUMBER(SEARCH("cancel",#REF!)),"Cancelled",IF(AND(AS23<>"",AU23<>"",AW23<>""),"Closed","Open")) -> Closed | AY23: =IF($AX23="Cancelled","",IF(AND(AS23<>"",AU23<>"",AW23<>""),"All dates received",_xlfn.TEXTJOIN(" and ",TRUE(),IF(AS23="","No sailing date",""),IF(AU23="","No shipping advice sent",""),IF(AW23="","No docs dispatch date","")))) -> All dates received | BD23: =IF($AX23="Cancelled","",IFERROR(IF(OR(AS23="",AJ23=""),"",(AJ23+Variables!$B$18-AS23)),"")) -> -8 | BE23: =IF($AX23="Cancelled","",IFERROR(IF(OR(AW23="",AS23=""),"",(AS23+Variables!$B$19)-AW23),"")) -> -9 | BF23: =IF($AX23="Cancelled","",IFERROR(W23*INDEX(Variables!$B$7:$D$7,IFERROR(MATCH(IF($B23="Robusta","Robusta",(IF($B23="","Arabica",$B23))&" - "&(IF($C23="","Commercial",$C23))),Variables!$B$1:$D$1,0),1))*(BE23/365),"")) -> -545.43652 | BG23: =IF($AX23="Cancelled","",IFERROR((W23*INDEX(Variables!$B$7:$D$7,IFERROR(MATCH(IF($B23="Robusta","Robusta",(IF($B23="","Arabica",$B23))&" - "&(IF($C23="","Commercial",$C23))),Variables!$B$1:$D$1,0),1))*IFERROR(IF(AB23="","",(AVERAGE(E23:F23)-AB23)-Variables!$B$14),"")/365)+(L23/16.67*INDEX(Variables!$B$8:$D$8,IFERROR(MATCH(IF($B23="Robusta","Robusta",(IF($B23="","Arabica",$B23))&" - "&(IF($C23="","Commercial",$C23))),Variables!$B$1:$D$1,0),1))*IFERROR(IF(AB23="","",(AVERAGE(E23:F23)-AB23)-Variables!$B$14),""))+(W23*INDEX(Variables!$B$9:$D$9,IFERROR(MATCH(IF($B23="Robusta","Robusta",(IF($B23="","Arabica",$B23))&" - "&(IF($C23="","Commercial",$C23))),Variables!$B$1:$D$1,0),1))*IFERROR(IF(AB23="","",(AVERAGE(E23:F23)-AB23)-Variables!$B$14),"")/365),"")) -> -1654.1658 | BH23: =IF($AX23="Cancelled","",IFERROR((W23*INDEX(Variables!$B$7:$D$7,IFERROR(MATCH(IF($B23="Robusta","Robusta",(IF($B23="","Arabica",$B23))&" - "&(IF($C23="","Commercial",$C23))),Variables!$B$1:$D$1,0),1))*AK23/365)+(L23/16.67*INDEX(Variables!$B$8:$D$8,IFERROR(MATCH(IF($B23="Robusta","Robusta",(IF($B23="","Arabica",$B23))&" - "&(IF($C23="","Commercial",$C23))),Variables!$B$1:$D$1,0),1))*AK23)+(W23*INDEX(Variables!$B$9:$D$9,IFERROR(MATCH(IF($B23="Robusta","Robusta",(IF($B23="","Arabica",$B23))&" - "&(IF($C23="","Commercial",$C23))),Variables!$B$1:$D$1,0),1))*AK23/365),"")) -> 310.15608 | BI23: =IF($AX23="Cancelled","",IFERROR((W23*INDEX(Variables!$B$7:$D$7,IFERROR(MATCH(IF($B23="Robusta","Robusta",(IF($B23="","Arabica",$B23))&" - "&(IF($C23="","Commercial",$C23))),Variables!$B$1:$D$1,0),1))*BD23/365)+(L23/16.67*INDEX(Variables!$B$8:$D$8,IFERROR(MATCH(IF($B23="Robusta","Robusta",(IF($B23="","Arabica",$B23))&" - "&(IF($C23="","Commercial",$C23))),Variables!$B$1:$D$1,0),1))*BD23)+(W23*INDEX(Variables!$B$9:$D$9,IFERROR(MATCH(IF($B23="Robusta","Robusta",(IF($B23="","Arabica",$B23))&" - "&(IF($C23="","Commercial",$C23))),Variables!$B$1:$D$1,0),1))*BD23/365),"")) -> -827.08289 | BJ23: =IF($AX23="Cancelled","",IFERROR(IF(AS23="","",F23-AS23),"")) -> 1 | BK23: =IF($AX23="Cancelled","",IFERROR(IF(BJ23="","",(W23*INDEX(Variables!$B$7:$D$7,IFERROR(MATCH(IF($B23="Robusta","Robusta",(IF($B23="","Arabica",$B23))&" - "&(IF($C23="","Commercial",$C23))),Variables!$B$1:$D$1,0),1))*(BJ23/365))+(W23*INDEX(Variables!$B$9:$D$9,IFERROR(MATCH(IF($B23="Robusta","Robusta",(IF($B23="","Arabica",$B23))&" - "&(IF($C23="","Commercial",$C23))),Variables!$B$1:$D$1,0),1))*(BJ23/365))+(INDEX(Variables!$B$8:$D$8,IFERROR(MATCH(IF($B23="Robusta","Robusta",(IF($B23="","Arabica",$B23))&" - "&(IF($C23="","Commercial",$C23))),Variables!$B$1:$D$1,0),1))*L23/16.67)),"")) -> 103.38536
A24: Kenya | B24: Arabica | C24: Commercial | D24: 45540 | E24: 45778 | F24: 45808 | G24: 3786510 | H24: 225-G-268 | J24: Dong Suh | K24: 5265 | L24: 840 | M24: 3 | N24: ABC FAQ, PSS to be drawn by SGS & sampling offer to be inclusive in the offer | O24: ABC Minus | P24: 10110 | R24: Bulk Bag | S24: Busan | T24: South Korea | U24: Asia | V24: 7.5 | W24: =IF($AX24="Cancelled","",IFERROR(((V24+INDEX(Variables!$B$6:$D$6,IFERROR(MATCH(IF($B24="Robusta","Robusta",(IF($B24="","Arabica",$B24))&" - "&(IF($C24="","Commercial",$C24))),Variables!$B$1:$D$1,0),1)))*22.0462)*(L24/16.67),"")) -> 331383.35 | X24: SAS | Y24: =IF($AX24="Cancelled","",IF(X24="","",IFERROR(IF(INDEX(Variables!$B$38:$B$47,MATCH(X24,Variables!$A$38:$A$47,0))="Yes","Yes","No"),"No"))) -> Yes | Z24: 45775 | AB24: 45790 | AC24: =IF($AX24="Cancelled","",IF(ISNUMBER(AB24),"Approved","")) -> Approved | AF24: =AJ24-7 -> 45789 | AG24: =IF($AX24="Cancelled","",IFERROR(IF(F24="","",F24-Variables!$B$13),"")) -> 45793 | AH24: =IF($AX24="Cancelled","",IFERROR(IF(AB24="","",(AVERAGE(E24:F24)-AB24)-Variables!$B$14),"")) -> -27 | AJ24: 45796 | AK24: =IF($AX24="Cancelled","",IFERROR(IF(AJ24="","",IF(AND(AB24="",AF24=""),"",IF(AF24>AB24,AF24+Variables!$B$15+Variables!$B$16+Variables!$B$17-AJ24,AB24+Variables!$B$16+Variables!$B$17-AJ24))),"")) -> 2 | AL24: Iceberg | AM24: Evergreen FCL/FCL | AN24: Ever Vow | AP24: 45807 | AR24: 321500001858 | AS24: 45807 | AU24: 45813 | AV24: 67 5733 1151 | AW24: 45821 | AX24: =IF(ISNUMBER(SEARCH("cancel",#REF!)),"Cancelled",IF(AND(AS24<>"",AU24<>"",AW24<>""),"Closed","Open")) -> Closed | AY24: =IF($AX24="Cancelled","",IF(AND(AS24<>"",AU24<>"",AW24<>""),"All dates received",_xlfn.TEXTJOIN(" and ",TRUE(),IF(AS24="","No sailing date",""),IF(AU24="","No shipping advice sent",""),IF(AW24="","No docs dispatch date","")))) -> All dates received | BD24: =IF($AX24="Cancelled","",IFERROR(IF(OR(AS24="",AJ24=""),"",(AJ24+Variables!$B$18-AS24)),"")) -> 4 | BE24: =IF($AX24="Cancelled","",IFERROR(IF(OR(AW24="",AS24=""),"",(AS24+Variables!$B$19)-AW24),"")) -> -9 | BF24: =IF($AX24="Cancelled","",IFERROR(W24*INDEX(Variables!$B$7:$D$7,IFERROR(MATCH(IF($B24="Robusta","Robusta",(IF($B24="","Arabica",$B24))&" - "&(IF($C24="","Commercial",$C24))),Variables!$B$1:$D$1,0),1))*(BE24/365),"")) -> -526.89026 | BG24: =IF($AX24="Cancelled","",IFERROR((W24*INDEX(Variables!$B$7:$D$7,IFERROR(MATCH(IF($B24="Robusta","Robusta",(IF($B24="","Arabica",$B24))&" - "&(IF($C24="","Commercial",$C24))),Variables!$B$1:$D$1,0),1))*IFERROR(IF(AB24="","",(AVERAGE(E24:F24)-AB24)-Variables!$B$14),"")/365)+(L24/16.67*INDEX(Variables!$B$8:$D$8,IFERROR(MATCH(IF($B24="Robusta","Robusta",(IF($B24="","Arabica",$B24))&" - "&(IF($C24="","Commercial",$C24))),Variables!$B$1:$D$1,0),1))*IFERROR(IF(AB24="","",(AVERAGE(E24:F24)-AB24)-Variables!$B$14),""))+(W24*INDEX(Variables!$B$9:$D$9,IFERROR(MATCH(IF($B24="Robusta","Robusta",(IF($B24="","Arabica",$B24))&" - "&(IF($C24="","Commercial",$C24))),Variables!$B$1:$D$1,0),1))*IFERROR(IF(AB24="","",(AVERAGE(E24:F24)-AB24)-Variables!$B$14),"")/365),"")) -> -2735.0487 | BH24: =IF($AX24="Cancelled","",IFERROR((W24*INDEX(Variables!$B$7:$D$7,IFERROR(MATCH(IF($B24="Robusta","Robusta",(IF($B24="","Arabica",$B24))&" - "&(IF($C24="","Commercial",$C24))),Variables!$B$1:$D$1,0),1))*AK24/365)+(L24/16.67*INDEX(Variables!$B$8:$D$8,IFERROR(MATCH(IF($B24="Robusta","Robusta",(IF($B24="","Arabica",$B24))&" - "&(IF($C24="","Commercial",$C24))),Variables!$B$1:$D$1,0),1))*AK24)+(W24*INDEX(Variables!$B$9:$D$9,IFERROR(MATCH(IF($B24="Robusta","Robusta",(IF($B24="","Arabica",$B24))&" - "&(IF($C24="","Commercial",$C24))),Variables!$B$1:$D$1,0),1))*AK24/365),"")) -> 202.5962 | BI24: =IF($AX24="Cancelled","",IFERROR((W24*INDEX(Variables!$B$7:$D$7,IFERROR(MATCH(IF($B24="Robusta","Robusta",(IF($B24="","Arabica",$B24))&" - "&(IF($C24="","Commercial",$C24))),Variables!$B$1:$D$1,0),1))*BD24/365)+(L24/16.67*INDEX(Variables!$B$8:$D$8,IFERROR(MATCH(IF($B24="Robusta","Robusta",(IF($B24="","Arabica",$B24))&" - "&(IF($C24="","Commercial",$C24))),Variables!$B$1:$D$1,0),1))*BD24)+(W24*INDEX(Variables!$B$9:$D$9,IFERROR(MATCH(IF($B24="Robusta","Robusta",(IF($B24="","Arabica",$B24))&" - "&(IF($C24="","Commercial",$C24))),Variables!$B$1:$D$1,0),1))*BD24/365),"")) -> 405.1924 | BJ24: =IF($AX24="Cancelled","",IFERROR(IF(AS24="","",F24-AS24),"")) -> 1 | BK24: =IF($AX24="Cancelled","",IFERROR(IF(BJ24="","",(W24*INDEX(Variables!$B$7:$D$7,IFERROR(MATCH(IF($B24="Robusta","Robusta",(IF($B24="","Arabica",$B24))&" - "&(IF($C24="","Commercial",$C24))),Variables!$B$1:$D$1,0),1))*(BJ24/365))+(W24*INDEX(Variables!$B$9:$D$9,IFERROR(MATCH(IF($B24="Robusta","Robusta",(IF($B24="","Arabica",$B24))&" - "&(IF($C24="","Commercial",$C24))),Variables!$B$1:$D$1,0),1))*(BJ24/365))+(INDEX(Variables!$B$8:$D$8,IFERROR(MATCH(IF($B24="Robusta","Robusta",(IF($B24="","Arabica",$B24))&" - "&(IF($C24="","Commercial",$C24))),Variables!$B$1:$D$1,0),1))*L24/16.67)),"")) -> 101.2981
A25: Kenya | B25: Arabica | C25: Commercial | D25: 45540 | E25: 45809 | F25: 45838 | G25: 3786511 | H25: 225-G-270 | J25: Dong Suh | K25: 5293 | L25: 840 | M25: 3 | N25: ABC FAQ, PSS to be drawn by SGS & sampling offer to be inclusive in the offer | O25: ABC Minus | P25: 10110 | R25: Bulk Bag | S25: Busan | T25: South Korea | U25: Asia | V25: 7.5 | W25: =IF($AX25="Cancelled","",IFERROR(((V25+INDEX(Variables!$B$6:$D$6,IFERROR(MATCH(IF($B25="Robusta","Robusta",(IF($B25="","Arabica",$B25))&" - "&(IF($C25="","Commercial",$C25))),Variables!$B$1:$D$1,0),1)))*22.0462)*(L25/16.67),"")) -> 331383.35 | X25: SAS | Y25: =IF($AX25="Cancelled","",IF(X25="","",IFERROR(IF(INDEX(Variables!$B$38:$B$47,MATCH(X25,Variables!$A$38:$A$47,0))="Yes","Yes","No"),"No"))) -> Yes | Z25: 45793 | AB25: 45812 | AC25: =IF($AX25="Cancelled","",IF(ISNUMBER(AB25),"Approved","")) -> Approved | AF25: =AJ25-7 -> 45811 | AG25: =IF($AX25="Cancelled","",IFERROR(IF(F25="","",F25-Variables!$B$13),"")) -> 45823 | AH25: =IF($AX25="Cancelled","",IFERROR(IF(AB25="","",(AVERAGE(E25:F25)-AB25)-Variables!$B$14),"")) -> -18.5 | AJ25: 45818 | AK25: =IF($AX25="Cancelled","",IFERROR(IF(AJ25="","",IF(AND(AB25="",AF25=""),"",IF(AF25>AB25,AF25+Variables!$B$15+Variables!$B$16+Variables!$B$17-AJ25,AB25+Variables!$B$16+Variables!$B$17-AJ25))),"")) -> 2 | AL25: Iceberg | AM25: ONE FCL/FCL | AN25: Kota Sejarah | AP25: 45838 | AR25: ONEYMBAF00842600 | AS25: 45838 | AU25: 45839 | AV25: 24 1668 4745 | AW25: 45846 | AX25: =IF(ISNUMBER(SEARCH("cancel",#REF!)),"Cancelled",IF(AND(AS25<>"",AU25<>"",AW25<>""),"Closed","Open")) -> Closed | AY25: =IF($AX25="Cancelled","",IF(AND(AS25<>"",AU25<>"",AW25<>""),"All dates received",_xlfn.TEXTJOIN(" and ",TRUE(),IF(AS25="","No sailing date",""),IF(AU25="","No shipping advice sent",""),IF(AW25="","No docs dispatch date","")))) -> All dates received | BD25: =IF($AX25="Cancelled","",IFERROR(IF(OR(AS25="",AJ25=""),"",(AJ25+Variables!$B$18-AS25)),"")) -> -5 | BE25: =IF($AX25="Cancelled","",IFERROR(IF(OR(AW25="",AS25=""),"",(AS25+Variables!$B$19)-AW25),"")) -> -3 | BF25: =IF($AX25="Cancelled","",IFERROR(W25*INDEX(Variables!$B$7:$D$7,IFERROR(MATCH(IF($B25="Robusta","Robusta",(IF($B25="","Arabica",$B25))&" - "&(IF($C25="","Commercial",$C25))),Variables!$B$1:$D$1,0),1))*(BE25/365),"")) -> -175.63009 | BG25: =IF($AX25="Cancelled","",IFERROR((W25*INDEX(Variables!$B$7:$D$7,IFERROR(MATCH(IF($B25="Robusta","Robusta",(IF($B25="","Arabica",$B25))&" - "&(IF($C25="","Commercial",$C25))),Variables!$B$1:$D$1,0),1))*IFERROR(IF(AB25="","",(AVERAGE(E25:F25)-AB25)-Variables!$B$14),"")/365)+(L25/16.67*INDEX(Variables!$B$8:$D$8,IFERROR(MATCH(IF($B25="Robusta","Robusta",(IF($B25="","Arabica",$B25))&" - "&(IF($C25="","Commercial",$C25))),Variables!$B$1:$D$1,0),1))*IFERROR(IF(AB25="","",(AVERAGE(E25:F25)-AB25)-Variables!$B$14),""))+(W25*INDEX(Variables!$B$9:$D$9,IFERROR(MATCH(IF($B25="Robusta","Robusta",(IF($B25="","Arabica",$B25))&" - "&(IF($C25="","Commercial",$C25))),Variables!$B$1:$D$1,0),1))*IFERROR(IF(AB25="","",(AVERAGE(E25:F25)-AB25)-Variables!$B$14),"")/365),"")) -> -1874.0148 | BH25: =IF($AX25="Cancelled","",IFERROR((W25*INDEX(Variables!$B$7:$D$7,IFERROR(MATCH(IF($B25="Robusta","Robusta",(IF($B25="","Arabica",$B25))&" - "&(IF($C25="","Commercial",$C25))),Variables!$B$1:$D$1,0),1))*AK25/365)+(L25/16.67*INDEX(Variables!$B$8:$D$8,IFERROR(MATCH(IF($B25="Robusta","Robusta",(IF($B25="","Arabica",$B25))&" - "&(IF($C25="","Commercial",$C25))),Variables!$B$1:$D$1,0),1))*AK25)+(W25*INDEX(Variables!$B$9:$D$9,IFERROR(MATCH(IF($B25="Robusta","Robusta",(IF($B25="","Arabica",$B25))&" - "&(IF($C25="","Commercial",$C25))),Variables!$B$1:$D$1,0),1))*AK25/365),"")) -> 202.5962 | BI25: =IF($AX25="Cancelled","",IFERROR((W25*INDEX(Variables!$B$7:$D$7,IFERROR(MATCH(IF($B25="Robusta","Robusta",(IF($B25="","Arabica",$B25))&" - "&(IF($C25="","Commercial",$C25))),Variables!$B$1:$D$1,0),1))*BD25/365)+(L25/16.67*INDEX(Variables!$B$8:$D$8,IFERROR(MATCH(IF($B25="Robusta","Robusta",(IF($B25="","Arabica",$B25))&" - "&(IF($C25="","Commercial",$C25))),Variables!$B$1:$D$1,0),1))*BD25)+(W25*INDEX(Variables!$B$9:$D$9,IFERROR(MATCH(IF($B25="Robusta","Robusta",(IF($B25="","Arabica",$B25))&" - "&(IF($C25="","Commercial",$C25))),Variables!$B$1:$D$1,0),1))*BD25/365),"")) -> -506.4905 | BJ25: =IF($AX25="Cancelled","",IFERROR(IF(AS25="","",F25-AS25),"")) -> 0 | BK25: =IF($AX25="Cancelled","",IFERROR(IF(BJ25="","",(W25*INDEX(Variables!$B$7:$D$7,IFERROR(MATCH(IF($B25="Robusta","Robusta",(IF($B25="","Arabica",$B25))&" - "&(IF($C25="","Commercial",$C25))),Variables!$B$1:$D$1,0),1))*(BJ25/365))+(W25*INDEX(Variables!$B$9:$D$9,IFERROR(MATCH(IF($B25="Robusta","Robusta",(IF($B25="","Arabica",$B25))&" - "&(IF($C25="","Commercial",$C25))),Variables!$B$1:$D$1,0),1))*(BJ25/365))+(INDEX(Variables!$B$8:$D$8,IFERROR(MATCH(IF($B25="Robusta","Robusta",(IF($B25="","Arabica",$B25))&" - "&(IF($C25="","Commercial",$C25))),Variables!$B$1:$D$1,0),1))*L25/16.67)),"")) -> 42
A26: Kenya | B26: Arabica | C26: Commercial | D26: 45540 | E26: 45870 | F26: 45900 | G26: 3786512 | H26: 225-G-263 | J26: Dong Suh | K26: 5314 | L26: 840 | M26: 3 | N26: AB FAQ, PSS to be drawn by SGS & sampling offer to be inclusive in the offer | O26: ABC FAQ | P26: 10080 | R26: Bulk Bag | S26: Busan | T26: South Korea | U26: Asia | V26: 18 | W26: =IF($AX26="Cancelled","",IFERROR(((V26+INDEX(Variables!$B$6:$D$6,IFERROR(MATCH(IF($B26="Robusta","Robusta",(IF($B26="","Arabica",$B26))&" - "&(IF($C26="","Commercial",$C26))),Variables!$B$1:$D$1,0),1)))*22.0462)*(L26/16.67),"")) -> 343047.87 | X26: SAS | Y26: =IF($AX26="Cancelled","",IF(X26="","",IFERROR(IF(INDEX(Variables!$B$38:$B$47,MATCH(X26,Variables!$A$38:$A$47,0))="Yes","Yes","No"),"No"))) -> Yes | Z26: 45834 | AC26: =IF($AX26="Cancelled","",IF(ISNUMBER(AB26),"Approved","")) | AF26: =AJ26-7 -> 45874 | AG26: =IF($AX26="Cancelled","",IFERROR(IF(F26="","",F26-Variables!$B$13),"")) -> 45885 | AH26: =IF($AX26="Cancelled","",IFERROR(IF(AB26="","",(AVERAGE(E26:F26)-AB26)-Variables!$B$14),"")) | AJ26: 45881 | AK26: =IF($AX26="Cancelled","",IFERROR(IF(AJ26="","",IF(AND(AB26="",AF26=""),"",IF(AF26>AB26,AF26+Variables!$B$15+Variables!$B$16+Variables!$B$17-AJ26,AB26+Variables!$B$16+Variables!$B$17-AJ26))),"")) -> 8 | AL26: Iceberg | AM26: ONE FCL/FCL | AN26: One Atlas | AP26: 45903 | AR26: ONEYMBAF01244300 | AS26: 45903 | AU26: 45904 | AV26: 2832 306 326 | AW26: 45912 | AX26: =IF(ISNUMBER(SEARCH("cancel",#REF!)),"Cancelled",IF(AND(AS26<>"",AU26<>"",AW26<>""),"Closed","Open")) -> Closed | AY26: =IF($AX26="Cancelled","",IF(AND(AS26<>"",AU26<>"",AW26<>""),"All dates received",_xlfn.TEXTJOIN(" and ",TRUE(),IF(AS26="","No sailing date",""),IF(AU26="","No shipping advice sent",""),IF(AW26="","No docs dispatch date","")))) -> All dates received | BD26: =IF($AX26="Cancelled","",IFERROR(IF(OR(AS26="",AJ26=""),"",(AJ26+Variables!$B$18-AS26)),"")) -> -7 | BE26: =IF($AX26="Cancelled","",IFERROR(IF(OR(AW26="",AS26=""),"",(AS26+Variables!$B$19)-AW26),"")) -> -4 | BF26: =IF($AX26="Cancelled","",IFERROR(W26*INDEX(Variables!$B$7:$D$7,IFERROR(MATCH(IF($B26="Robusta","Robusta",(IF($B26="","Arabica",$B26))&" - "&(IF($C26="","Commercial",$C26))),Variables!$B$1:$D$1,0),1))*(BE26/365),"")) -> -242.41623 | BG26: =IF($AX26="Cancelled","",IFERROR((W26*INDEX(Variables!$B$7:$D$7,IFERROR(MATCH(IF($B26="Robusta","Robusta",(IF($B26="","Arabica",$B26))&" - "&(IF($C26="","Commercial",$C26))),Variables!$B$1:$D$1,0),1))*IFERROR(IF(AB26="","",(AVERAGE(E26:F26)-AB26)-Variables!$B$14),"")/365)+(L26/16.67*INDEX(Variables!$B$8:$D$8,IFERROR(MATCH(IF($B26="Robusta","Robusta",(IF($B26="","Arabica",$B26))&" - "&(IF($C26="","Commercial",$C26))),Variables!$B$1:$D$1,0),1))*IFERROR(IF(AB26="","",(AVERAGE(E26:F26)-AB26)-Variables!$B$14),""))+(W26*INDEX(Variables!$B$9:$D$9,IFERROR(MATCH(IF($B26="Robusta","Robusta",(IF($B26="","Arabica",$B26))&" - "&(IF($C26="","Commercial",$C26))),Variables!$B$1:$D$1,0),1))*IFERROR(IF(AB26="","",(AVERAGE(E26:F26)-AB26)-Variables!$B$14),"")/365),"")) | BH26: =IF($AX26="Cancelled","",IFERROR((W26*INDEX(Variables!$B$7:$D$7,IFERROR(MATCH(IF($B26="Robusta","Robusta",(IF($B26="","Arabica",$B26))&" - "&(IF($C26="","Commercial",$C26))),Variables!$B$1:$D$1,0),1))*AK26/365)+(L26/16.67*INDEX(Variables!$B$8:$D$8,IFERROR(MATCH(IF($B26="Robusta","Robusta",(IF($B26="","Arabica",$B26))&" - "&(IF($C26="","Commercial",$C26))),Variables!$B$1:$D$1,0),1))*AK26)+(W26*INDEX(Variables!$B$9:$D$9,IFERROR(MATCH(IF($B26="Robusta","Robusta",(IF($B26="","Arabica",$B26))&" - "&(IF($C26="","Commercial",$C26))),Variables!$B$1:$D$1,0),1))*AK26/365),"")) -> 827.08289 | BI26: =IF($AX26="Cancelled","",IFERROR((W26*INDEX(Variables!$B$7:$D$7,IFERROR(MATCH(IF($B26="Robusta","Robusta",(IF($B26="","Arabica",$B26))&" - "&(IF($C26="","Commercial",$C26))),Variables!$B$1:$D$1,0),1))*BD26/365)+(L26/16.67*INDEX(Variables!$B$8:$D$8,IFERROR(MATCH(IF($B26="Robusta","Robusta",(IF($B26="","Arabica",$B26))&" - "&(IF($C26="","Commercial",$C26))),Variables!$B$1:$D$1,0),1))*BD26)+(W26*INDEX(Variables!$B$9:$D$9,IFERROR(MATCH(IF($B26="Robusta","Robusta",(IF($B26="","Arabica",$B26))&" - "&(IF($C26="","Commercial",$C26))),Variables!$B$1:$D$1,0),1))*BD26/365),"")) -> -723.69753 | BJ26: =IF($AX26="Cancelled","",IFERROR(IF(AS26="","",F26-AS26),"")) -> -3 | BK26: =IF($AX26="Cancelled","",IFERROR(IF(BJ26="","",(W26*INDEX(Variables!$B$7:$D$7,IFERROR(MATCH(IF($B26="Robusta","Robusta",(IF($B26="","Arabica",$B26))&" - "&(IF($C26="","Commercial",$C26))),Variables!$B$1:$D$1,0),1))*(BJ26/365))+(W26*INDEX(Variables!$B$9:$D$9,IFERROR(MATCH(IF($B26="Robusta","Robusta",(IF($B26="","Arabica",$B26))&" - "&(IF($C26="","Commercial",$C26))),Variables!$B$1:$D$1,0),1))*(BJ26/365))+(INDEX(Variables!$B$8:$D$8,IFERROR(MATCH(IF($B26="Robusta","Robusta",(IF($B26="","Arabica",$B26))&" - "&(IF($C26="","Commercial",$C26))),Variables!$B$1:$D$1,0),1))*L26/16.67)),"")) -> -142.15608
A27: Kenya | B27: Arabica | C27: Commercial | D27: 45540 | E27: 45778 | F27: 45808 | G27: 3786515 | H27: 225-G-269 | J27: Dong Suh | K27: 5266 | L27: 840 | M27: 3 | N27: ABC FAQ, PSS to be drawn by SGS & sampling offer to be inclusive in the offer | O27: ABC Minus | P27: 10110 | R27: Bulk Bag | S27: Busan | T27: South Korea | U27: Asia | V27: 7.5 | W27: =IF($AX27="Cancelled","",IFERROR(((V27+INDEX(Variables!$B$6:$D$6,IFERROR(MATCH(IF($B27="Robusta","Robusta",(IF($B27="","Arabica",$B27))&" - "&(IF($C27="","Commercial",$C27))),Variables!$B$1:$D$1,0),1)))*22.0462)*(L27/16.67),"")) -> 331383.35 | X27: SAS | Y27: =IF($AX27="Cancelled","",IF(X27="","",IFERROR(IF(INDEX(Variables!$B$38:$B$47,MATCH(X27,Variables!$A$38:$A$47,0))="Yes","Yes","No"),"No"))) -> Yes | Z27: 45775 | AB27: 45790 | AC27: =IF($AX27="Cancelled","",IF(ISNUMBER(AB27),"Approved","")) -> Approved | AF27: =AJ27-7 -> 45785 | AG27: =IF($AX27="Cancelled","",IFERROR(IF(F27="","",F27-Variables!$B$13),"")) -> 45793 | AH27: =IF($AX27="Cancelled","",IFERROR(IF(AB27="","",(AVERAGE(E27:F27)-AB27)-Variables!$B$14),"")) -> -27 | AJ27: 45792 | AK27: =IF($AX27="Cancelled","",IFERROR(IF(AJ27="","",IF(AND(AB27="",AF27=""),"",IF(AF27>AB27,AF27+Variables!$B$15+Variables!$B$16+Variables!$B$17-AJ27,AB27+Variables!$B$16+Variables!$B$17-AJ27))),"")) -> 6 | AL27: Iceberg | AM27: ONE FCL/FCL | AN27: Kota Sahabat | AP27: 45807 | AR27: ONEYMBAF00683900 | AS27: 45807 | AU27: 45813 | AV27: 67 5733 1151 | AW27: 45821 | AX27: =IF(ISNUMBER(SEARCH("cancel",#REF!)),"Cancelled",IF(AND(AS27<>"",AU27<>"",AW27<>""),"Closed","Open")) -> Closed | AY27: =IF($AX27="Cancelled","",IF(AND(AS27<>"",AU27<>"",AW27<>""),"All dates received",_xlfn.TEXTJOIN(" and ",TRUE(),IF(AS27="","No sailing date",""),IF(AU27="","No shipping advice sent",""),IF(AW27="","No docs dispatch date","")))) -> All dates received | BD27: =IF($AX27="Cancelled","",IFERROR(IF(OR(AS27="",AJ27=""),"",(AJ27+Variables!$B$18-AS27)),"")) -> 0 | BE27: =IF($AX27="Cancelled","",IFERROR(IF(OR(AW27="",AS27=""),"",(AS27+Variables!$B$19)-AW27),"")) -> -9 | BF27: =IF($AX27="Cancelled","",IFERROR(W27*INDEX(Variables!$B$7:$D$7,IFERROR(MATCH(IF($B27="Robusta","Robusta",(IF($B27="","Arabica",$B27))&" - "&(IF($C27="","Commercial",$C27))),Variables!$B$1:$D$1,0),1))*(BE27/365),"")) -> -526.89026 | BG27: =IF($AX27="Cancelled","",IFERROR((W27*INDEX(Variables!$B$7:$D$7,IFERROR(MATCH(IF($B27="Robusta","Robusta",(IF($B27="","Arabica",$B27))&" - "&(IF($C27="","Commercial",$C27))),Variables!$B$1:$D$1,0),1))*IFERROR(IF(AB27="","",(AVERAGE(E27:F27)-AB27)-Variables!$B$14),"")/365)+(L27/16.67*INDEX(Variables!$B$8:$D$8,IFERROR(MATCH(IF($B27="Robusta","Robusta",(IF($B27="","Arabica",$B27))&" - "&(IF($C27="","Commercial",$C27))),Variables!$B$1:$D$1,0),1))*IFERROR(IF(AB27="","",(AVERAGE(E27:F27)-AB27)-Variables!$B$14),""))+(W27*INDEX(Variables!$B$9:$D$9,IFERROR(MATCH(IF($B27="Robusta","Robusta",(IF($B27="","Arabica",$B27))&" - "&(IF($C27="","Commercial",$C27))),Variables!$B$1:$D$1,0),1))*IFERROR(IF(AB27="","",(AVERAGE(E27:F27)-AB27)-Variables!$B$14),"")/365),"")) -> -2735.0487 | BH27: =IF($AX27="Cancelled","",IFERROR((W27*INDEX(Variables!$B$7:$D$7,IFERROR(MATCH(IF($B27="Robusta","Robusta",(IF($B27="","Arabica",$B27))&" - "&(IF($C27="","Commercial",$C27))),Variables!$B$1:$D$1,0),1))*AK27/365)+(L27/16.67*INDEX(Variables!$B$8:$D$8,IFERROR(MATCH(IF($B27="Robusta","Robusta",(IF($B27="","Arabica",$B27))&" - "&(IF($C27="","Commercial",$C27))),Variables!$B$1:$D$1,0),1))*AK27)+(W27*INDEX(Variables!$B$9:$D$9,IFERROR(MATCH(IF($B27="Robusta","Robusta",(IF($B27="","Arabica",$B27))&" - "&(IF($C27="","Commercial",$C27))),Variables!$B$1:$D$1,0),1))*AK27/365),"")) -> 607.7886 | BI27: =IF($AX27="Cancelled","",IFERROR((W27*INDEX(Variables!$B$7:$D$7,IFERROR(MATCH(IF($B27="Robusta","Robusta",(IF($B27="","Arabica",$B27))&" - "&(IF($C27="","Commercial",$C27))),Variables!$B$1:$D$1,0),1))*BD27/365)+(L27/16.67*INDEX(Variables!$B$8:$D$8,IFERROR(MATCH(IF($B27="Robusta","Robusta",(IF($B27="","Arabica",$B27))&" - "&(IF($C27="","Commercial",$C27))),Variables!$B$1:$D$1,0),1))*BD27)+(W27*INDEX(Variables!$B$9:$D$9,IFERROR(MATCH(IF($B27="Robusta","Robusta",(IF($B27="","Arabica",$B27))&" - "&(IF($C27="","Commercial",$C27))),Variables!$B$1:$D$1,0),1))*BD27/365),"")) -> 0 | BJ27: =IF($AX27="Cancelled","",IFERROR(IF(AS27="","",F27-AS27),"")) -> 1 | BK27: =IF($AX27="Cancelled","",IFERROR(IF(BJ27="","",(W27*INDEX(Variables!$B$7:$D$7,IFERROR(MATCH(IF($B27="Robusta","Robusta",(IF($B27="","Arabica",$B27))&" - "&(IF($C27="","Commercial",$C27))),Variables!$B$1:$D$1,0),1))*(BJ27/365))+(W27*INDEX(Variables!$B$9:$D$9,IFERROR(MATCH(IF($B27="Robusta","Robusta",(IF($B27="","Arabica",$B27))&" - "&(IF($C27="","Commercial",$C27))),Variables!$B$1:$D$1,0),1))*(BJ27/365))+(INDEX(Variables!$B$8:$D$8,IFERROR(MATCH(IF($B27="Robusta","Robusta",(IF($B27="","Arabica",$B27))&" - "&(IF($C27="","Commercial",$C27))),Variables!$B$1:$D$1,0),1))*L27/16.67)),"")) -> 101.2981
A28: Kenya | B28: Arabica | C28: Commercial | D28: 45560 | E28: 45658 | F28: 45688 | G28: 3786530 | H28: 01-92386 | J28: BR | K28: 5143 | L28: 360 | M28: 1 | N28: Safi A JDE Type EUDR Aligned | O28: ABC Minus | P28: 10110 | Q28: EUDR | R28: Bulk Bag | S28: Bergen | T28: Norway | U28: Europe | V28: 4.75 | W28: =IF($AX28="Cancelled","",IFERROR(((V28+INDEX(Variables!$B$6:$D$6,IFERROR(MATCH(IF($B28="Robusta","Robusta",(IF($B28="","Arabica",$B28))&" - "&(IF($C28="","Commercial",$C28))),Variables!$B$1:$D$1,0),1)))*22.0462)*(L28/16.67),"")) -> 140712.15 | X28: SAS | Y28: =IF($AX28="Cancelled","",IF(X28="","",IFERROR(IF(INDEX(Variables!$B$38:$B$47,MATCH(X28,Variables!$A$38:$A$47,0))="Yes","Yes","No"),"No"))) -> Yes | Z28: 45616 | AB28: 45630 | AC28: =IF($AX28="Cancelled","",IF(ISNUMBER(AB28),"Approved","")) -> Approved | AF28: 45686 | AG28: =IF($AX28="Cancelled","",IFERROR(IF(F28="","",F28-Variables!$B$13),"")) -> 45673 | AH28: =IF($AX28="Cancelled","",IFERROR(IF(AB28="","",(AVERAGE(E28:F28)-AB28)-Variables!$B$14),"")) -> 13 | AJ28: 45687 | AK28: =IF($AX28="Cancelled","",IFERROR(IF(AJ28="","",IF(AND(AB28="",AF28=""),"",IF(AF28>AB28,AF28+Variables!$B$15+Variables!$B$16+Variables!$B$17-AJ28,AB28+Variables!$B$16+Variables!$B$17-AJ28))),"")) -> 14 | AL28: Iceberg | AM28: Maersk FCL/FCL | AN28: Maesk Cabo Verde | AP28: 45693 | AR28: 249153525 | AS28: 45693 | AU28: 45699 | AV28: Email | AW28: 45699 | AX28: =IF(ISNUMBER(SEARCH("cancel",#REF!)),"Cancelled",IF(AND(AS28<>"",AU28<>"",AW28<>""),"Closed","Open")) -> Closed | AY28: =IF($AX28="Cancelled","",IF(AND(AS28<>"",AU28<>"",AW28<>""),"All dates received",_xlfn.TEXTJOIN(" and ",TRUE(),IF(AS28="","No sailing date",""),IF(AU28="","No shipping advice sent",""),IF(AW28="","No docs dispatch date","")))) -> All dates received | BD28: =IF($AX28="Cancelled","",IFERROR(IF(OR(AS28="",AJ28=""),"",(AJ28+Variables!$B$18-AS28)),"")) -> 9 | BE28: =IF($AX28="Cancelled","",IFERROR(IF(OR(AW28="",AS28=""),"",(AS28+Variables!$B$19)-AW28),"")) -> -1 | BF28: =IF($AX28="Cancelled","",IFERROR(W28*INDEX(Variables!$B$7:$D$7,IFERROR(MATCH(IF($B28="Robusta","Robusta",(IF($B28="","Arabica",$B28))&" - "&(IF($C28="","Commercial",$C28))),Variables!$B$1:$D$1,0),1))*(BE28/365),"")) -> -24.85871 | BG28: =IF($AX28="Cancelled","",IFERROR((W28*INDEX(Variables!$B$7:$D$7,IFERROR(MATCH(IF($B28="Robusta","Robusta",(IF($B28="","Arabica",$B28))&" - "&(IF($C28="","Commercial",$C28))),Variables!$B$1:$D$1,0),1))*IFERROR(IF(AB28="","",(AVERAGE(E28:F28)-AB28)-Variables!$B$14),"")/365)+(L28/16.67*INDEX(Variables!$B$8:$D$8,IFERROR(MATCH(IF($B28="Robusta","Robusta",(IF($B28="","Arabica",$B28))&" - "&(IF($C28="","Commercial",$C28))),Variables!$B$1:$D$1,0),1))*IFERROR(IF(AB28="","",(AVERAGE(E28:F28)-AB28)-Variables!$B$14),""))+(W28*INDEX(Variables!$B$9:$D$9,IFERROR(MATCH(IF($B28="Robusta","Robusta",(IF($B28="","Arabica",$B28))&" - "&(IF($C28="","Commercial",$C28))),Variables!$B$1:$D$1,0),1))*IFERROR(IF(AB28="","",(AVERAGE(E28:F28)-AB28)-Variables!$B$14),"")/365),"")) -> 561.32943 | BH28: =IF($AX28="Cancelled","",IFERROR((W28*INDEX(Variables!$B$7:$D$7,IFERROR(MATCH(IF($B28="Robusta","Robusta",(IF($B28="","Arabica",$B28))&" - "&(IF($C28="","Commercial",$C28))),Variables!$B$1:$D$1,0),1))*AK28/365)+(L28/16.67*INDEX(Variables!$B$8:$D$8,IFERROR(MATCH(IF($B28="Robusta","Robusta",(IF($B28="","Arabica",$B28))&" - "&(IF($C28="","Commercial",$C28))),Variables!$B$1:$D$1,0),1))*AK28)+(W28*INDEX(Variables!$B$9:$D$9,IFERROR(MATCH(IF($B28="Robusta","Robusta",(IF($B28="","Arabica",$B28))&" - "&(IF($C28="","Commercial",$C28))),Variables!$B$1:$D$1,0),1))*AK28/365),"")) -> 604.50862 | BI28: =IF($AX28="Cancelled","",IFERROR((W28*INDEX(Variables!$B$7:$D$7,IFERROR(MATCH(IF($B28="Robusta","Robusta",(IF($B28="","Arabica",$B28))&" - "&(IF($C28="","Commercial",$C28))),Variables!$B$1:$D$1,0),1))*BD28/365)+(L28/16.67*INDEX(Variables!$B$8:$D$8,IFERROR(MATCH(IF($B28="Robusta","Robusta",(IF($B28="","Arabica",$B28))&" - "&(IF($C28="","Commercial",$C28))),Variables!$B$1:$D$1,0),1))*BD28)+(W28*INDEX(Variables!$B$9:$D$9,IFERROR(MATCH(IF($B28="Robusta","Robusta",(IF($B28="","Arabica",$B28))&" - "&(IF($C28="","Commercial",$C28))),Variables!$B$1:$D$1,0),1))*BD28/365),"")) -> 388.61268 | BJ28: =IF($AX28="Cancelled","",IFERROR(IF(AS28="","",F28-AS28),"")) -> -5 | BK28: =IF($AX28="Cancelled","",IFERROR(IF(BJ28="","",(W28*INDEX(Variables!$B$7:$D$7,IFERROR(MATCH(IF($B28="Robusta","Robusta",(IF($B28="","Arabica",$B28))&" - "&(IF($C28="","Commercial",$C28))),Variables!$B$1:$D$1,0),1))*(BJ28/365))+(W28*INDEX(Variables!$B$9:$D$9,IFERROR(MATCH(IF($B28="Robusta","Robusta",(IF($B28="","Arabica",$B28))&" - "&(IF($C28="","Commercial",$C28))),Variables!$B$1:$D$1,0),1))*(BJ28/365))+(INDEX(Variables!$B$8:$D$8,IFERROR(MATCH(IF($B28="Robusta","Robusta",(IF($B28="","Arabica",$B28))&" - "&(IF($C28="","Commercial",$C28))),Variables!$B$1:$D$1,0),1))*L28/16.67)),"")) -> -107.89593
A29: Kenya | B29: Arabica | C29: Commercial | D29: 45560 | E29: 45658 | F29: 45688 | G29: 3786530 | H29: 01-92386 | J29: BR | K29: 5143 | L29: 1440 | M29: 4 | N29: Safi A JDE Type EUDR Aligned | O29: ABC Minus | P29: 10110 | Q29: EUDR | R29: Bulk Bag | S29: Bergen | T29: Norway | U29: Europe | V29: 4.75 | W29: =IF($AX29="Cancelled","",IFERROR(((V29+INDEX(Variables!$B$6:$D$6,IFERROR(MATCH(IF($B29="Robusta","Robusta",(IF($B29="","Arabica",$B29))&" - "&(IF($C29="","Commercial",$C29))),Variables!$B$1:$D$1,0),1)))*22.0462)*(L29/16.67),"")) -> 562848.61 | X29: SAS | Y29: =IF($AX29="Cancelled","",IF(X29="","",IFERROR(IF(INDEX(Variables!$B$38:$B$47,MATCH(X29,Variables!$A$38:$A$47,0))="Yes","Yes","No"),"No"))) -> Yes | Z29: 45616 | AB29: 45630 | AC29: =IF($AX29="Cancelled","",IF(ISNUMBER(AB29),"Approved","")) -> Approved | AF29: 45686 | AG29: =IF($AX29="Cancelled","",IFERROR(IF(F29="","",F29-Variables!$B$13),"")) -> 45673 | AH29: =IF($AX29="Cancelled","",IFERROR(IF(AB29="","",(AVERAGE(E29:F29)-AB29)-Variables!$B$14),"")) -> 13 | AJ29: 45687 | AK29: =IF($AX29="Cancelled","",IFERROR(IF(AJ29="","",IF(AND(AB29="",AF29=""),"",IF(AF29>AB29,AF29+Variables!$B$15+Variables!$B$16+Variables!$B$17-AJ29,AB29+Variables!$B$16+Variables!$B$17-AJ29))),"")) -> 14 | AL29: Iceberg | AM29: Maersk FCL/FCL | AN29: Maesk Cabo Verde | AP29: 45693 | AR29: 249153525 | AS29: 45702 | AU29: 45705 | AV29: Email | AW29: 45705 | AX29: =IF(ISNUMBER(SEARCH("cancel",#REF!)),"Cancelled",IF(AND(AS29<>"",AU29<>"",AW29<>""),"Closed","Open")) -> Closed | AY29: =IF($AX29="Cancelled","",IF(AND(AS29<>"",AU29<>"",AW29<>""),"All dates received",_xlfn.TEXTJOIN(" and ",TRUE(),IF(AS29="","No sailing date",""),IF(AU29="","No shipping advice sent",""),IF(AW29="","No docs dispatch date","")))) -> All dates received | BD29: =IF($AX29="Cancelled","",IFERROR(IF(OR(AS29="",AJ29=""),"",(AJ29+Variables!$B$18-AS29)),"")) -> 0 | BE29: =IF($AX29="Cancelled","",IFERROR(IF(OR(AW29="",AS29=""),"",(AS29+Variables!$B$19)-AW29),"")) -> 2 | BF29: =IF($AX29="Cancelled","",IFERROR(W29*INDEX(Variables!$B$7:$D$7,IFERROR(MATCH(IF($B29="Robusta","Robusta",(IF($B29="","Arabica",$B29))&" - "&(IF($C29="","Commercial",$C29))),Variables!$B$1:$D$1,0),1))*(BE29/365),"")) -> 198.86968 | BG29: =IF($AX29="Cancelled","",IFERROR((W29*INDEX(Variables!$B$7:$D$7,IFERROR(MATCH(IF($B29="Robusta","Robusta",(IF($B29="","Arabica",$B29))&" - "&(IF($C29="","Commercial",$C29))),Variables!$B$1:$D$1,0),1))*IFERROR(IF(AB29="","",(AVERAGE(E29:F29)-AB29)-Variables!$B$14),"")/365)+(L29/16.67*INDEX(Variables!$B$8:$D$8,IFERROR(MATCH(IF($B29="Robusta","Robusta",(IF($B29="","Arabica",$B29))&" - "&(IF($C29="","Commercial",$C29))),Variables!$B$1:$D$1,0),1))*IFERROR(IF(AB29="","",(AVERAGE(E29:F29)-AB29)-Variables!$B$14),""))+(W29*INDEX(Variables!$B$9:$D$9,IFERROR(MATCH(IF($B29="Robusta","Robusta",(IF($B29="","Arabica",$B29))&" - "&(IF($C29="","Commercial",$C29))),Variables!$B$1:$D$1,0),1))*IFERROR(IF(AB29="","",(AVERAGE(E29:F29)-AB29)-Variables!$B$14),"")/365),"")) -> 2245.3177 | BH29: =IF($AX29="Cancelled","",IFERROR((W29*INDEX(Variables!$B$7:$D$7,IFERROR(MATCH(IF($B29="Robusta","Robusta",(IF($B29="","Arabica",$B29))&" - "&(IF($C29="","Commercial",$C29))),Variables!$B$1:$D$1,0),1))*AK29/365)+(L29/16.67*INDEX(Variables!$B$8:$D$8,IFERROR(MATCH(IF($B29="Robusta","Robusta",(IF($B29="","Arabica",$B29))&" - "&(IF($C29="","Commercial",$C29))),Variables!$B$1:$D$1,0),1))*AK29)+(W29*INDEX(Variables!$B$9:$D$9,IFERROR(MATCH(IF($B29="Robusta","Robusta",(IF($B29="","Arabica",$B29))&" - "&(IF($C29="","Commercial",$C29))),Variables!$B$1:$D$1,0),1))*AK29/365),"")) -> 2418.0345 | BI29: =IF($AX29="Cancelled","",IFERROR((W29*INDEX(Variables!$B$7:$D$7,IFERROR(MATCH(IF($B29="Robusta","Robusta",(IF($B29="","Arabica",$B29))&" - "&(IF($C29="","Commercial",$C29))),Variables!$B$1:$D$1,0),1))*BD29/365)+(L29/16.67*INDEX(Variables!$B$8:$D$8,IFERROR(MATCH(IF($B29="Robusta","Robusta",(IF($B29="","Arabica",$B29))&" - "&(IF($C29="","Commercial",$C29))),Variables!$B$1:$D$1,0),1))*BD29)+(W29*INDEX(Variables!$B$9:$D$9,IFERROR(MATCH(IF($B29="Robusta","Robusta",(IF($B29="","Arabica",$B29))&" - "&(IF($C29="","Commercial",$C29))),Variables!$B$1:$D$1,0),1))*BD29/365),"")) -> 0 | BJ29: =IF($AX29="Cancelled","",IFERROR(IF(AS29="","",F29-AS29),"")) -> -14 | BK29: =IF($AX29="Cancelled","",IFERROR(IF(BJ29="","",(W29*INDEX(Variables!$B$7:$D$7,IFERROR(MATCH(IF($B29="Robusta","Robusta",(IF($B29="","Arabica",$B29))&" - "&(IF($C29="","Commercial",$C29))),Variables!$B$1:$D$1,0),1))*(BJ29/365))+(W29*INDEX(Variables!$B$9:$D$9,IFERROR(MATCH(IF($B29="Robusta","Robusta",(IF($B29="","Arabica",$B29))&" - "&(IF($C29="","Commercial",$C29))),Variables!$B$1:$D$1,0),1))*(BJ29/365))+(INDEX(Variables!$B$8:$D$8,IFERROR(MATCH(IF($B29="Robusta","Robusta",(IF($B29="","Arabica",$B29))&" - "&(IF($C29="","Commercial",$C29))),Variables!$B$1:$D$1,0),1))*L29/16.67)),"")) -> -1338.0345
A30: Kenya | B30: Arabica | C30: Commercial | D30: 45560 | E30: 45658 | F30: 45688 | G30: 3786533 | H30: 01-92389 | J30: BR | K30: 5144A | L30: 720 | M30: 2 | N30: Safi B JDE Type EUDR Aligned | O30: ABC Minus | P30: 10110 | Q30: EUDR | R30: Bulk Bag | S30: Fos Sur Mer | T30: France | U30: Europe | V30: -2.5 | W30: =IF($AX30="Cancelled","",IFERROR(((V30+INDEX(Variables!$B$6:$D$6,IFERROR(MATCH(IF($B30="Robusta","Robusta",(IF($B30="","Arabica",$B30))&" - "&(IF($C30="","Commercial",$C30))),Variables!$B$1:$D$1,0),1)))*22.0462)*(L30/16.67),"")) -> 274520.82 | X30: SAS | Y30: =IF($AX30="Cancelled","",IF(X30="","",IFERROR(IF(INDEX(Variables!$B$38:$B$47,MATCH(X30,Variables!$A$38:$A$47,0))="Yes","Yes","No"),"No"))) -> Yes | Z30: 45616 | AB30: 45653 | AC30: =IF($AX30="Cancelled","",IF(ISNUMBER(AB30),"Approved","")) -> Approved | AF30: 45679 | AG30: =IF($AX30="Cancelled","",IFERROR(IF(F30="","",F30-Variables!$B$13),"")) -> 45673 | AH30: =IF($AX30="Cancelled","",IFERROR(IF(AB30="","",(AVERAGE(E30:F30)-AB30)-Variables!$B$14),"")) -> -10 | AJ30: 45680 | AK30: =IF($AX30="Cancelled","",IFERROR(IF(AJ30="","",IF(AND(AB30="",AF30=""),"",IF(AF30>AB30,AF30+Variables!$B$15+Variables!$B$16+Variables!$B$17-AJ30,AB30+Variables!$B$16+Variables!$B$17-AJ30))),"")) -> 14 | AL30: Maersk | AM30: Maersk FCL/FCL | AN30: Maersk Cape Town | AP30: 45688 | AR30: 249261163 | AS30: 45688 | AU30: 45692 | AV30: Email | AW30: 45692 | AX30: =IF(ISNUMBER(SEARCH("cancel",#REF!)),"Cancelled",IF(AND(AS30<>"",AU30<>"",AW30<>""),"Closed","Open")) -> Closed | AY30: =IF($AX30="Cancelled","",IF(AND(AS30<>"",AU30<>"",AW30<>""),"All dates received",_xlfn.TEXTJOIN(" and ",TRUE(),IF(AS30="","No sailing date",""),IF(AU30="","No shipping advice sent",""),IF(AW30="","No docs dispatch date","")))) -> All dates received | BD30: =IF($AX30="Cancelled","",IFERROR(IF(OR(AS30="",AJ30=""),"",(AJ30+Variables!$B$18-AS30)),"")) -> 7 | BE30: =IF($AX30="Cancelled","",IFERROR(IF(OR(AW30="",AS30=""),"",(AS30+Variables!$B$19)-AW30),"")) -> 1 | BF30: =IF($AX30="Cancelled","",IFERROR(W30*INDEX(Variables!$B$7:$D$7,IFERROR(MATCH(IF($B30="Robusta","Robusta",(IF($B30="","Arabica",$B30))&" - "&(IF($C30="","Commercial",$C30))),Variables!$B$1:$D$1,0),1))*(BE30/365),"")) -> 48.497825 | BG30: =IF($AX30="Cancelled","",IFERROR((W30*INDEX(Variables!$B$7:$D$7,IFERROR(MATCH(IF($B30="Robusta","Robusta",(IF($B30="","Arabica",$B30))&" - "&(IF($C30="","Commercial",$C30))),Variables!$B$1:$D$1,0),1))*IFERROR(IF(AB30="","",(AVERAGE(E30:F30)-AB30)-Variables!$B$14),"")/365)+(L30/16.67*INDEX(Variables!$B$8:$D$8,IFERROR(MATCH(IF($B30="Robusta","Robusta",(IF($B30="","Arabica",$B30))&" - "&(IF($C30="","Commercial",$C30))),Variables!$B$1:$D$1,0),1))*IFERROR(IF(AB30="","",(AVERAGE(E30:F30)-AB30)-Variables!$B$14),""))+(W30*INDEX(Variables!$B$9:$D$9,IFERROR(MATCH(IF($B30="Robusta","Robusta",(IF($B30="","Arabica",$B30))&" - "&(IF($C30="","Commercial",$C30))),Variables!$B$1:$D$1,0),1))*IFERROR(IF(AB30="","",(AVERAGE(E30:F30)-AB30)-Variables!$B$14),"")/365),"")) -> -851.23056 | BH30: =IF($AX30="Cancelled","",IFERROR((W30*INDEX(Variables!$B$7:$D$7,IFERROR(MATCH(IF($B30="Robusta","Robusta",(IF($B30="","Arabica",$B30))&" - "&(IF($C30="","Commercial",$C30))),Variables!$B$1:$D$1,0),1))*AK30/365)+(L30/16.67*INDEX(Variables!$B$8:$D$8,IFERROR(MATCH(IF($B30="Robusta","Robusta",(IF($B30="","Arabica",$B30))&" - "&(IF($C30="","Commercial",$C30))),Variables!$B$1:$D$1,0),1))*AK30)+(W30*INDEX(Variables!$B$9:$D$9,IFERROR(MATCH(IF($B30="Robusta","Robusta",(IF($B30="","Arabica",$B30))&" - "&(IF($C30="","Commercial",$C30))),Variables!$B$1:$D$1,0),1))*AK30/365),"")) -> 1191.7228 | BI30: =IF($AX30="Cancelled","",IFERROR((W30*INDEX(Variables!$B$7:$D$7,IFERROR(MATCH(IF($B30="Robusta","Robusta",(IF($B30="","Arabica",$B30))&" - "&(IF($C30="","Commercial",$C30))),Variables!$B$1:$D$1,0),1))*BD30/365)+(L30/16.67*INDEX(Variables!$B$8:$D$8,IFERROR(MATCH(IF($B30="Robusta","Robusta",(IF($B30="","Arabica",$B30))&" - "&(IF($C30="","Commercial",$C30))),Variables!$B$1:$D$1,0),1))*BD30)+(W30*INDEX(Variables!$B$9:$D$9,IFERROR(MATCH(IF($B30="Robusta","Robusta",(IF($B30="","Arabica",$B30))&" - "&(IF($C30="","Commercial",$C30))),Variables!$B$1:$D$1,0),1))*BD30/365),"")) -> 595.86139 | BJ30: =IF($AX30="Cancelled","",IFERROR(IF(AS30="","",F30-AS30),"")) -> 0 | BK30: =IF($AX30="Cancelled","",IFERROR(IF(BJ30="","",(W30*INDEX(Variables!$B$7:$D$7,IFERROR(MATCH(IF($B30="Robusta","Robusta",(IF($B30="","Arabica",$B30))&" - "&(IF($C30="","Commercial",$C30))),Variables!$B$1:$D$1,0),1))*(BJ30/365))+(W30*INDEX(Variables!$B$9:$D$9,IFERROR(MATCH(IF($B30="Robusta","Robusta",(IF($B30="","Arabica",$B30))&" - "&(IF($C30="","Commercial",$C30))),Variables!$B$1:$D$1,0),1))*(BJ30/365))+(INDEX(Variables!$B$8:$D$8,IFERROR(MATCH(IF($B30="Robusta","Robusta",(IF($B30="","Arabica",$B30))&" - "&(IF($C30="","Commercial",$C30))),Variables!$B$1:$D$1,0),1))*L30/16.67)),"")) -> 36
A31: Kenya | B31: Arabica | C31: Commercial | D31: 45560 | E31: 45658 | F31: 45688 | G31: 3786533 | H31: 01-92389 | J31: BR | K31: 5144B | L31: 720 | M31: 2 | N31: Safi B JDE Type EUDR Aligned | O31: ABC Minus | P31: 10110 | Q31: EUDR | R31: Bulk Bag | S31: Rotterdam | T31: Netherlands | U31: Europe | V31: -2.5 | W31: =IF($AX31="Cancelled","",IFERROR(((V31+INDEX(Variables!$B$6:$D$6,IFERROR(MATCH(IF($B31="Robusta","Robusta",(IF($B31="","Arabica",$B31))&" - "&(IF($C31="","Commercial",$C31))),Variables!$B$1:$D$1,0),1)))*22.0462)*(L31/16.67),"")) -> 274520.82 | X31: SAS | Y31: =IF($AX31="Cancelled","",IF(X31="","",IFERROR(IF(INDEX(Variables!$B$38:$B$47,MATCH(X31,Variables!$A$38:$A$47,0))="Yes","Yes","No"),"No"))) -> Yes | Z31: 45616 | AB31: 45653 | AC31: =IF($AX31="Cancelled","",IF(ISNUMBER(AB31),"Approved","")) -> Approved | AF31: 45679 | AG31: =IF($AX31="Cancelled","",IFERROR(IF(F31="","",F31-Variables!$B$13),"")) -> 45673 | AH31: =IF($AX31="Cancelled","",IFERROR(IF(AB31="","",(AVERAGE(E31:F31)-AB31)-Variables!$B$14),"")) -> -10 | AJ31: 45680 | AK31: =IF($AX31="Cancelled","",IFERROR(IF(AJ31="","",IF(AND(AB31="",AF31=""),"",IF(AF31>AB31,AF31+Variables!$B$15+Variables!$B$16+Variables!$B$17-AJ31,AB31+Variables!$B$16+Variables!$B$17-AJ31))),"")) -> 14 | AL31: Maersk | AM31: Maersk FCL/FCL | AN31: Maersk Cape Town | AP31: 45688 | AR31: 249261163 | AS31: 45688 | AU31: 45692 | AV31: Email | AW31: 45694 | AX31: =IF(ISNUMBER(SEARCH("cancel",#REF!)),"Cancelled",IF(AND(AS31<>"",AU31<>"",AW31<>""),"Closed","Open")) -> Closed | AY31: =IF($AX31="Cancelled","",IF(AND(AS31<>"",AU31<>"",AW31<>""),"All dates received",_xlfn.TEXTJOIN(" and ",TRUE(),IF(AS31="","No sailing date",""),IF(AU31="","No shipping advice sent",""),IF(AW31="","No docs dispatch date","")))) -> All dates received | BD31: =IF($AX31="Cancelled","",IFERROR(IF(OR(AS31="",AJ31=""),"",(AJ31+Variables!$B$18-AS31)),"")) -> 7 | BE31: =IF($AX31="Cancelled","",IFERROR(IF(OR(AW31="",AS31=""),"",(AS31+Variables!$B$19)-AW31),"")) -> -1 | BF31: =IF($AX31="Cancelled","",IFERROR(W31*INDEX(Variables!$B$7:$D$7,IFERROR(MATCH(IF($B31="Robusta","Robusta",(IF($B31="","Arabica",$B31))&" - "&(IF($C31="","Commercial",$C31))),Variables!$B$1:$D$1,0),1))*(BE31/365),"")) -> -48.497825 | BG31: =IF($AX31="Cancelled","",IFERROR((W31*INDEX(Variables!$B$7:$D$7,IFERROR(MATCH(IF($B31="Robusta","Robusta",(IF($B31="","Arabica",$B31))&" - "&(IF($C31="","Commercial",$C31))),Variables!$B$1:$D$1,0),1))*IFERROR(IF(AB31="","",(AVERAGE(E31:F31)-AB31)-Variables!$B$14),"")/365)+(L31/16.67*INDEX(Variables!$B$8:$D$8,IFERROR(MATCH(IF($B31="Robusta","Robusta",(IF($B31="","Arabica",$B31))&" - "&(IF($C31="","Commercial",$C31))),Variables!$B$1:$D$1,0),1))*IFERROR(IF(AB31="","",(AVERAGE(E31:F31)-AB31)-Variables!$B$14),""))+(W31*INDEX(Variables!$B$9:$D$9,IFERROR(MATCH(IF($B31="Robusta","Robusta",(IF($B31="","Arabica",$B31))&" - "&(IF($C31="","Commercial",$C31))),Variables!$B$1:$D$1,0),1))*IFERROR(IF(AB31="","",(AVERAGE(E31:F31)-AB31)-Variables!$B$14),"")/365),"")) -> -851.23056 | BH31: =IF($AX31="Cancelled","",IFERROR((W31*INDEX(Variables!$B$7:$D$7,IFERROR(MATCH(IF($B31="Robusta","Robusta",(IF($B31="","Arabica",$B31))&" - "&(IF($C31="","Commercial",$C31))),Variables!$B$1:$D$1,0),1))*AK31/365)+(L31/16.67*INDEX(Variables!$B$8:$D$8,IFERROR(MATCH(IF($B31="Robusta","Robusta",(IF($B31="","Arabica",$B31))&" - "&(IF($C31="","Commercial",$C31))),Variables!$B$1:$D$1,0),1))*AK31)+(W31*INDEX(Variables!$B$9:$D$9,IFERROR(MATCH(IF($B31="Robusta","Robusta",(IF($B31="","Arabica",$B31))&" - "&(IF($C31="","Commercial",$C31))),Variables!$B$1:$D$1,0),1))*AK31/365),"")) -> 1191.7228 | BI31: =IF($AX31="Cancelled","",IFERROR((W31*INDEX(Variables!$B$7:$D$7,IFERROR(MATCH(IF($B31="Robusta","Robusta",(IF($B31="","Arabica",$B31))&" - "&(IF($C31="","Commercial",$C31))),Variables!$B$1:$D$1,0),1))*BD31/365)+(L31/16.67*INDEX(Variables!$B$8:$D$8,IFERROR(MATCH(IF($B31="Robusta","Robusta",(IF($B31="","Arabica",$B31))&" - "&(IF($C31="","Commercial",$C31))),Variables!$B$1:$D$1,0),1))*BD31)+(W31*INDEX(Variables!$B$9:$D$9,IFERROR(MATCH(IF($B31="Robusta","Robusta",(IF($B31="","Arabica",$B31))&" - "&(IF($C31="","Commercial",$C31))),Variables!$B$1:$D$1,0),1))*BD31/365),"")) -> 595.86139 | BJ31: =IF($AX31="Cancelled","",IFERROR(IF(AS31="","",F31-AS31),"")) -> 0 | BK31: =IF($AX31="Cancelled","",IFERROR(IF(BJ31="","",(W31*INDEX(Variables!$B$7:$D$7,IFERROR(MATCH(IF($B31="Robusta","Robusta",(IF($B31="","Arabica",$B31))&" - "&(IF($C31="","Commercial",$C31))),Variables!$B$1:$D$1,0),1))*(BJ31/365))+(W31*INDEX(Variables!$B$9:$D$9,IFERROR(MATCH(IF($B31="Robusta","Robusta",(IF($B31="","Arabica",$B31))&" - "&(IF($C31="","Commercial",$C31))),Variables!$B$1:$D$1,0),1))*(BJ31/365))+(INDEX(Variables!$B$8:$D$8,IFERROR(MATCH(IF($B31="Robusta","Robusta",(IF($B31="","Arabica",$B31))&" - "&(IF($C31="","Commercial",$C31))),Variables!$B$1:$D$1,0),1))*L31/16.67)),"")) -> 36
A32: Kenya | B32: Arabica | C32: Commercial | D32: 45560 | E32: 45658 | F32: 45688 | G32: 3786533 | H32: 01-92389 | J32: BR | K32: 5144B | L32: 360 | M32: 1 | N32: Safi B JDE Type EUDR Aligned | O32: ABC Minus | P32: 10110 | Q32: EUDR | R32: Bulk Bag | S32: Rotterdam | T32: Netherlands | U32: Europe | V32: -2.5 | W32: =IF($AX32="Cancelled","",IFERROR(((V32+INDEX(Variables!$B$6:$D$6,IFERROR(MATCH(IF($B32="Robusta","Robusta",(IF($B32="","Arabica",$B32))&" - "&(IF($C32="","Commercial",$C32))),Variables!$B$1:$D$1,0),1)))*22.0462)*(L32/16.67),"")) -> 137260.41 | X32: SAS | Y32: =IF($AX32="Cancelled","",IF(X32="","",IFERROR(IF(INDEX(Variables!$B$38:$B$47,MATCH(X32,Variables!$A$38:$A$47,0))="Yes","Yes","No"),"No"))) -> Yes | Z32: 45616 | AB32: 45653 | AC32: =IF($AX32="Cancelled","",IF(ISNUMBER(AB32),"Approved","")) -> Approved | AF32: 45679 | AG32: =IF($AX32="Cancelled","",IFERROR(IF(F32="","",F32-Variables!$B$13),"")) -> 45673 | AH32: =IF($AX32="Cancelled","",IFERROR(IF(AB32="","",(AVERAGE(E32:F32)-AB32)-Variables!$B$14),"")) -> -10 | AJ32: 45680 | AK32: =IF($AX32="Cancelled","",IFERROR(IF(AJ32="","",IF(AND(AB32="",AF32=""),"",IF(AF32>AB32,AF32+Variables!$B$15+Variables!$B$16+Variables!$B$17-AJ32,AB32+Variables!$B$16+Variables!$B$17-AJ32))),"")) -> 14 | AL32: Maersk | AM32: Maersk FCL/FCL | AN32: Maersk Cape Town | AP32: 45688 | AR32: 249261163 | AS32: 45694 | AU32: 45699 | AV32: Email | AW32: 45699 | AX32: =IF(ISNUMBER(SEARCH("cancel",#REF!)),"Cancelled",IF(AND(AS32<>"",AU32<>"",AW32<>""),"Closed","Open")) -> Closed | AY32: =IF($AX32="Cancelled","",IF(AND(AS32<>"",AU32<>"",AW32<>""),"All dates received",_xlfn.TEXTJOIN(" and ",TRUE(),IF(AS32="","No sailing date",""),IF(AU32="","No shipping advice sent",""),IF(AW32="","No docs dispatch date","")))) -> All dates received | BD32: =IF($AX32="Cancelled","",IFERROR(IF(OR(AS32="",AJ32=""),"",(AJ32+Variables!$B$18-AS32)),"")) -> 1 | BE32: =IF($AX32="Cancelled","",IFERROR(IF(OR(AW32="",AS32=""),"",(AS32+Variables!$B$19)-AW32),"")) -> 0 | BF32: =IF($AX32="Cancelled","",IFERROR(W32*INDEX(Variables!$B$7:$D$7,IFERROR(MATCH(IF($B32="Robusta","Robusta",(IF($B32="","Arabica",$B32))&" - "&(IF($C32="","Commercial",$C32))),Variables!$B$1:$D$1,0),1))*(BE32/365),"")) -> 0 | BG32: =IF($AX32="Cancelled","",IFERROR((W32*INDEX(Variables!$B$7:$D$7,IFERROR(MATCH(IF($B32="Robusta","Robusta",(IF($B32="","Arabica",$B32))&" - "&(IF($C32="","Commercial",$C32))),Variables!$B$1:$D$1,0),1))*IFERROR(IF(AB32="","",(AVERAGE(E32:F32)-AB32)-Variables!$B$14),"")/365)+(L32/16.67*INDEX(Variables!$B$8:$D$8,IFERROR(MATCH(IF($B32="Robusta","Robusta",(IF($B32="","Arabica",$B32))&" - "&(IF($C32="","Commercial",$C32))),Variables!$B$1:$D$1,0),1))*IFERROR(IF(AB32="","",(AVERAGE(E32:F32)-AB32)-Variables!$B$14),""))+(W32*INDEX(Variables!$B$9:$D$9,IFERROR(MATCH(IF($B32="Robusta","Robusta",(IF($B32="","Arabica",$B32))&" - "&(IF($C32="","Commercial",$C32))),Variables!$B$1:$D$1,0),1))*IFERROR(IF(AB32="","",(AVERAGE(E32:F32)-AB32)-Variables!$B$14),"")/365),"")) -> -425.61528 | BH32: =IF($AX32="Cancelled","",IFERROR((W32*INDEX(Variables!$B$7:$D$7,IFERROR(MATCH(IF($B32="Robusta","Robusta",(IF($B32="","Arabica",$B32))&" - "&(IF($C32="","Commercial",$C32))),Variables!$B$1:$D$1,0),1))*AK32/365)+(L32/16.67*INDEX(Variables!$B$8:$D$8,IFERROR(MATCH(IF($B32="Robusta","Robusta",(IF($B32="","Arabica",$B32))&" - "&(IF($C32="","Commercial",$C32))),Variables!$B$1:$D$1,0),1))*AK32)+(W32*INDEX(Variables!$B$9:$D$9,IFERROR(MATCH(IF($B32="Robusta","Robusta",(IF($B32="","Arabica",$B32))&" - "&(IF($C32="","Commercial",$C32))),Variables!$B$1:$D$1,0),1))*AK32/365),"")) -> 595.86139 | BI32: =IF($AX32="Cancelled","",IFERROR((W32*INDEX(Variables!$B$7:$D$7,IFERROR(MATCH(IF($B32="Robusta","Robusta",(IF($B32="","Arabica",$B32))&" - "&(IF($C32="","Commercial",$C32))),Variables!$B$1:$D$1,0),1))*BD32/365)+(L32/16.67*INDEX(Variables!$B$8:$D$8,IFERROR(MATCH(IF($B32="Robusta","Robusta",(IF($B32="","Arabica",$B32))&" - "&(IF($C32="","Commercial",$C32))),Variables!$B$1:$D$1,0),1))*BD32)+(W32*INDEX(Variables!$B$9:$D$9,IFERROR(MATCH(IF($B32="Robusta","Robusta",(IF($B32="","Arabica",$B32))&" - "&(IF($C32="","Commercial",$C32))),Variables!$B$1:$D$1,0),1))*BD32/365),"")) -> 42.561528 | BJ32: =IF($AX32="Cancelled","",IFERROR(IF(AS32="","",F32-AS32),"")) -> -6 | BK32: =IF($AX32="Cancelled","",IFERROR(IF(BJ32="","",(W32*INDEX(Variables!$B$7:$D$7,IFERROR(MATCH(IF($B32="Robusta","Robusta",(IF($B32="","Arabica",$B32))&" - "&(IF($C32="","Commercial",$C32))),Variables!$B$1:$D$1,0),1))*(BJ32/365))+(W32*INDEX(Variables!$B$9:$D$9,IFERROR(MATCH(IF($B32="Robusta","Robusta",(IF($B32="","Arabica",$B32))&" - "&(IF($C32="","Commercial",$C32))),Variables!$B$1:$D$1,0),1))*(BJ32/365))+(INDEX(Variables!$B$8:$D$8,IFERROR(MATCH(IF($B32="Robusta","Robusta",(IF($B32="","Arabica",$B32))&" - "&(IF($C32="","Commercial",$C32))),Variables!$B$1:$D$1,0),1))*L32/16.67)),"")) -> -129.36917
A33: Kenya | B33: Arabica | C33: Commercial | D33: 45560 | E33: 45658 | F33: 45688 | G33: 3786536 | H33: 01-92392 | J33: BR | K33: 5145 | L33: 1080 | M33: 3 | N33: AB FAQ JDE Type EUDR Aligned | O33: ABC FAQ | P33: 10080 | Q33: EUDR | R33: Bulk Bag | S33: Fos Sur Mer | T33: France | U33: Europe | V33: 16 | W33: =IF($AX33="Cancelled","",IFERROR(((V33+INDEX(Variables!$B$6:$D$6,IFERROR(MATCH(IF($B33="Robusta","Robusta",(IF($B33="","Arabica",$B33))&" - "&(IF($C33="","Commercial",$C33))),Variables!$B$1:$D$1,0),1)))*22.0462)*(L33/16.67),"")) -> 438204.92 | X33: SAS | Y33: =IF($AX33="Cancelled","",IF(X33="","",IFERROR(IF(INDEX(Variables!$B$38:$B$47,MATCH(X33,Variables!$A$38:$A$47,0))="Yes","Yes","No"),"No"))) -> Yes | Z33: 45616 | AB33: 45630 | AC33: =IF($AX33="Cancelled","",IF(ISNUMBER(AB33),"Approved","")) -> Approved | AF33: =AJ33-7 -> 45638 | AG33: =IF($AX33="Cancelled","",IFERROR(IF(F33="","",F33-Variables!$B$13),"")) -> 45673 | AH33: =IF($AX33="Cancelled","",IFERROR(IF(AB33="","",(AVERAGE(E33:F33)-AB33)-Variables!$B$14),"")) -> 13 | AJ33: 45645 | AK33: =IF($AX33="Cancelled","",IFERROR(IF(AJ33="","",IF(AND(AB33="",AF33=""),"",IF(AF33>AB33,AF33+Variables!$B$15+Variables!$B$16+Variables!$B$17-AJ33,AB33+Variables!$B$16+Variables!$B$17-AJ33))),"")) -> 8 | AL33: Iceberg | AM33: CMA-CGM FCL/FCL | AN33: Nordpanther | AP33: 45661 | AR33: MOB0148499 | AS33: 45661 | AU33: 45664 | AV33: Email | AW33: 45664 | AX33: =IF(ISNUMBER(SEARCH("cancel",#REF!)),"Cancelled",IF(AND(AS33<>"",AU33<>"",AW33<>""),"Closed","Open")) -> Closed | AY33: =IF($AX33="Cancelled","",IF(AND(AS33<>"",AU33<>"",AW33<>""),"All dates received",_xlfn.TEXTJOIN(" and ",TRUE(),IF(AS33="","No sailing date",""),IF(AU33="","No shipping advice sent",""),IF(AW33="","No docs dispatch date","")))) -> All dates received | BD33: =IF($AX33="Cancelled","",IFERROR(IF(OR(AS33="",AJ33=""),"",(AJ33+Variables!$B$18-AS33)),"")) -> -1 | BE33: =IF($AX33="Cancelled","",IFERROR(IF(OR(AW33="",AS33=""),"",(AS33+Variables!$B$19)-AW33),"")) -> 2 | BF33: =IF($AX33="Cancelled","",IFERROR(W33*INDEX(Variables!$B$7:$D$7,IFERROR(MATCH(IF($B33="Robusta","Robusta",(IF($B33="","Arabica",$B33))&" - "&(IF($C33="","Commercial",$C33))),Variables!$B$1:$D$1,0),1))*(BE33/365),"")) -> 154.82969 | BG33: =IF($AX33="Cancelled","",IFERROR((W33*INDEX(Variables!$B$7:$D$7,IFERROR(MATCH(IF($B33="Robusta","Robusta",(IF($B33="","Arabica",$B33))&" - "&(IF($C33="","Commercial",$C33))),Variables!$B$1:$D$1,0),1))*IFERROR(IF(AB33="","",(AVERAGE(E33:F33)-AB33)-Variables!$B$14),"")/365)+(L33/16.67*INDEX(Variables!$B$8:$D$8,IFERROR(MATCH(IF($B33="Robusta","Robusta",(IF($B33="","Arabica",$B33))&" - "&(IF($C33="","Commercial",$C33))),Variables!$B$1:$D$1,0),1))*IFERROR(IF(AB33="","",(AVERAGE(E33:F33)-AB33)-Variables!$B$14),""))+(W33*INDEX(Variables!$B$9:$D$9,IFERROR(MATCH(IF($B33="Robusta","Robusta",(IF($B33="","Arabica",$B33))&" - "&(IF($C33="","Commercial",$C33))),Variables!$B$1:$D$1,0),1))*IFERROR(IF(AB33="","",(AVERAGE(E33:F33)-AB33)-Variables!$B$14),"")/365),"")) -> 1721.3673 | BH33: =IF($AX33="Cancelled","",IFERROR((W33*INDEX(Variables!$B$7:$D$7,IFERROR(MATCH(IF($B33="Robusta","Robusta",(IF($B33="","Arabica",$B33))&" - "&(IF($C33="","Commercial",$C33))),Variables!$B$1:$D$1,0),1))*AK33/365)+(L33/16.67*INDEX(Variables!$B$8:$D$8,IFERROR(MATCH(IF($B33="Robusta","Robusta",(IF($B33="","Arabica",$B33))&" - "&(IF($C33="","Commercial",$C33))),Variables!$B$1:$D$1,0),1))*AK33)+(W33*INDEX(Variables!$B$9:$D$9,IFERROR(MATCH(IF($B33="Robusta","Robusta",(IF($B33="","Arabica",$B33))&" - "&(IF($C33="","Commercial",$C33))),Variables!$B$1:$D$1,0),1))*AK33/365),"")) -> 1059.303 | BI33: =IF($AX33="Cancelled","",IFERROR((W33*INDEX(Variables!$B$7:$D$7,IFERROR(MATCH(IF($B33="Robusta","Robusta",(IF($B33="","Arabica",$B33))&" - "&(IF($C33="","Commercial",$C33))),Variables!$B$1:$D$1,0),1))*BD33/365)+(L33/16.67*INDEX(Variables!$B$8:$D$8,IFERROR(MATCH(IF($B33="Robusta","Robusta",(IF($B33="","Arabica",$B33))&" - "&(IF($C33="","Commercial",$C33))),Variables!$B$1:$D$1,0),1))*BD33)+(W33*INDEX(Variables!$B$9:$D$9,IFERROR(MATCH(IF($B33="Robusta","Robusta",(IF($B33="","Arabica",$B33))&" - "&(IF($C33="","Commercial",$C33))),Variables!$B$1:$D$1,0),1))*BD33/365),"")) -> -132.41287 | BJ33: =IF($AX33="Cancelled","",IFERROR(IF(AS33="","",F33-AS33),"")) -> 27 | BK33: =IF($AX33="Cancelled","",IFERROR(IF(BJ33="","",(W33*INDEX(Variables!$B$7:$D$7,IFERROR(MATCH(IF($B33="Robusta","Robusta",(IF($B33="","Arabica",$B33))&" - "&(IF($C33="","Commercial",$C33))),Variables!$B$1:$D$1,0),1))*(BJ33/365))+(W33*INDEX(Variables!$B$9:$D$9,IFERROR(MATCH(IF($B33="Robusta","Robusta",(IF($B33="","Arabica",$B33))&" - "&(IF($C33="","Commercial",$C33))),Variables!$B$1:$D$1,0),1))*(BJ33/365))+(INDEX(Variables!$B$8:$D$8,IFERROR(MATCH(IF($B33="Robusta","Robusta",(IF($B33="","Arabica",$B33))&" - "&(IF($C33="","Commercial",$C33))),Variables!$B$1:$D$1,0),1))*L33/16.67)),"")) -> 2171.1475
A34: Kenya | B34: Arabica | C34: Commercial | D34: 45566 | E34: 45658 | F34: 45688 | G34: 3786538 | H34: 4548600696 | J34: Tchibo | K34: 5147 | L34: 1800 | M34: 5 | N34: AB EUDR Aligned, Crop 2024/2025 | O34: ABC FAQ | P34: 10080 | Q34: EUDR | R34: Bulk Bag | S34: Hamburg | T34: Germany | U34: Europe | V34: 5 | W34: =IF($AX34="Cancelled","",IFERROR(((V34+INDEX(Variables!$B$6:$D$6,IFERROR(MATCH(IF($B34="Robusta","Robusta",(IF($B34="","Arabica",$B34))&" - "&(IF($C34="","Commercial",$C34))),Variables!$B$1:$D$1,0),1)))*22.0462)*(L34/16.67),"")) -> 704155.89 | X34: SAS | Y34: =IF($AX34="Cancelled","",IF(X34="","",IFERROR(IF(INDEX(Variables!$B$38:$B$47,MATCH(X34,Variables!$A$38:$A$47,0))="Yes","Yes","No"),"No"))) -> Yes | Z34: 45622 | AB34: 45625 | AC34: =IF($AX34="Cancelled","",IF(ISNUMBER(AB34),"Approved","")) -> Approved | AF34: 45673 | AG34: =IF($AX34="Cancelled","",IFERROR(IF(F34="","",F34-Variables!$B$13),"")) -> 45673 | AH34: =IF($AX34="Cancelled","",IFERROR(IF(AB34="","",(AVERAGE(E34:F34)-AB34)-Variables!$B$14),"")) -> 18 | AJ34: 45674 | AK34: =IF($AX34="Cancelled","",IFERROR(IF(AJ34="","",IF(AND(AB34="",AF34=""),"",IF(AF34>AB34,AF34+Variables!$B$15+Variables!$B$16+Variables!$B$17-AJ34,AB34+Variables!$B$16+Variables!$B$17-AJ34))),"")) -> 14 | AL34: Iceberg | AM34: WEC FCL/FCL | AN34: MSC Nuria | AP34: 45688 | AR34: WECC2588HAM1025 | AS34: 45688 | AU34: 45691 | AV34: Email | AW34: 45693 | AX34: =IF(ISNUMBER(SEARCH("cancel",#REF!)),"Cancelled",IF(AND(AS34<>"",AU34<>"",AW34<>""),"Closed","Open")) -> Closed | AY34: =IF($AX34="Cancelled","",IF(AND(AS34<>"",AU34<>"",AW34<>""),"All dates received",_xlfn.TEXTJOIN(" and ",TRUE(),IF(AS34="","No sailing date",""),IF(AU34="","No shipping advice sent",""),IF(AW34="","No docs dispatch date","")))) -> All dates received | BD34: =IF($AX34="Cancelled","",IFERROR(IF(OR(AS34="",AJ34=""),"",(AJ34+Variables!$B$18-AS34)),"")) -> 1 | BE34: =IF($AX34="Cancelled","",IFERROR(IF(OR(AW34="",AS34=""),"",(AS34+Variables!$B$19)-AW34),"")) -> 0 | BF34: =IF($AX34="Cancelled","",IFERROR(W34*INDEX(Variables!$B$7:$D$7,IFERROR(MATCH(IF($B34="Robusta","Robusta",(IF($B34="","Arabica",$B34))&" - "&(IF($C34="","Commercial",$C34))),Variables!$B$1:$D$1,0),1))*(BE34/365),"")) -> 0 | BG34: =IF($AX34="Cancelled","",IFERROR((W34*INDEX(Variables!$B$7:$D$7,IFERROR(MATCH(IF($B34="Robusta","Robusta",(IF($B34="","Arabica",$B34))&" - "&(IF($C34="","Commercial",$C34))),Variables!$B$1:$D$1,0),1))*IFERROR(IF(AB34="","",(AVERAGE(E34:F34)-AB34)-Variables!$B$14),"")/365)+(L34/16.67*INDEX(Variables!$B$8:$D$8,IFERROR(MATCH(IF($B34="Robusta","Robusta",(IF($B34="","Arabica",$B34))&" - "&(IF($C34="","Commercial",$C34))),Variables!$B$1:$D$1,0),1))*IFERROR(IF(AB34="","",(AVERAGE(E34:F34)-AB34)-Variables!$B$14),""))+(W34*INDEX(Variables!$B$9:$D$9,IFERROR(MATCH(IF($B34="Robusta","Robusta",(IF($B34="","Arabica",$B34))&" - "&(IF($C34="","Commercial",$C34))),Variables!$B$1:$D$1,0),1))*IFERROR(IF(AB34="","",(AVERAGE(E34:F34)-AB34)-Variables!$B$14),"")/365),"")) -> 3888.0437 | BH34: =IF($AX34="Cancelled","",IFERROR((W34*INDEX(Variables!$B$7:$D$7,IFERROR(MATCH(IF($B34="Robusta","Robusta",(IF($B34="","Arabica",$B34))&" - "&(IF($C34="","Commercial",$C34))),Variables!$B$1:$D$1,0),1))*AK34/365)+(L34/16.67*INDEX(Variables!$B$8:$D$8,IFERROR(MATCH(IF($B34="Robusta","Robusta",(IF($B34="","Arabica",$B34))&" - "&(IF($C34="","Commercial",$C34))),Variables!$B$1:$D$1,0),1))*AK34)+(W34*INDEX(Variables!$B$9:$D$9,IFERROR(MATCH(IF($B34="Robusta","Robusta",(IF($B34="","Arabica",$B34))&" - "&(IF($C34="","Commercial",$C34))),Variables!$B$1:$D$1,0),1))*AK34/365),"")) -> 3024.034 | BI34: =IF($AX34="Cancelled","",IFERROR((W34*INDEX(Variables!$B$7:$D$7,IFERROR(MATCH(IF($B34="Robusta","Robusta",(IF($B34="","Arabica",$B34))&" - "&(IF($C34="","Commercial",$C34))),Variables!$B$1:$D$1,0),1))*BD34/365)+(L34/16.67*INDEX(Variables!$B$8:$D$8,IFERROR(MATCH(IF($B34="Robusta","Robusta",(IF($B34="","Arabica",$B34))&" - "&(IF($C34="","Commercial",$C34))),Variables!$B$1:$D$1,0),1))*BD34)+(W34*INDEX(Variables!$B$9:$D$9,IFERROR(MATCH(IF($B34="Robusta","Robusta",(IF($B34="","Arabica",$B34))&" - "&(IF($C34="","Commercial",$C34))),Variables!$B$1:$D$1,0),1))*BD34/365),"")) -> 216.00243 | BJ34: =IF($AX34="Cancelled","",IFERROR(IF(AS34="","",F34-AS34),"")) -> 0 | BK34: =IF($AX34="Cancelled","",IFERROR(IF(BJ34="","",(W34*INDEX(Variables!$B$7:$D$7,IFERROR(MATCH(IF($B34="Robusta","Robusta",(IF($B34="","Arabica",$B34))&" - "&(IF($C34="","Commercial",$C34))),Variables!$B$1:$D$1,0),1))*(BJ34/365))+(W34*INDEX(Variables!$B$9:$D$9,IFERROR(MATCH(IF($B34="Robusta","Robusta",(IF($B34="","Arabica",$B34))&" - "&(IF($C34="","Commercial",$C34))),Variables!$B$1:$D$1,0),1))*(BJ34/365))+(INDEX(Variables!$B$8:$D$8,IFERROR(MATCH(IF($B34="Robusta","Robusta",(IF($B34="","Arabica",$B34))&" - "&(IF($C34="","Commercial",$C34))),Variables!$B$1:$D$1,0),1))*L34/16.67)),"")) -> 90
A35: Kenya | B35: Arabica | C35: Commercial | D35: 45566 | E35: 45689 | F35: 45716 | G35: 3786539 | H35: 4548600709 | J35: Tchibo | K35: 5165 | L35: 1800 | M35: 5 | N35: AB EUDR Aligned, Crop 2024/2025 | O35: ABC FAQ | P35: 10080 | Q35: EUDR | R35: Bulk Bag | S35: Hamburg | T35: Germany | U35: Europe | V35: 5 | W35: =IF($AX35="Cancelled","",IFERROR(((V35+INDEX(Variables!$B$6:$D$6,IFERROR(MATCH(IF($B35="Robusta","Robusta",(IF($B35="","Arabica",$B35))&" - "&(IF($C35="","Commercial",$C35))),Variables!$B$1:$D$1,0),1)))*22.0462)*(L35/16.67),"")) -> 704155.89 | X35: SAS | Y35: =IF($AX35="Cancelled","",IF(X35="","",IFERROR(IF(INDEX(Variables!$B$38:$B$47,MATCH(X35,Variables!$A$38:$A$47,0))="Yes","Yes","No"),"No"))) -> Yes | Z35: 45672 | AB35: 45678 | AC35: =IF($AX35="Cancelled","",IF(ISNUMBER(AB35),"Approved","")) -> Approved | AF35: 45699 | AG35: =IF($AX35="Cancelled","",IFERROR(IF(F35="","",F35-Variables!$B$13),"")) -> 45701 | AH35: =IF($AX35="Cancelled","",IFERROR(IF(AB35="","",(AVERAGE(E35:F35)-AB35)-Variables!$B$14),"")) -> -5.5 | AJ35: 45700 | AK35: =IF($AX35="Cancelled","",IFERROR(IF(AJ35="","",IF(AND(AB35="",AF35=""),"",IF(AF35>AB35,AF35+Variables!$B$15+Variables!$B$16+Variables!$B$17-AJ35,AB35+Variables!$B$16+Variables!$B$17-AJ35))),"")) -> 14 | AL35: Iceberg | AM35: WEC FCL/FCL | AN35: MSC Conakry | AP35: 45715 | AR35: WECC2588HAM1026 | AS35: 45715 | AU35: 45716 | AV35: Email | AW35: 45716 | AX35: =IF(ISNUMBER(SEARCH("cancel",#REF!)),"Cancelled",IF(AND(AS35<>"",AU35<>"",AW35<>""),"Closed","Open")) -> Closed | AY35: =IF($AX35="Cancelled","",IF(AND(AS35<>"",AU35<>"",AW35<>""),"All dates received",_xlfn.TEXTJOIN(" and ",TRUE(),IF(AS35="","No sailing date",""),IF(AU35="","No shipping advice sent",""),IF(AW35="","No docs dispatch date","")))) -> All dates received | BD35: =IF($AX35="Cancelled","",IFERROR(IF(OR(AS35="",AJ35=""),"",(AJ35+Variables!$B$18-AS35)),"")) -> 0 | BE35: =IF($AX35="Cancelled","",IFERROR(IF(OR(AW35="",AS35=""),"",(AS35+Variables!$B$19)-AW35),"")) -> 4 | BF35: =IF($AX35="Cancelled","",IFERROR(W35*INDEX(Variables!$B$7:$D$7,IFERROR(MATCH(IF($B35="Robusta","Robusta",(IF($B35="","Arabica",$B35))&" - "&(IF($C35="","Commercial",$C35))),Variables!$B$1:$D$1,0),1))*(BE35/365),"")) -> 497.59475 | BG35: =IF($AX35="Cancelled","",IFERROR((W35*INDEX(Variables!$B$7:$D$7,IFERROR(MATCH(IF($B35="Robusta","Robusta",(IF($B35="","Arabica",$B35))&" - "&(IF($C35="","Commercial",$C35))),Variables!$B$1:$D$1,0),1))*IFERROR(IF(AB35="","",(AVERAGE(E35:F35)-AB35)-Variables!$B$14),"")/365)+(L35/16.67*INDEX(Variables!$B$8:$D$8,IFERROR(MATCH(IF($B35="Robusta","Robusta",(IF($B35="","Arabica",$B35))&" - "&(IF($C35="","Commercial",$C35))),Variables!$B$1:$D$1,0),1))*IFERROR(IF(AB35="","",(AVERAGE(E35:F35)-AB35)-Variables!$B$14),""))+(W35*INDEX(Variables!$B$9:$D$9,IFERROR(MATCH(IF($B35="Robusta","Robusta",(IF($B35="","Arabica",$B35))&" - "&(IF($C35="","Commercial",$C35))),Variables!$B$1:$D$1,0),1))*IFERROR(IF(AB35="","",(AVERAGE(E35:F35)-AB35)-Variables!$B$14),"")/365),"")) -> -1188.0133 | BH35: =IF($AX35="Cancelled","",IFERROR((W35*INDEX(Variables!$B$7:$D$7,IFERROR(MATCH(IF($B35="Robusta","Robusta",(IF($B35="","Arabica",$B35))&" - "&(IF($C35="","Commercial",$C35))),Variables!$B$1:$D$1,0),1))*AK35/365)+(L35/16.67*INDEX(Variables!$B$8:$D$8,IFERROR(MATCH(IF($B35="Robusta","Robusta",(IF($B35="","Arabica",$B35))&" - "&(IF($C35="","Commercial",$C35))),Variables!$B$1:$D$1,0),1))*AK35)+(W35*INDEX(Variables!$B$9:$D$9,IFERROR(MATCH(IF($B35="Robusta","Robusta",(IF($B35="","Arabica",$B35))&" - "&(IF($C35="","Commercial",$C35))),Variables!$B$1:$D$1,0),1))*AK35/365),"")) -> 3024.034 | BI35: =IF($AX35="Cancelled","",IFERROR((W35*INDEX(Variables!$B$7:$D$7,IFERROR(MATCH(IF($B35="Robusta","Robusta",(IF($B35="","Arabica",$B35))&" - "&(IF($C35="","Commercial",$C35))),Variables!$B$1:$D$1,0),1))*BD35/365)+(L35/16.67*INDEX(Variables!$B$8:$D$8,IFERROR(MATCH(IF($B35="Robusta","Robusta",(IF($B35="","Arabica",$B35))&" - "&(IF($C35="","Commercial",$C35))),Variables!$B$1:$D$1,0),1))*BD35)+(W35*INDEX(Variables!$B$9:$D$9,IFERROR(MATCH(IF($B35="Robusta","Robusta",(IF($B35="","Arabica",$B35))&" - "&(IF($C35="","Commercial",$C35))),Variables!$B$1:$D$1,0),1))*BD35/365),"")) -> 0 | BJ35: =IF($AX35="Cancelled","",IFERROR(IF(AS35="","",F35-AS35),"")) -> 1 | BK35: =IF($AX35="Cancelled","",IFERROR(IF(BJ35="","",(W35*INDEX(Variables!$B$7:$D$7,IFERROR(MATCH(IF($B35="Robusta","Robusta",(IF($B35="","Arabica",$B35))&" - "&(IF($C35="","Commercial",$C35))),Variables!$B$1:$D$1,0),1))*(BJ35/365))+(W35*INDEX(Variables!$B$9:$D$9,IFERROR(MATCH(IF($B35="Robusta","Robusta",(IF($B35="","Arabica",$B35))&" - "&(IF($C35="","Commercial",$C35))),Variables!$B$1:$D$1,0),1))*(BJ35/365))+(INDEX(Variables!$B$8:$D$8,IFERROR(MATCH(IF($B35="Robusta","Robusta",(IF($B35="","Arabica",$B35))&" - "&(IF($C35="","Commercial",$C35))),Variables!$B$1:$D$1,0),1))*L35/16.67)),"")) -> 216.00243
A36: Kenya | B36: Arabica | C36: Commercial | D36: 45583 | E36: 45748 | F36: 45777 | G36: 3786544 | H36: I7-60105 | J36: Bero Singapore | K36: 5217 | L36: 320 | M36: 1 | N36: AA FAQ. Packed in 60KG Grainpro. | O36: AA Minus | P36: 10090 | R36: 60Kg Grain Pro Bags | S36: Busan | T36: South Korea | U36: Asia | V36: 16 | W36: =IF($AX36="Cancelled","",IFERROR(((V36+INDEX(Variables!$B$6:$D$6,IFERROR(MATCH(IF($B36="Robusta","Robusta",(IF($B36="","Arabica",$B36))&" - "&(IF($C36="","Commercial",$C36))),Variables!$B$1:$D$1,0),1)))*22.0462)*(L36/16.67),"")) -> 129838.5 | X36: SAS | Y36: =IF($AX36="Cancelled","",IF(X36="","",IFERROR(IF(INDEX(Variables!$B$38:$B$47,MATCH(X36,Variables!$A$38:$A$47,0))="Yes","Yes","No"),"No"))) -> Yes | Z36: 45707 | AB36: 45715 | AC36: =IF($AX36="Cancelled","",IF(ISNUMBER(AB36),"Approved","")) -> Approved | AF36: 45741 | AG36: =IF($AX36="Cancelled","",IFERROR(IF(F36="","",F36-Variables!$B$13),"")) -> 45762 | AH36: =IF($AX36="Cancelled","",IFERROR(IF(AB36="","",(AVERAGE(E36:F36)-AB36)-Variables!$B$14),"")) -> 17.5 | AJ36: 45743 | AK36: =IF($AX36="Cancelled","",IFERROR(IF(AJ36="","",IF(AND(AB36="",AF36=""),"",IF(AF36>AB36,AF36+Variables!$B$15+Variables!$B$16+Variables!$B$17-AJ36,AB36+Variables!$B$16+Variables!$B$17-AJ36))),"")) -> 13 | AL36: Iceberg | AM36: ONE FCL/FCL | AN36: Kota Ganding | AP36: 45758 | AR36: ONEYMBAF00370900 | AS36: 45758 | AU36: 45769 | AV36: 41 4826 6570 | AW36: 45772 | AX36: =IF(ISNUMBER(SEARCH("cancel",#REF!)),"Cancelled",IF(AND(AS36<>"",AU36<>"",AW36<>""),"Closed","Open")) -> Closed | AY36: =IF($AX36="Cancelled","",IF(AND(AS36<>"",AU36<>"",AW36<>""),"All dates received",_xlfn.TEXTJOIN(" and ",TRUE(),IF(AS36="","No sailing date",""),IF(AU36="","No shipping advice sent",""),IF(AW36="","No docs dispatch date","")))) -> All dates received | BD36: =IF($AX36="Cancelled","",IFERROR(IF(OR(AS36="",AJ36=""),"",(AJ36+Variables!$B$18-AS36)),"")) -> 0 | BE36: =IF($AX36="Cancelled","",IFERROR(IF(OR(AW36="",AS36=""),"",(AS36+Variables!$B$19)-AW36),"")) -> -9 | BF36: =IF($AX36="Cancelled","",IFERROR(W36*INDEX(Variables!$B$7:$D$7,IFERROR(MATCH(IF($B36="Robusta","Robusta",(IF($B36="","Arabica",$B36))&" - "&(IF($C36="","Commercial",$C36))),Variables!$B$1:$D$1,0),1))*(BE36/365),"")) -> -206.43958 | BG36: =IF($AX36="Cancelled","",IFERROR((W36*INDEX(Variables!$B$7:$D$7,IFERROR(MATCH(IF($B36="Robusta","Robusta",(IF($B36="","Arabica",$B36))&" - "&(IF($C36="","Commercial",$C36))),Variables!$B$1:$D$1,0),1))*IFERROR(IF(AB36="","",(AVERAGE(E36:F36)-AB36)-Variables!$B$14),"")/365)+(L36/16.67*INDEX(Variables!$B$8:$D$8,IFERROR(MATCH(IF($B36="Robusta","Robusta",(IF($B36="","Arabica",$B36))&" - "&(IF($C36="","Commercial",$C36))),Variables!$B$1:$D$1,0),1))*IFERROR(IF(AB36="","",(AVERAGE(E36:F36)-AB36)-Variables!$B$14),""))+(W36*INDEX(Variables!$B$9:$D$9,IFERROR(MATCH(IF($B36="Robusta","Robusta",(IF($B36="","Arabica",$B36))&" - "&(IF($C36="","Commercial",$C36))),Variables!$B$1:$D$1,0),1))*IFERROR(IF(AB36="","",(AVERAGE(E36:F36)-AB36)-Variables!$B$14),"")/365),"")) -> 686.58525 | BH36: =IF($AX36="Cancelled","",IFERROR((W36*INDEX(Variables!$B$7:$D$7,IFERROR(MATCH(IF($B36="Robusta","Robusta",(IF($B36="","Arabica",$B36))&" - "&(IF($C36="","Commercial",$C36))),Variables!$B$1:$D$1,0),1))*AK36/365)+(L36/16.67*INDEX(Variables!$B$8:$D$8,IFERROR(MATCH(IF($B36="Robusta","Robusta",(IF($B36="","Arabica",$B36))&" - "&(IF($C36="","Commercial",$C36))),Variables!$B$1:$D$1,0),1))*AK36)+(W36*INDEX(Variables!$B$9:$D$9,IFERROR(MATCH(IF($B36="Robusta","Robusta",(IF($B36="","Arabica",$B36))&" - "&(IF($C36="","Commercial",$C36))),Variables!$B$1:$D$1,0),1))*AK36/365),"")) -> 510.03476 | BI36: =IF($AX36="Cancelled","",IFERROR((W36*INDEX(Variables!$B$7:$D$7,IFERROR(MATCH(IF($B36="Robusta","Robusta",(IF($B36="","Arabica",$B36))&" - "&(IF($C36="","Commercial",$C36))),Variables!$B$1:$D$1,0),1))*BD36/365)+(L36/16.67*INDEX(Variables!$B$8:$D$8,IFERROR(MATCH(IF($B36="Robusta","Robusta",(IF($B36="","Arabica",$B36))&" - "&(IF($C36="","Commercial",$C36))),Variables!$B$1:$D$1,0),1))*BD36)+(W36*INDEX(Variables!$B$9:$D$9,IFERROR(MATCH(IF($B36="Robusta","Robusta",(IF($B36="","Arabica",$B36))&" - "&(IF($C36="","Commercial",$C36))),Variables!$B$1:$D$1,0),1))*BD36/365),"")) -> 0 | BJ36: =IF($AX36="Cancelled","",IFERROR(IF(AS36="","",F36-AS36),"")) -> 19 | BK36: =IF($AX36="Cancelled","",IFERROR(IF(BJ36="","",(W36*INDEX(Variables!$B$7:$D$7,IFERROR(MATCH(IF($B36="Robusta","Robusta",(IF($B36="","Arabica",$B36))&" - "&(IF($C36="","Commercial",$C36))),Variables!$B$1:$D$1,0),1))*(BJ36/365))+(W36*INDEX(Variables!$B$9:$D$9,IFERROR(MATCH(IF($B36="Robusta","Robusta",(IF($B36="","Arabica",$B36))&" - "&(IF($C36="","Commercial",$C36))),Variables!$B$1:$D$1,0),1))*(BJ36/365))+(INDEX(Variables!$B$8:$D$8,IFERROR(MATCH(IF($B36="Robusta","Robusta",(IF($B36="","Arabica",$B36))&" - "&(IF($C36="","Commercial",$C36))),Variables!$B$1:$D$1,0),1))*L36/16.67)),"")) -> 457.43541
A37: Kenya | B37: Arabica | C37: Commercial | D37: 45583 | E37: 45717 | F37: 45747 | G37: 3786545 | H37: I7-60104 | J37: Bero Singapore | K37: 5182 | L37: 320 | M37: 1 | N37: AA FAQ. Packed in 60KG Grainpro. | O37: AA Minus | P37: 10090 | R37: 60Kg Grain Pro Bags | S37: Busan | T37: South Korea | U37: Asia | V37: 16 | W37: =IF($AX37="Cancelled","",IFERROR(((V37+INDEX(Variables!$B$6:$D$6,IFERROR(MATCH(IF($B37="Robusta","Robusta",(IF($B37="","Arabica",$B37))&" - "&(IF($C37="","Commercial",$C37))),Variables!$B$1:$D$1,0),1)))*22.0462)*(L37/16.67),"")) -> 129838.5 | X37: SAS | Y37: =IF($AX37="Cancelled","",IF(X37="","",IFERROR(IF(INDEX(Variables!$B$38:$B$47,MATCH(X37,Variables!$A$38:$A$47,0))="Yes","Yes","No"),"No"))) -> Yes | Z37: 45673 | AB37: 45693 | AC37: =IF($AX37="Cancelled","",IF(ISNUMBER(AB37),"Approved","")) -> Approved | AF37: 45698 | AG37: =IF($AX37="Cancelled","",IFERROR(IF(F37="","",F37-Variables!$B$13),"")) -> 45732 | AH37: =IF($AX37="Cancelled","",IFERROR(IF(AB37="","",(AVERAGE(E37:F37)-AB37)-Variables!$B$14),"")) -> 9 | AJ37: 45710 | AK37: =IF($AX37="Cancelled","",IFERROR(IF(AJ37="","",IF(AND(AB37="",AF37=""),"",IF(AF37>AB37,AF37+Variables!$B$15+Variables!$B$16+Variables!$B$17-AJ37,AB37+Variables!$B$16+Variables!$B$17-AJ37))),"")) -> 3 | AL37: Iceberg | AM37: ONE FCL/FCL | AN37: Calandra | AP37: 45725 | AR37: ONEYMBAF00179900 | AS37: 45725 | AU37: 45727 | AV37: 9566 5705 06 | AW37: 45733 | AX37: =IF(ISNUMBER(SEARCH("cancel",#REF!)),"Cancelled",IF(AND(AS37<>"",AU37<>"",AW37<>""),"Closed","Open")) -> Closed | AY37: =IF($AX37="Cancelled","",IF(AND(AS37<>"",AU37<>"",AW37<>""),"All dates received",_xlfn.TEXTJOIN(" and ",TRUE(),IF(AS37="","No sailing date",""),IF(AU37="","No shipping advice sent",""),IF(AW37="","No docs dispatch date","")))) -> All dates received | BD37: =IF($AX37="Cancelled","",IFERROR(IF(OR(AS37="",AJ37=""),"",(AJ37+Variables!$B$18-AS37)),"")) -> 0 | BE37: =IF($AX37="Cancelled","",IFERROR(IF(OR(AW37="",AS37=""),"",(AS37+Variables!$B$19)-AW37),"")) -> -3 | BF37: =IF($AX37="Cancelled","",IFERROR(W37*INDEX(Variables!$B$7:$D$7,IFERROR(MATCH(IF($B37="Robusta","Robusta",(IF($B37="","Arabica",$B37))&" - "&(IF($C37="","Commercial",$C37))),Variables!$B$1:$D$1,0),1))*(BE37/365),"")) -> -68.813194 | BG37: =IF($AX37="Cancelled","",IFERROR((W37*INDEX(Variables!$B$7:$D$7,IFERROR(MATCH(IF($B37="Robusta","Robusta",(IF($B37="","Arabica",$B37))&" - "&(IF($C37="","Commercial",$C37))),Variables!$B$1:$D$1,0),1))*IFERROR(IF(AB37="","",(AVERAGE(E37:F37)-AB37)-Variables!$B$14),"")/365)+(L37/16.67*INDEX(Variables!$B$8:$D$8,IFERROR(MATCH(IF($B37="Robusta","Robusta",(IF($B37="","Arabica",$B37))&" - "&(IF($C37="","Commercial",$C37))),Variables!$B$1:$D$1,0),1))*IFERROR(IF(AB37="","",(AVERAGE(E37:F37)-AB37)-Variables!$B$14),""))+(W37*INDEX(Variables!$B$9:$D$9,IFERROR(MATCH(IF($B37="Robusta","Robusta",(IF($B37="","Arabica",$B37))&" - "&(IF($C37="","Commercial",$C37))),Variables!$B$1:$D$1,0),1))*IFERROR(IF(AB37="","",(AVERAGE(E37:F37)-AB37)-Variables!$B$14),"")/365),"")) -> 353.10099 | BH37: =IF($AX37="Cancelled","",IFERROR((W37*INDEX(Variables!$B$7:$D$7,IFERROR(MATCH(IF($B37="Robusta","Robusta",(IF($B37="","Arabica",$B37))&" - "&(IF($C37="","Commercial",$C37))),Variables!$B$1:$D$1,0),1))*AK37/365)+(L37/16.67*INDEX(Variables!$B$8:$D$8,IFERROR(MATCH(IF($B37="Robusta","Robusta",(IF($B37="","Arabica",$B37))&" - "&(IF($C37="","Commercial",$C37))),Variables!$B$1:$D$1,0),1))*AK37)+(W37*INDEX(Variables!$B$9:$D$9,IFERROR(MATCH(IF($B37="Robusta","Robusta",(IF($B37="","Arabica",$B37))&" - "&(IF($C37="","Commercial",$C37))),Variables!$B$1:$D$1,0),1))*AK37/365),"")) -> 117.70033 | BI37: =IF($AX37="Cancelled","",IFERROR((W37*INDEX(Variables!$B$7:$D$7,IFERROR(MATCH(IF($B37="Robusta","Robusta",(IF($B37="","Arabica",$B37))&" - "&(IF($C37="","Commercial",$C37))),Variables!$B$1:$D$1,0),1))*BD37/365)+(L37/16.67*INDEX(Variables!$B$8:$D$8,IFERROR(MATCH(IF($B37="Robusta","Robusta",(IF($B37="","Arabica",$B37))&" - "&(IF($C37="","Commercial",$C37))),Variables!$B$1:$D$1,0),1))*BD37)+(W37*INDEX(Variables!$B$9:$D$9,IFERROR(MATCH(IF($B37="Robusta","Robusta",(IF($B37="","Arabica",$B37))&" - "&(IF($C37="","Commercial",$C37))),Variables!$B$1:$D$1,0),1))*BD37/365),"")) -> 0 | BJ37: =IF($AX37="Cancelled","",IFERROR(IF(AS37="","",F37-AS37),"")) -> 22 | BK37: =IF($AX37="Cancelled","",IFERROR(IF(BJ37="","",(W37*INDEX(Variables!$B$7:$D$7,IFERROR(MATCH(IF($B37="Robusta","Robusta",(IF($B37="","Arabica",$B37))&" - "&(IF($C37="","Commercial",$C37))),Variables!$B$1:$D$1,0),1))*(BJ37/365))+(W37*INDEX(Variables!$B$9:$D$9,IFERROR(MATCH(IF($B37="Robusta","Robusta",(IF($B37="","Arabica",$B37))&" - "&(IF($C37="","Commercial",$C37))),Variables!$B$1:$D$1,0),1))*(BJ37/365))+(INDEX(Variables!$B$8:$D$8,IFERROR(MATCH(IF($B37="Robusta","Robusta",(IF($B37="","Arabica",$B37))&" - "&(IF($C37="","Commercial",$C37))),Variables!$B$1:$D$1,0),1))*L37/16.67)),"")) -> 527.13574
A38: Kenya | B38: Arabica | C38: Commercial | D38: 45583 | E38: 45717 | F38: 45747 | G38: 3786546 | H38: I7-60106 | J38: Bero Singapore | K38: 5184 | L38: 320 | M38: 1 | N38: AB FAQ. Packed in 60KG Grainpro. | O38: ABC FAQ | P38: 10080 | R38: 60Kg Grain Pro Bags | S38: Busan | T38: South Korea | U38: Asia | V38: 16 | W38: =IF($AX38="Cancelled","",IFERROR(((V38+INDEX(Variables!$B$6:$D$6,IFERROR(MATCH(IF($B38="Robusta","Robusta",(IF($B38="","Arabica",$B38))&" - "&(IF($C38="","Commercial",$C38))),Variables!$B$1:$D$1,0),1)))*22.0462)*(L38/16.67),"")) -> 129838.5 | X38: SAS | Y38: =IF($AX38="Cancelled","",IF(X38="","",IFERROR(IF(INDEX(Variables!$B$38:$B$47,MATCH(X38,Variables!$A$38:$A$47,0))="Yes","Yes","No"),"No"))) -> Yes | Z38: 45673 | AB38: 45693 | AC38: =IF($AX38="Cancelled","",IF(ISNUMBER(AB38),"Approved","")) -> Approved | AF38: 45716 | AG38: =IF($AX38="Cancelled","",IFERROR(IF(F38="","",F38-Variables!$B$13),"")) -> 45732 | AH38: =IF($AX38="Cancelled","",IFERROR(IF(AB38="","",(AVERAGE(E38:F38)-AB38)-Variables!$B$14),"")) -> 9 | AJ38: 45717 | AK38: =IF($AX38="Cancelled","",IFERROR(IF(AJ38="","",IF(AND(AB38="",AF38=""),"",IF(AF38>AB38,AF38+Variables!$B$15+Variables!$B$16+Variables!$B$17-AJ38,AB38+Variables!$B$16+Variables!$B$17-AJ38))),"")) -> 14 | AL38: Iceberg | AM38: ONE FCL/FCL | AN38: Kota Sejarah | AP38: 45730 | AR38: ONEYMBAF00192400 | AS38: 45730 | AU38: 45735 | AV38: 12 7415 9552 | AW38: 45740 | AX38: =IF(ISNUMBER(SEARCH("cancel",#REF!)),"Cancelled",IF(AND(AS38<>"",AU38<>"",AW38<>""),"Closed","Open")) -> Closed | AY38: =IF($AX38="Cancelled","",IF(AND(AS38<>"",AU38<>"",AW38<>""),"All dates received",_xlfn.TEXTJOIN(" and ",TRUE(),IF(AS38="","No sailing date",""),IF(AU38="","No shipping advice sent",""),IF(AW38="","No docs dispatch date","")))) -> All dates received | BD38: =IF($AX38="Cancelled","",IFERROR(IF(OR(AS38="",AJ38=""),"",(AJ38+Variables!$B$18-AS38)),"")) -> 2 | BE38: =IF($AX38="Cancelled","",IFERROR(IF(OR(AW38="",AS38=""),"",(AS38+Variables!$B$19)-AW38),"")) -> -5 | BF38: =IF($AX38="Cancelled","",IFERROR(W38*INDEX(Variables!$B$7:$D$7,IFERROR(MATCH(IF($B38="Robusta","Robusta",(IF($B38="","Arabica",$B38))&" - "&(IF($C38="","Commercial",$C38))),Variables!$B$1:$D$1,0),1))*(BE38/365),"")) -> -114.68866 | BG38: =IF($AX38="Cancelled","",IFERROR((W38*INDEX(Variables!$B$7:$D$7,IFERROR(MATCH(IF($B38="Robusta","Robusta",(IF($B38="","Arabica",$B38))&" - "&(IF($C38="","Commercial",$C38))),Variables!$B$1:$D$1,0),1))*IFERROR(IF(AB38="","",(AVERAGE(E38:F38)-AB38)-Variables!$B$14),"")/365)+(L38/16.67*INDEX(Variables!$B$8:$D$8,IFERROR(MATCH(IF($B38="Robusta","Robusta",(IF($B38="","Arabica",$B38))&" - "&(IF($C38="","Commercial",$C38))),Variables!$B$1:$D$1,0),1))*IFERROR(IF(AB38="","",(AVERAGE(E38:F38)-AB38)-Variables!$B$14),""))+(W38*INDEX(Variables!$B$9:$D$9,IFERROR(MATCH(IF($B38="Robusta","Robusta",(IF($B38="","Arabica",$B38))&" - "&(IF($C38="","Commercial",$C38))),Variables!$B$1:$D$1,0),1))*IFERROR(IF(AB38="","",(AVERAGE(E38:F38)-AB38)-Variables!$B$14),"")/365),"")) -> 353.10099 | BH38: =IF($AX38="Cancelled","",IFERROR((W38*INDEX(Variables!$B$7:$D$7,IFERROR(MATCH(IF($B38="Robusta","Robusta",(IF($B38="","Arabica",$B38))&" - "&(IF($C38="","Commercial",$C38))),Variables!$B$1:$D$1,0),1))*AK38/365)+(L38/16.67*INDEX(Variables!$B$8:$D$8,IFERROR(MATCH(IF($B38="Robusta","Robusta",(IF($B38="","Arabica",$B38))&" - "&(IF($C38="","Commercial",$C38))),Variables!$B$1:$D$1,0),1))*AK38)+(W38*INDEX(Variables!$B$9:$D$9,IFERROR(MATCH(IF($B38="Robusta","Robusta",(IF($B38="","Arabica",$B38))&" - "&(IF($C38="","Commercial",$C38))),Variables!$B$1:$D$1,0),1))*AK38/365),"")) -> 549.2682 | BI38: =IF($AX38="Cancelled","",IFERROR((W38*INDEX(Variables!$B$7:$D$7,IFERROR(MATCH(IF($B38="Robusta","Robusta",(IF($B38="","Arabica",$B38))&" - "&(IF($C38="","Commercial",$C38))),Variables!$B$1:$D$1,0),1))*BD38/365)+(L38/16.67*INDEX(Variables!$B$8:$D$8,IFERROR(MATCH(IF($B38="Robusta","Robusta",(IF($B38="","Arabica",$B38))&" - "&(IF($C38="","Commercial",$C38))),Variables!$B$1:$D$1,0),1))*BD38)+(W38*INDEX(Variables!$B$9:$D$9,IFERROR(MATCH(IF($B38="Robusta","Robusta",(IF($B38="","Arabica",$B38))&" - "&(IF($C38="","Commercial",$C38))),Variables!$B$1:$D$1,0),1))*BD38/365),"")) -> 78.466886 | BJ38: =IF($AX38="Cancelled","",IFERROR(IF(AS38="","",F38-AS38),"")) -> 17 | BK38: =IF($AX38="Cancelled","",IFERROR(IF(BJ38="","",(W38*INDEX(Variables!$B$7:$D$7,IFERROR(MATCH(IF($B38="Robusta","Robusta",(IF($B38="","Arabica",$B38))&" - "&(IF($C38="","Commercial",$C38))),Variables!$B$1:$D$1,0),1))*(BJ38/365))+(W38*INDEX(Variables!$B$9:$D$9,IFERROR(MATCH(IF($B38="Robusta","Robusta",(IF($B38="","Arabica",$B38))&" - "&(IF($C38="","Commercial",$C38))),Variables!$B$1:$D$1,0),1))*(BJ38/365))+(INDEX(Variables!$B$8:$D$8,IFERROR(MATCH(IF($B38="Robusta","Robusta",(IF($B38="","Arabica",$B38))&" - "&(IF($C38="","Commercial",$C38))),Variables!$B$1:$D$1,0),1))*L38/16.67)),"")) -> 410.96853
A39: Kenya | B39: Arabica | C39: Commercial | D39: 45595 | E39: 45658 | F39: 45688 | G39: 3786549 | H39: I7-60111 | J39: Bero Singapore | K39: 5148 | L39: 320 | M39: 1 | N39: AA FAQ. Packed in 60KG Ecotact. | O39: AA Minus | P39: 10090 | R39: 60Kg Ecotact Bags | S39: Busan | T39: Korea | U39: Asia | V39: 24 | W39: =IF($AX39="Cancelled","",IFERROR(((V39+INDEX(Variables!$B$6:$D$6,IFERROR(MATCH(IF($B39="Robusta","Robusta",(IF($B39="","Arabica",$B39))&" - "&(IF($C39="","Commercial",$C39))),Variables!$B$1:$D$1,0),1)))*22.0462)*(L39/16.67),"")) -> 133224.12 | X39: SAS | Y39: =IF($AX39="Cancelled","",IF(X39="","",IFERROR(IF(INDEX(Variables!$B$38:$B$47,MATCH(X39,Variables!$A$38:$A$47,0))="Yes","Yes","No"),"No"))) -> Yes | Z39: 45608 | AB39: 45636 | AC39: =IF($AX39="Cancelled","",IF(ISNUMBER(AB39),"Approved","")) -> Approved | AF39: =AJ39-7 -> 45635 | AG39: =IF($AX39="Cancelled","",IFERROR(IF(F39="","",F39-Variables!$B$13),"")) -> 45673 | AH39: =IF($AX39="Cancelled","",IFERROR(IF(AB39="","",(AVERAGE(E39:F39)-AB39)-Variables!$B$14),"")) -> 7 | AJ39: 45642 | AK39: =IF($AX39="Cancelled","",IFERROR(IF(AJ39="","",IF(AND(AB39="",AF39=""),"",IF(AF39>AB39,AF39+Variables!$B$15+Variables!$B$16+Variables!$B$17-AJ39,AB39+Variables!$B$16+Variables!$B$17-AJ39))),"")) -> 2 | AL39: Iceberg | AM39: ONE FCL/FCL | AN39: Kota Sempena | AP39: 45662 | AR39: ONEYMBAE02262300 | AS39: 45662 | AU39: 45664 | AV39: 3273 734 564 | AW39: 45671 | AX39: =IF(ISNUMBER(SEARCH("cancel",#REF!)),"Cancelled",IF(AND(AS39<>"",AU39<>"",AW39<>""),"Closed","Open")) -> Closed | AY39: =IF($AX39="Cancelled","",IF(AND(AS39<>"",AU39<>"",AW39<>""),"All dates received",_xlfn.TEXTJOIN(" and ",TRUE(),IF(AS39="","No sailing date",""),IF(AU39="","No shipping advice sent",""),IF(AW39="","No docs dispatch date","")))) -> All dates received | BD39: =IF($AX39="Cancelled","",IFERROR(IF(OR(AS39="",AJ39=""),"",(AJ39+Variables!$B$18-AS39)),"")) -> -5 | BE39: =IF($AX39="Cancelled","",IFERROR(IF(OR(AW39="",AS39=""),"",(AS39+Variables!$B$19)-AW39),"")) -> -4 | BF39: =IF($AX39="Cancelled","",IFERROR(W39*INDEX(Variables!$B$7:$D$7,IFERROR(MATCH(IF($B39="Robusta","Robusta",(IF($B39="","Arabica",$B39))&" - "&(IF($C39="","Commercial",$C39))),Variables!$B$1:$D$1,0),1))*(BE39/365),"")) -> -94.143387 | BG39: =IF($AX39="Cancelled","",IFERROR((W39*INDEX(Variables!$B$7:$D$7,IFERROR(MATCH(IF($B39="Robusta","Robusta",(IF($B39="","Arabica",$B39))&" - "&(IF($C39="","Commercial",$C39))),Variables!$B$1:$D$1,0),1))*IFERROR(IF(AB39="","",(AVERAGE(E39:F39)-AB39)-Variables!$B$14),"")/365)+(L39/16.67*INDEX(Variables!$B$8:$D$8,IFERROR(MATCH(IF($B39="Robusta","Robusta",(IF($B39="","Arabica",$B39))&" - "&(IF($C39="","Commercial",$C39))),Variables!$B$1:$D$1,0),1))*IFERROR(IF(AB39="","",(AVERAGE(E39:F39)-AB39)-Variables!$B$14),""))+(W39*INDEX(Variables!$B$9:$D$9,IFERROR(MATCH(IF($B39="Robusta","Robusta",(IF($B39="","Arabica",$B39))&" - "&(IF($C39="","Commercial",$C39))),Variables!$B$1:$D$1,0),1))*IFERROR(IF(AB39="","",(AVERAGE(E39:F39)-AB39)-Variables!$B$14),"")/365),"")) -> 278.87488 | BH39: =IF($AX39="Cancelled","",IFERROR((W39*INDEX(Variables!$B$7:$D$7,IFERROR(MATCH(IF($B39="Robusta","Robusta",(IF($B39="","Arabica",$B39))&" - "&(IF($C39="","Commercial",$C39))),Variables!$B$1:$D$1,0),1))*AK39/365)+(L39/16.67*INDEX(Variables!$B$8:$D$8,IFERROR(MATCH(IF($B39="Robusta","Robusta",(IF($B39="","Arabica",$B39))&" - "&(IF($C39="","Commercial",$C39))),Variables!$B$1:$D$1,0),1))*AK39)+(W39*INDEX(Variables!$B$9:$D$9,IFERROR(MATCH(IF($B39="Robusta","Robusta",(IF($B39="","Arabica",$B39))&" - "&(IF($C39="","Commercial",$C39))),Variables!$B$1:$D$1,0),1))*AK39/365),"")) -> 79.678538 | BI39: =IF($AX39="Cancelled","",IFERROR((W39*INDEX(Variables!$B$7:$D$7,IFERROR(MATCH(IF($B39="Robusta","Robusta",(IF($B39="","Arabica",$B39))&" - "&(IF($C39="","Commercial",$C39))),Variables!$B$1:$D$1,0),1))*BD39/365)+(L39/16.67*INDEX(Variables!$B$8:$D$8,IFERROR(MATCH(IF($B39="Robusta","Robusta",(IF($B39="","Arabica",$B39))&" - "&(IF($C39="","Commercial",$C39))),Variables!$B$1:$D$1,0),1))*BD39)+(W39*INDEX(Variables!$B$9:$D$9,IFERROR(MATCH(IF($B39="Robusta","Robusta",(IF($B39="","Arabica",$B39))&" - "&(IF($C39="","Commercial",$C39))),Variables!$B$1:$D$1,0),1))*BD39/365),"")) -> -199.19635 | BJ39: =IF($AX39="Cancelled","",IFERROR(IF(AS39="","",F39-AS39),"")) -> 26 | BK39: =IF($AX39="Cancelled","",IFERROR(IF(BJ39="","",(W39*INDEX(Variables!$B$7:$D$7,IFERROR(MATCH(IF($B39="Robusta","Robusta",(IF($B39="","Arabica",$B39))&" - "&(IF($C39="","Commercial",$C39))),Variables!$B$1:$D$1,0),1))*(BJ39/365))+(W39*INDEX(Variables!$B$9:$D$9,IFERROR(MATCH(IF($B39="Robusta","Robusta",(IF($B39="","Arabica",$B39))&" - "&(IF($C39="","Commercial",$C39))),Variables!$B$1:$D$1,0),1))*(BJ39/365))+(INDEX(Variables!$B$8:$D$8,IFERROR(MATCH(IF($B39="Robusta","Robusta",(IF($B39="","Arabica",$B39))&" - "&(IF($C39="","Commercial",$C39))),Variables!$B$1:$D$1,0),1))*L39/16.67)),"")) -> 635.821
A40: Kenya | B40: Arabica | C40: Commercial | D40: 45595 | E40: 45717 | F40: 45747 | G40: 3786550 | H40: I7-60112 | J40: Bero Singapore | K40: 5186 | L40: 320 | M40: 1 | N40: AA FAQ. Packed in 60KG Ecotact. | O40: AA Minus | P40: 10090 | R40: 60Kg Ecotact Bags | S40: Busan | T40: Korea | U40: Asia | V40: 24 | W40: =IF($AX40="Cancelled","",IFERROR(((V40+INDEX(Variables!$B$6:$D$6,IFERROR(MATCH(IF($B40="Robusta","Robusta",(IF($B40="","Arabica",$B40))&" - "&(IF($C40="","Commercial",$C40))),Variables!$B$1:$D$1,0),1)))*22.0462)*(L40/16.67),"")) -> 133224.12 | X40: SAS | Y40: =IF($AX40="Cancelled","",IF(X40="","",IFERROR(IF(INDEX(Variables!$B$38:$B$47,MATCH(X40,Variables!$A$38:$A$47,0))="Yes","Yes","No"),"No"))) -> Yes | Z40: 45673 | AB40: 45698 | AC40: =IF($AX40="Cancelled","",IF(ISNUMBER(AB40),"Approved","")) -> Approved | AF40: 45707 | AG40: =IF($AX40="Cancelled","",IFERROR(IF(F40="","",F40-Variables!$B$13),"")) -> 45732 | AH40: =IF($AX40="Cancelled","",IFERROR(IF(AB40="","",(AVERAGE(E40:F40)-AB40)-Variables!$B$14),"")) -> 4 | AJ40: 45709 | AK40: =IF($AX40="Cancelled","",IFERROR(IF(AJ40="","",IF(AND(AB40="",AF40=""),"",IF(AF40>AB40,AF40+Variables!$B$15+Variables!$B$16+Variables!$B$17-AJ40,AB40+Variables!$B$16+Variables!$B$17-AJ40))),"")) -> 13 | AL40: Iceberg | AM40: ONE FCL/FCL | AN40: Calandra | AP40: 45725 | AR40: ONEYMBAF00180800 | AS40: 45725 | AU40: 45727 | AV40: 9566 5705 06 | AW40: 45733 | AX40: =IF(ISNUMBER(SEARCH("cancel",#REF!)),"Cancelled",IF(AND(AS40<>"",AU40<>"",AW40<>""),"Closed","Open")) -> Closed | AY40: =IF($AX40="Cancelled","",IF(AND(AS40<>"",AU40<>"",AW40<>""),"All dates received",_xlfn.TEXTJOIN(" and ",TRUE(),IF(AS40="","No sailing date",""),IF(AU40="","No shipping advice sent",""),IF(AW40="","No docs dispatch date","")))) -> All dates received | BD40: =IF($AX40="Cancelled","",IFERROR(IF(OR(AS40="",AJ40=""),"",(AJ40+Variables!$B$18-AS40)),"")) -> -1 | BE40: =IF($AX40="Cancelled","",IFERROR(IF(OR(AW40="",AS40=""),"",(AS40+Variables!$B$19)-AW40),"")) -> -3 | BF40: =IF($AX40="Cancelled","",IFERROR(W40*INDEX(Variables!$B$7:$D$7,IFERROR(MATCH(IF($B40="Robusta","Robusta",(IF($B40="","Arabica",$B40))&" - "&(IF($C40="","Commercial",$C40))),Variables!$B$1:$D$1,0),1))*(BE40/365),"")) -> -70.60754 | BG40: =IF($AX40="Cancelled","",IFERROR((W40*INDEX(Variables!$B$7:$D$7,IFERROR(MATCH(IF($B40="Robusta","Robusta",(IF($B40="","Arabica",$B40))&" - "&(IF($C40="","Commercial",$C40))),Variables!$B$1:$D$1,0),1))*IFERROR(IF(AB40="","",(AVERAGE(E40:F40)-AB40)-Variables!$B$14),"")/365)+(L40/16.67*INDEX(Variables!$B$8:$D$8,IFERROR(MATCH(IF($B40="Robusta","Robusta",(IF($B40="","Arabica",$B40))&" - "&(IF($C40="","Commercial",$C40))),Variables!$B$1:$D$1,0),1))*IFERROR(IF(AB40="","",(AVERAGE(E40:F40)-AB40)-Variables!$B$14),""))+(W40*INDEX(Variables!$B$9:$D$9,IFERROR(MATCH(IF($B40="Robusta","Robusta",(IF($B40="","Arabica",$B40))&" - "&(IF($C40="","Commercial",$C40))),Variables!$B$1:$D$1,0),1))*IFERROR(IF(AB40="","",(AVERAGE(E40:F40)-AB40)-Variables!$B$14),"")/365),"")) -> 159.35708 | BH40: =IF($AX40="Cancelled","",IFERROR((W40*INDEX(Variables!$B$7:$D$7,IFERROR(MATCH(IF($B40="Robusta","Robusta",(IF($B40="","Arabica",$B40))&" - "&(IF($C40="","Commercial",$C40))),Variables!$B$1:$D$1,0),1))*AK40/365)+(L40/16.67*INDEX(Variables!$B$8:$D$8,IFERROR(MATCH(IF($B40="Robusta","Robusta",(IF($B40="","Arabica",$B40))&" - "&(IF($C40="","Commercial",$C40))),Variables!$B$1:$D$1,0),1))*AK40)+(W40*INDEX(Variables!$B$9:$D$9,IFERROR(MATCH(IF($B40="Robusta","Robusta",(IF($B40="","Arabica",$B40))&" - "&(IF($C40="","Commercial",$C40))),Variables!$B$1:$D$1,0),1))*AK40/365),"")) -> 517.9105 | BI40: =IF($AX40="Cancelled","",IFERROR((W40*INDEX(Variables!$B$7:$D$7,IFERROR(MATCH(IF($B40="Robusta","Robusta",(IF($B40="","Arabica",$B40))&" - "&(IF($C40="","Commercial",$C40))),Variables!$B$1:$D$1,0),1))*BD40/365)+(L40/16.67*INDEX(Variables!$B$8:$D$8,IFERROR(MATCH(IF($B40="Robusta","Robusta",(IF($B40="","Arabica",$B40))&" - "&(IF($C40="","Commercial",$C40))),Variables!$B$1:$D$1,0),1))*BD40)+(W40*INDEX(Variables!$B$9:$D$9,IFERROR(MATCH(IF($B40="Robusta","Robusta",(IF($B40="","Arabica",$B40))&" - "&(IF($C40="","Commercial",$C40))),Variables!$B$1:$D$1,0),1))*BD40/365),"")) -> -39.839269 | BJ40: =IF($AX40="Cancelled","",IFERROR(IF(AS40="","",F40-AS40),"")) -> 22 | BK40: =IF($AX40="Cancelled","",IFERROR(IF(BJ40="","",(W40*INDEX(Variables!$B$7:$D$7,IFERROR(MATCH(IF($B40="Robusta","Robusta",(IF($B40="","Arabica",$B40))&" - "&(IF($C40="","Commercial",$C40))),Variables!$B$1:$D$1,0),1))*(BJ40/365))+(W40*INDEX(Variables!$B$9:$D$9,IFERROR(MATCH(IF($B40="Robusta","Robusta",(IF($B40="","Arabica",$B40))&" - "&(IF($C40="","Commercial",$C40))),Variables!$B$1:$D$1,0),1))*(BJ40/365))+(INDEX(Variables!$B$8:$D$8,IFERROR(MATCH(IF($B40="Robusta","Robusta",(IF($B40="","Arabica",$B40))&" - "&(IF($C40="","Commercial",$C40))),Variables!$B$1:$D$1,0),1))*L40/16.67)),"")) -> 540.46392
A41: Kenya | B41: Arabica | C41: Commercial | D41: 45604 | E41: 45778 | F41: 45808 | G41: 3786553 | H41: YP-41169 | J41: Bero Italia | K41: 5275 | L41: 360 | M41: 1 | N41: AA FAQ | O41: AA Minus | P41: 10090 | R41: Bulk Bag | S41: Genova | T41: Italy | U41: Europe | V41: 28 | W41: =IF($AX41="Cancelled","",IFERROR(((V41+INDEX(Variables!$B$6:$D$6,IFERROR(MATCH(IF($B41="Robusta","Robusta",(IF($B41="","Arabica",$B41))&" - "&(IF($C41="","Commercial",$C41))),Variables!$B$1:$D$1,0),1)))*22.0462)*(L41/16.67),"")) -> 151781.54 | X41: SAS | Y41: =IF($AX41="Cancelled","",IF(X41="","",IFERROR(IF(INDEX(Variables!$B$38:$B$47,MATCH(X41,Variables!$A$38:$A$47,0))="Yes","Yes","No"),"No"))) -> Yes | Z41: 45744 | AB41: 45775 | AC41: =IF($AX41="Cancelled","",IF(ISNUMBER(AB41),"Approved","")) -> Approved | AF41: =AJ41-7 -> 45786 | AG41: =IF($AX41="Cancelled","",IFERROR(IF(F41="","",F41-Variables!$B$13),"")) -> 45793 | AH41: =IF($AX41="Cancelled","",IFERROR(IF(AB41="","",(AVERAGE(E41:F41)-AB41)-Variables!$B$14),"")) -> -12 | AJ41: 45793 | AK41: =IF($AX41="Cancelled","",IFERROR(IF(AJ41="","",IF(AND(AB41="",AF41=""),"",IF(AF41>AB41,AF41+Variables!$B$15+Variables!$B$16+Variables!$B$17-AJ41,AB41+Variables!$B$16+Variables!$B$17-AJ41))),"")) -> 8 | AL41: Iceberg | AM41: CMA-CGM FCL/FCL | AN41: CMA CGM Fuzhou | AP41: 45817 | AR41: GEN1868378 | AS41: 45817 | AU41: 45820 | AV41: Email | AW41: 45820 | AX41: =IF(ISNUMBER(SEARCH("cancel",#REF!)),"Cancelled",IF(AND(AS41<>"",AU41<>"",AW41<>""),"Closed","Open")) -> Closed | AY41: =IF($AX41="Cancelled","",IF(AND(AS41<>"",AU41<>"",AW41<>""),"All dates received",_xlfn.TEXTJOIN(" and ",TRUE(),IF(AS41="","No sailing date",""),IF(AU41="","No shipping advice sent",""),IF(AW41="","No docs dispatch date","")))) -> All dates received | BD41: =IF($AX41="Cancelled","",IFERROR(IF(OR(AS41="",AJ41=""),"",(AJ41+Variables!$B$18-AS41)),"")) -> -9 | BE41: =IF($AX41="Cancelled","",IFERROR(IF(OR(AW41="",AS41=""),"",(AS41+Variables!$B$19)-AW41),"")) -> 2 | BF41: =IF($AX41="Cancelled","",IFERROR(W41*INDEX(Variables!$B$7:$D$7,IFERROR(MATCH(IF($B41="Robusta","Robusta",(IF($B41="","Arabica",$B41))&" - "&(IF($C41="","Commercial",$C41))),Variables!$B$1:$D$1,0),1))*(BE41/365),"")) -> 53.628535 | BG41: =IF($AX41="Cancelled","",IFERROR((W41*INDEX(Variables!$B$7:$D$7,IFERROR(MATCH(IF($B41="Robusta","Robusta",(IF($B41="","Arabica",$B41))&" - "&(IF($C41="","Commercial",$C41))),Variables!$B$1:$D$1,0),1))*IFERROR(IF(AB41="","",(AVERAGE(E41:F41)-AB41)-Variables!$B$14),"")/365)+(L41/16.67*INDEX(Variables!$B$8:$D$8,IFERROR(MATCH(IF($B41="Robusta","Robusta",(IF($B41="","Arabica",$B41))&" - "&(IF($C41="","Commercial",$C41))),Variables!$B$1:$D$1,0),1))*IFERROR(IF(AB41="","",(AVERAGE(E41:F41)-AB41)-Variables!$B$14),""))+(W41*INDEX(Variables!$B$9:$D$9,IFERROR(MATCH(IF($B41="Robusta","Robusta",(IF($B41="","Arabica",$B41))&" - "&(IF($C41="","Commercial",$C41))),Variables!$B$1:$D$1,0),1))*IFERROR(IF(AB41="","",(AVERAGE(E41:F41)-AB41)-Variables!$B$14),"")/365),"")) -> -541.91946 | BH41: =IF($AX41="Cancelled","",IFERROR((W41*INDEX(Variables!$B$7:$D$7,IFERROR(MATCH(IF($B41="Robusta","Robusta",(IF($B41="","Arabica",$B41))&" - "&(IF($C41="","Commercial",$C41))),Variables!$B$1:$D$1,0),1))*AK41/365)+(L41/16.67*INDEX(Variables!$B$8:$D$8,IFERROR(MATCH(IF($B41="Robusta","Robusta",(IF($B41="","Arabica",$B41))&" - "&(IF($C41="","Commercial",$C41))),Variables!$B$1:$D$1,0),1))*AK41)+(W41*INDEX(Variables!$B$9:$D$9,IFERROR(MATCH(IF($B41="Robusta","Robusta",(IF($B41="","Arabica",$B41))&" - "&(IF($C41="","Commercial",$C41))),Variables!$B$1:$D$1,0),1))*AK41/365),"")) -> 361.27964 | BI41: =IF($AX41="Cancelled","",IFERROR((W41*INDEX(Variables!$B$7:$D$7,IFERROR(MATCH(IF($B41="Robusta","Robusta",(IF($B41="","Arabica",$B41))&" - "&(IF($C41="","Commercial",$C41))),Variables!$B$1:$D$1,0),1))*BD41/365)+(L41/16.67*INDEX(Variables!$B$8:$D$8,IFERROR(MATCH(IF($B41="Robusta","Robusta",(IF($B41="","Arabica",$B41))&" - "&(IF($C41="","Commercial",$C41))),Variables!$B$1:$D$1,0),1))*BD41)+(W41*INDEX(Variables!$B$9:$D$9,IFERROR(MATCH(IF($B41="Robusta","Robusta",(IF($B41="","Arabica",$B41))&" - "&(IF($C41="","Commercial",$C41))),Variables!$B$1:$D$1,0),1))*BD41/365),"")) -> -406.4396 | BJ41: =IF($AX41="Cancelled","",IFERROR(IF(AS41="","",F41-AS41),"")) -> -9 | BK41: =IF($AX41="Cancelled","",IFERROR(IF(BJ41="","",(W41*INDEX(Variables!$B$7:$D$7,IFERROR(MATCH(IF($B41="Robusta","Robusta",(IF($B41="","Arabica",$B41))&" - "&(IF($C41="","Commercial",$C41))),Variables!$B$1:$D$1,0),1))*(BJ41/365))+(W41*INDEX(Variables!$B$9:$D$9,IFERROR(MATCH(IF($B41="Robusta","Robusta",(IF($B41="","Arabica",$B41))&" - "&(IF($C41="","Commercial",$C41))),Variables!$B$1:$D$1,0),1))*(BJ41/365))+(INDEX(Variables!$B$8:$D$8,IFERROR(MATCH(IF($B41="Robusta","Robusta",(IF($B41="","Arabica",$B41))&" - "&(IF($C41="","Commercial",$C41))),Variables!$B$1:$D$1,0),1))*L41/16.67)),"")) -> -226.4396
