Workbook
Name _AOC2: [0]!_AOC2
Name _DAT1: #REF!
Name _DAT10: [1]Sheet1!$I$2:$I$40
Name _DAT11: #REF!
Name _DAT12: #REF!
Name _DAT2: #REF!
Name _DAT3: #REF!
Name _DAT4: #REF!
Name _DAT5: #REF!
Name _DAT6: #REF!
Name _DAT7: #REF!
Name _DAT8: [2]SAP!#REF!
Name _DAT9: [1]Sheet1!$H$2:$H$40
Name _SHR1: #REF!
Name _SHR2: #REF!
Name _tax1: #REF!
Name _tax2: #REF!
Name _tax3: #REF!
Name _tax4: #REF!
Name Beg_Bal: #REF!
Name bhg: #REF!
Name boxes: #REF!
Name button_area_1: #REF!
Name CC: #REF!
Name CCT: #REF!
Name CDB: #REF!
Name celltips_area: #REF!
Name CS: #REF!
Name Data: #REF!
Name DATA1: #REF!
Name DATA10: #REF!
Name DATA11: #REF!
Name DATA12: #REF!
Name DATA13: #REF!
Name DATA14: #REF!
Name DATA15: [3]Sheet3!$O$3:$O$3
Name data16: #REF!
Name data17: #REF!
Name data18: #REF!
Name data19: #REF!
Name DATA2: #REF!
Name data20: #REF!
Name data21: #REF!
Name data22: #REF!
Name data23: #REF!
Name data24: #REF!
Name data25: #REF!
Name data26: #REF!
Name data27: #REF!
Name data28: #REF!
Name data29: #REF!
Name DATA3: #REF!
Name data30: #REF!
Name data31: #REF!
Name data32: #REF!
Name data33: #REF!
Name data34: #REF!
Name data35: #REF!
Name data36: #REF!
Name data37: #REF!

Sheet  General Stock Summary View  
B2: XBS -Total Stocks | G2: IBERO EXPORT WAREHOUSE | J2: IBERO MILL EXPORT | M2: Ibero Export + Mill | P2: AGL | S2: NEW KPCU | V2: MITCHEL COTTS FREIGHT KENYA LIMITED | Y2: MAXA AFRICA LOGISTICS LTD | AB2: KENYA CO-OPERATIVE COFFEE EXPORTERS
B3: Outturn No. | C3: Grade | D3: Total XBS Stocks | E3: Blocked for Processing (BFP) | F3: Sum XBS+BFP | G3: Ibero XBS Stocks (Unt) | H3: Ibero Physical count (Unit) | I3: Ibero Variance (Unit) | J3: Ibero XBS Stocks (Unt) | K3: Ibero Physical count (Unit) | L3: Ibero Variance (Unit) | M3: Ibero XBS Stocks (Unt) | N3: Ibero Physical count (Unit) | O3: Ibero Variance (Unit) | P3: AGL XBS Stocks (Unit) | Q3: AGL Physical count (Unit) | R3: AGL Variance (Unit) | S3: KPCU XBS Stocks (Unit) | T3: KPCU Physical count (Unit) | U3: KPCU Variance (UnIt) | V3: MCF XBS Stocks (Unit) | W3: MCF Physical count (Unit) | X3: MCF Variance (Unit) | Y3: Maxa XBS Stocks (Unit) | Z3: Maxa Physical count (Unit) | AA3: Maxa Variance (Unit) | AB3: KCC XBS Stocks (Unit) | AC3: KCC Physical count (Unit) | AD3: KCC Variance (Unit) | AE3: Total Physical Count | AF3: Total Variance | AG3: Comment
B4: 09SM0019 | C4: AA | D4: =SUMIFS('XBS '!T:T,'XBS '!C:C,' General Stock Summary View '!C4,'XBS '!L:L,' General Stock Summary View '!B4) -> 53.89 | E4: =SUMIFS('Blocked for Processing'!P:P,'Blocked for Processing'!I:I,' General Stock Summary View '!B4,'Blocked for Processing'!C:C,' General Stock Summary View '!C4) -> 0 | F4: =SUM(D4:E4) -> 53.89 | G4: =SUMIFS('XBS '!T:T,'XBS '!H:H,' General Stock Summary View '!$G$2,'XBS '!L:L,' General Stock Summary View '!B4,'XBS '!C:C,' General Stock Summary View '!C4) -> 53.89 | H4: =SUMIFS('PowerApp_Physical count'!H:H,'PowerApp_Physical count'!B:B,' General Stock Summary View '!$G$2,'PowerApp_Physical count'!C:C,' General Stock Summary View '!C4,'PowerApp_Physical count'!A:A,' General Stock Summary View '!B4) -> 53.716667 | I4: =H4-G4 -> -0.17333333 | J4: =SUMIFS('XBS '!T:T,'XBS '!H:H,' General Stock Summary View '!$J$2,'XBS '!L:L,' General Stock Summary View '!B4,'XBS '!C:C,' General Stock Summary View '!C4) -> 0 | K4: =SUMIFS('PowerApp_Physical count'!H:H,'PowerApp_Physical count'!B:B,' General Stock Summary View '!$J$2,'PowerApp_Physical count'!C:C,' General Stock Summary View '!C4,'PowerApp_Physical count'!A:A,' General Stock Summary View '!B4) -> 0 | L4: =K4-J4 -> 0 | M4: =J4+G4+E4 -> 53.89 | N4: =K4+H4 -> 53.716667 | O4: =N4-M4 -> -0.17333333 | P4: =SUMIFS('XBS '!T:T,'XBS '!H:H,' General Stock Summary View '!$P$2,'XBS '!L:L,' General Stock Summary View '!B4,'XBS '!C:C,' General Stock Summary View '!C4) -> 0 | Q4: =SUMIFS('PowerApp_Physical count'!H:H,'PowerApp_Physical count'!B:B,' General Stock Summary View '!$P$2,'PowerApp_Physical count'!C:C,' General Stock Summary View '!C4,'PowerApp_Physical count'!A:A,' General Stock Summary View '!B4) -> 0 | R4: =Q4-P4 -> 0 | S4: =SUMIFS('XBS '!T:T,'XBS '!L:L,' General Stock Summary View '!B4,'XBS '!H:H,' General Stock Summary View '!$S$2,'XBS '!C:C,' General Stock Summary View '!C4) -> 0 | T4: =SUMIFS('PowerApp_Physical count'!H:H,'PowerApp_Physical count'!B:B,' General Stock Summary View '!$S$2,'PowerApp_Physical count'!C:C,' General Stock Summary View '!C4,'PowerApp_Physical count'!A:A,' General Stock Summary View '!B4) -> 0 | U4: =T4-S4 -> 0 | V4: =SUMIFS('XBS '!T:T,'XBS '!H:H,' General Stock Summary View '!$V$2,'XBS '!B:B,' General Stock Summary View '!C4,'XBS '!L:L,' General Stock Summary View '!B4) -> 0 | W4: =SUMIFS('PowerApp_Physical count'!H:H,'PowerApp_Physical count'!B:B,' General Stock Summary View '!$V$2,'PowerApp_Physical count'!C:C,' General Stock Summary View '!C4,'PowerApp_Physical count'!A:A,' General Stock Summary View '!B4) -> 0 | X4: =W4-V4 -> 0 | Y4: =SUMIFS('XBS '!T:T,'XBS '!H:H,' General Stock Summary View '!$Y$2,'XBS '!B:B,' General Stock Summary View '!C4,'XBS '!L:L,' General Stock Summary View '!B4) -> 0 | Z4: =SUMIFS('PowerApp_Physical count'!H:H,'PowerApp_Physical count'!B:B,' General Stock Summary View '!$Y$2,'PowerApp_Physical count'!C:C,' General Stock Summary View '!C4,'PowerApp_Physical count'!A:A,' General Stock Summary View '!B4) -> 0 | AA4: =Z4-Y4 -> 0 | AB4: =SUMIFS('XBS '!T:T,'XBS '!H:H,' General Stock Summary View '!$AB$2,'XBS '!B:B,' General Stock Summary View '!C4,'XBS '!L:L,' General Stock Summary View '!B4) -> 0 | AC4: =SUMIFS('PowerApp_Physical count'!H:H,'PowerApp_Physical count'!B:B,' General Stock Summary View '!$AB$2,'PowerApp_Physical count'!C:C,' General Stock Summary View '!C4,'PowerApp_Physical count'!A:A,' General Stock Summary View '!B4) -> 0 | AD4: =AC4-AB4 -> 0 | AE4: =SUM(H4,Q4,T4,W4,Z4,AC4+K4) -> 53.716667 | AF4: =AE4-F4 -> -0.17333333
B5: 48KN0006 | C5: AA | D5: =SUMIFS('XBS '!T:T,'XBS '!C:C,' General Stock Summary View '!C5,'XBS '!L:L,' General Stock Summary View '!B5) -> 18.665 | E5: =SUMIFS('Blocked for Processing'!P:P,'Blocked for Processing'!I:I,' General Stock Summary View '!B5,'Blocked for Processing'!C:C,' General Stock Summary View '!C5) -> 0 | F5: =SUM(D5:E5) -> 18.665 | G5: =SUMIFS('XBS '!T:T,'XBS '!H:H,' General Stock Summary View '!$G$2,'XBS '!L:L,' General Stock Summary View '!B5,'XBS '!C:C,' General Stock Summary View '!C5) -> 18.665 | H5: =SUMIFS('PowerApp_Physical count'!H:H,'PowerApp_Physical count'!B:B,' General Stock Summary View '!$G$2,'PowerApp_Physical count'!C:C,' General Stock Summary View '!C5,'PowerApp_Physical count'!A:A,' General Stock Summary View '!B5) -> 18.683333 | I5: =H5-G5 -> 0.018333333 | J5: =SUMIFS('XBS '!T:T,'XBS '!H:H,' General Stock Summary View '!$J$2,'XBS '!L:L,' General Stock Summary View '!B5,'XBS '!C:C,' General Stock Summary View '!C5) -> 0 | K5: =SUMIFS('PowerApp_Physical count'!H:H,'PowerApp_Physical count'!B:B,' General Stock Summary View '!$J$2,'PowerApp_Physical count'!C:C,' General Stock Summary View '!C5,'PowerApp_Physical count'!A:A,' General Stock Summary View '!B5) -> 0 | L5: =K5-J5 -> 0 | M5: =J5+G5+E5 -> 18.665 | N5: =K5+H5 -> 18.683333 | O5: =N5-M5 -> 0.018333333 | P5: =SUMIFS('XBS '!T:T,'XBS '!H:H,' General Stock Summary View '!$P$2,'XBS '!L:L,' General Stock Summary View '!B5,'XBS '!C:C,' General Stock Summary View '!C5) -> 0 | Q5: =SUMIFS('PowerApp_Physical count'!H:H,'PowerApp_Physical count'!B:B,' General Stock Summary View '!$P$2,'PowerApp_Physical count'!C:C,' General Stock Summary View '!C5,'PowerApp_Physical count'!A:A,' General Stock Summary View '!B5) -> 0 | R5: =Q5-P5 -> 0 | S5: =SUMIFS('XBS '!T:T,'XBS '!L:L,' General Stock Summary View '!B5,'XBS '!H:H,' General Stock Summary View '!$S$2,'XBS '!C:C,' General Stock Summary View '!C5) -> 0 | T5: =SUMIFS('PowerApp_Physical count'!H:H,'PowerApp_Physical count'!B:B,' General Stock Summary View '!$S$2,'PowerApp_Physical count'!C:C,' General Stock Summary View '!C5,'PowerApp_Physical count'!A:A,' General Stock Summary View '!B5) -> 0 | U5: =T5-S5 -> 0 | V5: =SUMIFS('XBS '!T:T,'XBS '!H:H,' General Stock Summary View '!$V$2,'XBS '!B:B,' General Stock Summary View '!C5,'XBS '!L:L,' General Stock Summary View '!B5) -> 0 | W5: =SUMIFS('PowerApp_Physical count'!H:H,'PowerApp_Physical count'!B:B,' General Stock Summary View '!$V$2,'PowerApp_Physical count'!C:C,' General Stock Summary View '!C5,'PowerApp_Physical count'!A:A,' General Stock Summary View '!B5) -> 0 | X5: =W5-V5 -> 0 | Y5: =SUMIFS('XBS '!T:T,'XBS '!H:H,' General Stock Summary View '!$Y$2,'XBS '!B:B,' General Stock Summary View '!C5,'XBS '!L:L,' General Stock Summary View '!B5) -> 0 | Z5: =SUMIFS('PowerApp_Physical count'!H:H,'PowerApp_Physical count'!B:B,' General Stock Summary View '!$Y$2,'PowerApp_Physical count'!C:C,' General Stock Summary View '!C5,'PowerApp_Physical count'!A:A,' General Stock Summary View '!B5) -> 0 | AA5: =Z5-Y5 -> 0 | AB5: =SUMIFS('XBS '!T:T,'XBS '!H:H,' General Stock Summary View '!$AB$2,'XBS '!B:B,' General Stock Summary View '!C5,'XBS '!L:L,' General Stock Summary View '!B5) -> 0 | AC5: =SUMIFS('PowerApp_Physical count'!H:H,'PowerApp_Physical count'!B:B,' General Stock Summary View '!$AB$2,'PowerApp_Physical count'!C:C,' General Stock Summary View '!C5,'PowerApp_Physical count'!A:A,' General Stock Summary View '!B5) -> 0 | AD5: =AC5-AB5 -> 0 | AE5: =SUM(H5,Q5,T5,W5,Z5,AC5+K5) -> 18.683333 | AF5: =AE5-F5 -> 0.018333333
B6: 48KN0001 | C6: AA | D6: =SUMIFS('XBS '!T:T,'XBS '!C:C,' General Stock Summary View '!C6,'XBS '!L:L,' General Stock Summary View '!B6) -> 12.038333 | E6: =SUMIFS('Blocked for Processing'!P:P,'Blocked for Processing'!I:I,' General Stock Summary View '!B6,'Blocked for Processing'!C:C,' General Stock Summary View '!C6) -> 0 | F6: =SUM(D6:E6) -> 12.038333 | G6: =SUMIFS('XBS '!T:T,'XBS '!H:H,' General Stock Summary View '!$G$2,'XBS '!L:L,' General Stock Summary View '!B6,'XBS '!C:C,' General Stock Summary View '!C6) -> 12.038333 | H6: =SUMIFS('PowerApp_Physical count'!H:H,'PowerApp_Physical count'!B:B,' General Stock Summary View '!$G$2,'PowerApp_Physical count'!C:C,' General Stock Summary View '!C6,'PowerApp_Physical count'!A:A,' General Stock Summary View '!B6) -> 12.116667 | I6: =H6-G6 -> 0.078333333 | J6: =SUMIFS('XBS '!T:T,'XBS '!H:H,' General Stock Summary View '!$J$2,'XBS '!L:L,' General Stock Summary View '!B6,'XBS '!C:C,' General Stock Summary View '!C6) -> 0 | K6: =SUMIFS('PowerApp_Physical count'!H:H,'PowerApp_Physical count'!B:B,' General Stock Summary View '!$J$2,'PowerApp_Physical count'!C:C,' General Stock Summary View '!C6,'PowerApp_Physical count'!A:A,' General Stock Summary View '!B6) -> 0 | L6: =K6-J6 -> 0 | M6: =J6+G6+E6 -> 12.038333 | N6: =K6+H6 -> 12.116667 | O6: =N6-M6 -> 0.078333333 | P6: =SUMIFS('XBS '!T:T,'XBS '!H:H,' General Stock Summary View '!$P$2,'XBS '!L:L,' General Stock Summary View '!B6,'XBS '!C:C,' General Stock Summary View '!C6) -> 0 | Q6: =SUMIFS('PowerApp_Physical count'!H:H,'PowerApp_Physical count'!B:B,' General Stock Summary View '!$P$2,'PowerApp_Physical count'!C:C,' General Stock Summary View '!C6,'PowerApp_Physical count'!A:A,' General Stock Summary View '!B6) -> 0 | R6: =Q6-P6 -> 0 | S6: =SUMIFS('XBS '!T:T,'XBS '!L:L,' General Stock Summary View '!B6,'XBS '!H:H,' General Stock Summary View '!$S$2,'XBS '!C:C,' General Stock Summary View '!C6) -> 0 | T6: =SUMIFS('PowerApp_Physical count'!H:H,'PowerApp_Physical count'!B:B,' General Stock Summary View '!$S$2,'PowerApp_Physical count'!C:C,' General Stock Summary View '!C6,'PowerApp_Physical count'!A:A,' General Stock Summary View '!B6) -> 0 | U6: =T6-S6 -> 0 | V6: =SUMIFS('XBS '!T:T,'XBS '!H:H,' General Stock Summary View '!$V$2,'XBS '!B:B,' General Stock Summary View '!C6,'XBS '!L:L,' General Stock Summary View '!B6) -> 0 | W6: =SUMIFS('PowerApp_Physical count'!H:H,'PowerApp_Physical count'!B:B,' General Stock Summary View '!$V$2,'PowerApp_Physical count'!C:C,' General Stock Summary View '!C6,'PowerApp_Physical count'!A:A,' General Stock Summary View '!B6) -> 0 | X6: =W6-V6 -> 0 | Y6: =SUMIFS('XBS '!T:T,'XBS '!H:H,' General Stock Summary View '!$Y$2,'XBS '!B:B,' General Stock Summary View '!C6,'XBS '!L:L,' General Stock Summary View '!B6) -> 0 | Z6: =SUMIFS('PowerApp_Physical count'!H:H,'PowerApp_Physical count'!B:B,' General Stock Summary View '!$Y$2,'PowerApp_Physical count'!C:C,' General Stock Summary View '!C6,'PowerApp_Physical count'!A:A,' General Stock Summary View '!B6) -> 0 | AA6: =Z6-Y6 -> 0 | AB6: =SUMIFS('XBS '!T:T,'XBS '!H:H,' General Stock Summary View '!$AB$2,'XBS '!B:B,' General Stock Summary View '!C6,'XBS '!L:L,' General Stock Summary View '!B6) -> 0 | AC6: =SUMIFS('PowerApp_Physical count'!H:H,'PowerApp_Physical count'!B:B,' General Stock Summary View '!$AB$2,'PowerApp_Physical count'!C:C,' General Stock Summary View '!C6,'PowerApp_Physical count'!A:A,' General Stock Summary View '!B6) -> 0 | AD6: =AC6-AB6 -> 0 | AE6: =SUM(H6,Q6,T6,W6,Z6,AC6+K6) -> 12.116667 | AF6: =AE6-F6 -> 0.078333333
B7: 48KN0005 | C7: AA | D7: =SUMIFS('XBS '!T:T,'XBS '!C:C,' General Stock Summary View '!C7,'XBS '!L:L,' General Stock Summary View '!B7) -> 13.656667 | E7: =SUMIFS('Blocked for Processing'!P:P,'Blocked for Processing'!I:I,' General Stock Summary View '!B7,'Blocked for Processing'!C:C,' General Stock Summary View '!C7) -> 0 | F7: =SUM(D7:E7) -> 13.656667 | G7: =SUMIFS('XBS '!T:T,'XBS '!H:H,' General Stock Summary View '!$G$2,'XBS '!L:L,' General Stock Summary View '!B7,'XBS '!C:C,' General Stock Summary View '!C7) -> 13.656667 | H7: =SUMIFS('PowerApp_Physical count'!H:H,'PowerApp_Physical count'!B:B,' General Stock Summary View '!$G$2,'PowerApp_Physical count'!C:C,' General Stock Summary View '!C7,'PowerApp_Physical count'!A:A,' General Stock Summary View '!B7) -> 13.716667 | I7: =H7-G7 -> 0.06 | J7: =SUMIFS('XBS '!T:T,'XBS '!H:H,' General Stock Summary View '!$J$2,'XBS '!L:L,' General Stock Summary View '!B7,'XBS '!C:C,' General Stock Summary View '!C7) -> 0 | K7: =SUMIFS('PowerApp_Physical count'!H:H,'PowerApp_Physical count'!B:B,' General Stock Summary View '!$J$2,'PowerApp_Physical count'!C:C,' General Stock Summary View '!C7,'PowerApp_Physical count'!A:A,' General Stock Summary View '!B7) -> 0 | L7: =K7-J7 -> 0 | M7: =J7+G7+E7 -> 13.656667 | N7: =K7+H7 -> 13.716667 | O7: =N7-M7 -> 0.06 | P7: =SUMIFS('XBS '!T:T,'XBS '!H:H,' General Stock Summary View '!$P$2,'XBS '!L:L,' General Stock Summary View '!B7,'XBS '!C:C,' General Stock Summary View '!C7) -> 0 | Q7: =SUMIFS('PowerApp_Physical count'!H:H,'PowerApp_Physical count'!B:B,' General Stock Summary View '!$P$2,'PowerApp_Physical count'!C:C,' General Stock Summary View '!C7,'PowerApp_Physical count'!A:A,' General Stock Summary View '!B7) -> 0 | R7: =Q7-P7 -> 0 | S7: =SUMIFS('XBS '!T:T,'XBS '!L:L,' General Stock Summary View '!B7,'XBS '!H:H,' General Stock Summary View '!$S$2,'XBS '!C:C,' General Stock Summary View '!C7) -> 0 | T7: =SUMIFS('PowerApp_Physical count'!H:H,'PowerApp_Physical count'!B:B,' General Stock Summary View '!$S$2,'PowerApp_Physical count'!C:C,' General Stock Summary View '!C7,'PowerApp_Physical count'!A:A,' General Stock Summary View '!B7) -> 0 | U7: =T7-S7 -> 0 | V7: =SUMIFS('XBS '!T:T,'XBS '!H:H,' General Stock Summary View '!$V$2,'XBS '!B:B,' General Stock Summary View '!C7,'XBS '!L:L,' General Stock Summary View '!B7) -> 0 | W7: =SUMIFS('PowerApp_Physical count'!H:H,'PowerApp_Physical count'!B:B,' General Stock Summary View '!$V$2,'PowerApp_Physical count'!C:C,' General Stock Summary View '!C7,'PowerApp_Physical count'!A:A,' General Stock Summary View '!B7) -> 0 | X7: =W7-V7 -> 0 | Y7: =SUMIFS('XBS '!T:T,'XBS '!H:H,' General Stock Summary View '!$Y$2,'XBS '!B:B,' General Stock Summary View '!C7,'XBS '!L:L,' General Stock Summary View '!B7) -> 0 | Z7: =SUMIFS('PowerApp_Physical count'!H:H,'PowerApp_Physical count'!B:B,' General Stock Summary View '!$Y$2,'PowerApp_Physical count'!C:C,' General Stock Summary View '!C7,'PowerApp_Physical count'!A:A,' General Stock Summary View '!B7) -> 0 | AA7: =Z7-Y7 -> 0 | AB7: =SUMIFS('XBS '!T:T,'XBS '!H:H,' General Stock Summary View '!$AB$2,'XBS '!B:B,' General Stock Summary View '!C7,'XBS '!L:L,' General Stock Summary View '!B7) -> 0 | AC7: =SUMIFS('PowerApp_Physical count'!H:H,'PowerApp_Physical count'!B:B,' General Stock Summary View '!$AB$2,'PowerApp_Physical count'!C:C,' General Stock Summary View '!C7,'PowerApp_Physical count'!A:A,' General Stock Summary View '!B7) -> 0 | AD7: =AC7-AB7 -> 0 | AE7: =SUM(H7,Q7,T7,W7,Z7,AC7+K7) -> 13.716667 | AF7: =AE7-F7 -> 0.06
B8: 16FH0014 | C8: AA | D8: =SUMIFS('XBS '!T:T,'XBS '!C:C,' General Stock Summary View '!C8,'XBS '!L:L,' General Stock Summary View '!B8) -> 1 | E8: =SUMIFS('Blocked for Processing'!P:P,'Blocked for Processing'!I:I,' General Stock Summary View '!B8,'Blocked for Processing'!C:C,' General Stock Summary View '!C8) -> 0 | F8: =SUM(D8:E8) -> 1 | G8: =SUMIFS('XBS '!T:T,'XBS '!H:H,' General Stock Summary View '!$G$2,'XBS '!L:L,' General Stock Summary View '!B8,'XBS '!C:C,' General Stock Summary View '!C8) -> 0 | H8: =SUMIFS('PowerApp_Physical count'!H:H,'PowerApp_Physical count'!B:B,' General Stock Summary View '!$G$2,'PowerApp_Physical count'!C:C,' General Stock Summary View '!C8,'PowerApp_Physical count'!A:A,' General Stock Summary View '!B8) -> 0 | I8: =H8-G8 -> 0 | J8: =SUMIFS('XBS '!T:T,'XBS '!H:H,' General Stock Summary View '!$J$2,'XBS '!L:L,' General Stock Summary View '!B8,'XBS '!C:C,' General Stock Summary View '!C8) -> 0 | K8: =SUMIFS('PowerApp_Physical count'!H:H,'PowerApp_Physical count'!B:B,' General Stock Summary View '!$J$2,'PowerApp_Physical count'!C:C,' General Stock Summary View '!C8,'PowerApp_Physical count'!A:A,' General Stock Summary View '!B8) -> 0 | L8: =K8-J8 -> 0 | M8: =J8+G8+E8 -> 0 | N8: =K8+H8 -> 0 | O8: =N8-M8 -> 0 | P8: =SUMIFS('XBS '!T:T,'XBS '!H:H,' General Stock Summary View '!$P$2,'XBS '!L:L,' General Stock Summary View '!B8,'XBS '!C:C,' General Stock Summary View '!C8) -> 1 | Q8: =SUMIFS('PowerApp_Physical count'!H:H,'PowerApp_Physical count'!B:B,' General Stock Summary View '!$P$2,'PowerApp_Physical count'!C:C,' General Stock Summary View '!C8,'PowerApp_Physical count'!A:A,' General Stock Summary View '!B8) -> 0 | R8: =Q8-P8 -> -1 | S8: =SUMIFS('XBS '!T:T,'XBS '!L:L,' General Stock Summary View '!B8,'XBS '!H:H,' General Stock Summary View '!$S$2,'XBS '!C:C,' General Stock Summary View '!C8) -> 0 | T8: =SUMIFS('PowerApp_Physical count'!H:H,'PowerApp_Physical count'!B:B,' General Stock Summary View '!$S$2,'PowerApp_Physical count'!C:C,' General Stock Summary View '!C8,'PowerApp_Physical count'!A:A,' General Stock Summary View '!B8) -> 0 | U8: =T8-S8 -> 0 | V8: =SUMIFS('XBS '!T:T,'XBS '!H:H,' General Stock Summary View '!$V$2,'XBS '!B:B,' General Stock Summary View '!C8,'XBS '!L:L,' General Stock Summary View '!B8) -> 0 | W8: =SUMIFS('PowerApp_Physical count'!H:H,'PowerApp_Physical count'!B:B,' General Stock Summary View '!$V$2,'PowerApp_Physical count'!C:C,' General Stock Summary View '!C8,'PowerApp_Physical count'!A:A,' General Stock Summary View '!B8) -> 0 | X8: =W8-V8 -> 0 | Y8: =SUMIFS('XBS '!T:T,'XBS '!H:H,' General Stock Summary View '!$Y$2,'XBS '!B:B,' General Stock Summary View '!C8,'XBS '!L:L,' General Stock Summary View '!B8) -> 0 | Z8: =SUMIFS('PowerApp_Physical count'!H:H,'PowerApp_Physical count'!B:B,' General Stock Summary View '!$Y$2,'PowerApp_Physical count'!C:C,' General Stock Summary View '!C8,'PowerApp_Physical count'!A:A,' General Stock Summary View '!B8) -> 0 | AA8: =Z8-Y8 -> 0 | AB8: =SUMIFS('XBS '!T:T,'XBS '!H:H,' General Stock Summary View '!$AB$2,'XBS '!B:B,' General Stock Summary View '!C8,'XBS '!L:L,' General Stock Summary View '!B8) -> 0 | AC8: =SUMIFS('PowerApp_Physical count'!H:H,'PowerApp_Physical count'!B:B,' General Stock Summary View '!$AB$2,'PowerApp_Physical count'!C:C,' General Stock Summary View '!C8,'PowerApp_Physical count'!A:A,' General Stock Summary View '!B8) -> 0 | AD8: =AC8-AB8 -> 0 | AE8: =SUM(H8,Q8,T8,W8,Z8,AC8+K8) -> 0 | AF8: =AE8-F8 -> -1
B9: 49KK0006 | C9: AA | D9: =SUMIFS('XBS '!T:T,'XBS '!C:C,' General Stock Summary View '!C9,'XBS '!L:L,' General Stock Summary View '!B9) -> 3.4333333 | E9: =SUMIFS('Blocked for Processing'!P:P,'Blocked for Processing'!I:I,' General Stock Summary View '!B9,'Blocked for Processing'!C:C,' General Stock Summary View '!C9) -> 0 | F9: =SUM(D9:E9) -> 3.4333333 | G9: =SUMIFS('XBS '!T:T,'XBS '!H:H,' General Stock Summary View '!$G$2,'XBS '!L:L,' General Stock Summary View '!B9,'XBS '!C:C,' General Stock Summary View '!C9) -> 0 | H9: =SUMIFS('PowerApp_Physical count'!H:H,'PowerApp_Physical count'!B:B,' General Stock Summary View '!$G$2,'PowerApp_Physical count'!C:C,' General Stock Summary View '!C9,'PowerApp_Physical count'!A:A,' General Stock Summary View '!B9) -> 0 | I9: =H9-G9 -> 0 | J9: =SUMIFS('XBS '!T:T,'XBS '!H:H,' General Stock Summary View '!$J$2,'XBS '!L:L,' General Stock Summary View '!B9,'XBS '!C:C,' General Stock Summary View '!C9) -> 0 | K9: =SUMIFS('PowerApp_Physical count'!H:H,'PowerApp_Physical count'!B:B,' General Stock Summary View '!$J$2,'PowerApp_Physical count'!C:C,' General Stock Summary View '!C9,'PowerApp_Physical count'!A:A,' General Stock Summary View '!B9) -> 0 | L9: =K9-J9 -> 0 | M9: =J9+G9+E9 -> 0 | N9: =K9+H9 -> 0 | O9: =N9-M9 -> 0 | P9: =SUMIFS('XBS '!T:T,'XBS '!H:H,' General Stock Summary View '!$P$2,'XBS '!L:L,' General Stock Summary View '!B9,'XBS '!C:C,' General Stock Summary View '!C9) -> 3.4333333 | Q9: =SUMIFS('PowerApp_Physical count'!H:H,'PowerApp_Physical count'!B:B,' General Stock Summary View '!$P$2,'PowerApp_Physical count'!C:C,' General Stock Summary View '!C9,'PowerApp_Physical count'!A:A,' General Stock Summary View '!B9) -> 0 | R9: =Q9-P9 -> -3.4333333 | S9: =SUMIFS('XBS '!T:T,'XBS '!L:L,' General Stock Summary View '!B9,'XBS '!H:H,' General Stock Summary View '!$S$2,'XBS '!C:C,' General Stock Summary View '!C9) -> 0 | T9: =SUMIFS('PowerApp_Physical count'!H:H,'PowerApp_Physical count'!B:B,' General Stock Summary View '!$S$2,'PowerApp_Physical count'!C:C,' General Stock Summary View '!C9,'PowerApp_Physical count'!A:A,' General Stock Summary View '!B9) -> 0 | U9: =T9-S9 -> 0 | V9: =SUMIFS('XBS '!T:T,'XBS '!H:H,' General Stock Summary View '!$V$2,'XBS '!B:B,' General Stock Summary View '!C9,'XBS '!L:L,' General Stock Summary View '!B9) -> 0 | W9: =SUMIFS('PowerApp_Physical count'!H:H,'PowerApp_Physical count'!B:B,' General Stock Summary View '!$V$2,'PowerApp_Physical count'!C:C,' General Stock Summary View '!C9,'PowerApp_Physical count'!A:A,' General Stock Summary View '!B9) -> 0 | X9: =W9-V9 -> 0 | Y9: =SUMIFS('XBS '!T:T,'XBS '!H:H,' General Stock Summary View '!$Y$2,'XBS '!B:B,' General Stock Summary View '!C9,'XBS '!L:L,' General Stock Summary View '!B9) -> 0 | Z9: =SUMIFS('PowerApp_Physical count'!H:H,'PowerApp_Physical count'!B:B,' General Stock Summary View '!$Y$2,'PowerApp_Physical count'!C:C,' General Stock Summary View '!C9,'PowerApp_Physical count'!A:A,' General Stock Summary View '!B9) -> 0 | AA9: =Z9-Y9 -> 0 | AB9: =SUMIFS('XBS '!T:T,'XBS '!H:H,' General Stock Summary View '!$AB$2,'XBS '!B:B,' General Stock Summary View '!C9,'XBS '!L:L,' General Stock Summary View '!B9) -> 0 | AC9: =SUMIFS('PowerApp_Physical count'!H:H,'PowerApp_Physical count'!B:B,' General Stock Summary View '!$AB$2,'PowerApp_Physical count'!C:C,' General Stock Summary View '!C9,'PowerApp_Physical count'!A:A,' General Stock Summary View '!B9) -> 0 | AD9: =AC9-AB9 -> 0 | AE9: =SUM(H9,Q9,T9,W9,Z9,AC9+K9) -> 0 | AF9: =AE9-F9 -> -3.4333333
B10: 48KK2015 | C10: AA | D10: =SUMIFS('XBS '!T:T,'XBS '!C:C,' General Stock Summary View '!C10,'XBS '!L:L,' General Stock Summary View '!B10) -> 10.466667 | E10: =SUMIFS('Blocked for Processing'!P:P,'Blocked for Processing'!I:I,' General Stock Summary View '!B10,'Blocked for Processing'!C:C,' General Stock Summary View '!C10) -> 0 | F10: =SUM(D10:E10) -> 10.466667 | G10: =SUMIFS('XBS '!T:T,'XBS '!H:H,' General Stock Summary View '!$G$2,'XBS '!L:L,' General Stock Summary View '!B10,'XBS '!C:C,' General Stock Summary View '!C10) -> 0 | H10: =SUMIFS('PowerApp_Physical count'!H:H,'PowerApp_Physical count'!B:B,' General Stock Summary View '!$G$2,'PowerApp_Physical count'!C:C,' General Stock Summary View '!C10,'PowerApp_Physical count'!A:A,' General Stock Summary View '!B10) -> 0 | I10: =H10-G10 -> 0 | J10: =SUMIFS('XBS '!T:T,'XBS '!H:H,' General Stock Summary View '!$J$2,'XBS '!L:L,' General Stock Summary View '!B10,'XBS '!C:C,' General Stock Summary View '!C10) -> 0 | K10: =SUMIFS('PowerApp_Physical count'!H:H,'PowerApp_Physical count'!B:B,' General Stock Summary View '!$J$2,'PowerApp_Physical count'!C:C,' General Stock Summary View '!C10,'PowerApp_Physical count'!A:A,' General Stock Summary View '!B10) -> 0 | L10: =K10-J10 -> 0 | M10: =J10+G10+E10 -> 0 | N10: =K10+H10 -> 0 | O10: =N10-M10 -> 0 | P10: =SUMIFS('XBS '!T:T,'XBS '!H:H,' General Stock Summary View '!$P$2,'XBS '!L:L,' General Stock Summary View '!B10,'XBS '!C:C,' General Stock Summary View '!C10) -> 10.466667 | Q10: =SUMIFS('PowerApp_Physical count'!H:H,'PowerApp_Physical count'!B:B,' General Stock Summary View '!$P$2,'PowerApp_Physical count'!C:C,' General Stock Summary View '!C10,'PowerApp_Physical count'!A:A,' General Stock Summary View '!B10) -> 0 | R10: =Q10-P10 -> -10.466667 | S10: =SUMIFS('XBS '!T:T,'XBS '!L:L,' General Stock Summary View '!B10,'XBS '!H:H,' General Stock Summary View '!$S$2,'XBS '!C:C,' General Stock Summary View '!C10) -> 0 | T10: =SUMIFS('PowerApp_Physical count'!H:H,'PowerApp_Physical count'!B:B,' General Stock Summary View '!$S$2,'PowerApp_Physical count'!C:C,' General Stock Summary View '!C10,'PowerApp_Physical count'!A:A,' General Stock Summary View '!B10) -> 0 | U10: =T10-S10 -> 0 | V10: =SUMIFS('XBS '!T:T,'XBS '!H:H,' General Stock Summary View '!$V$2,'XBS '!B:B,' General Stock Summary View '!C10,'XBS '!L:L,' General Stock Summary View '!B10) -> 0 | W10: =SUMIFS('PowerApp_Physical count'!H:H,'PowerApp_Physical count'!B:B,' General Stock Summary View '!$V$2,'PowerApp_Physical count'!C:C,' General Stock Summary View '!C10,'PowerApp_Physical count'!A:A,' General Stock Summary View '!B10) -> 0 | X10: =W10-V10 -> 0 | Y10: =SUMIFS('XBS '!T:T,'XBS '!H:H,' General Stock Summary View '!$Y$2,'XBS '!B:B,' General Stock Summary View '!C10,'XBS '!L:L,' General Stock Summary View '!B10) -> 0 | Z10: =SUMIFS('PowerApp_Physical count'!H:H,'PowerApp_Physical count'!B:B,' General Stock Summary View '!$Y$2,'PowerApp_Physical count'!C:C,' General Stock Summary View '!C10,'PowerApp_Physical count'!A:A,' General Stock Summary View '!B10) -> 0 | AA10: =Z10-Y10 -> 0 | AB10: =SUMIFS('XBS '!T:T,'XBS '!H:H,' General Stock Summary View '!$AB$2,'XBS '!B:B,' General Stock Summary View '!C10,'XBS '!L:L,' General Stock Summary View '!B10) -> 0 | AC10: =SUMIFS('PowerApp_Physical count'!H:H,'PowerApp_Physical count'!B:B,' General Stock Summary View '!$AB$2,'PowerApp_Physical count'!C:C,' General Stock Summary View '!C10,'PowerApp_Physical count'!A:A,' General Stock Summary View '!B10) -> 0 | AD10: =AC10-AB10 -> 0 | AE10: =SUM(H10,Q10,T10,W10,Z10,AC10+K10) -> 0 | AF10: =AE10-F10 -> -10.466667
B11: 49KK0041 | C11: AA | D11: =SUMIFS('XBS '!T:T,'XBS '!C:C,' General Stock Summary View '!C11,'XBS '!L:L,' General Stock Summary View '!B11) -> 4.4833333 | E11: =SUMIFS('Blocked for Processing'!P:P,'Blocked for Processing'!I:I,' General Stock Summary View '!B11,'Blocked for Processing'!C:C,' General Stock Summary View '!C11) -> 0 | F11: =SUM(D11:E11) -> 4.4833333 | G11: =SUMIFS('XBS '!T:T,'XBS '!H:H,' General Stock Summary View '!$G$2,'XBS '!L:L,' General Stock Summary View '!B11,'XBS '!C:C,' General Stock Summary View '!C11) -> 0 | H11: =SUMIFS('PowerApp_Physical count'!H:H,'PowerApp_Physical count'!B:B,' General Stock Summary View '!$G$2,'PowerApp_Physical count'!C:C,' General Stock Summary View '!C11,'PowerApp_Physical count'!A:A,' General Stock Summary View '!B11) -> 0 | I11: =H11-G11 -> 0 | J11: =SUMIFS('XBS '!T:T,'XBS '!H:H,' General Stock Summary View '!$J$2,'XBS '!L:L,' General Stock Summary View '!B11,'XBS '!C:C,' General Stock Summary View '!C11) -> 0 | K11: =SUMIFS('PowerApp_Physical count'!H:H,'PowerApp_Physical count'!B:B,' General Stock Summary View '!$J$2,'PowerApp_Physical count'!C:C,' General Stock Summary View '!C11,'PowerApp_Physical count'!A:A,' General Stock Summary View '!B11) -> 0 | L11: =K11-J11 -> 0 | M11: =J11+G11+E11 -> 0 | N11: =K11+H11 -> 0 | O11: =N11-M11 -> 0 | P11: =SUMIFS('XBS '!T:T,'XBS '!H:H,' General Stock Summary View '!$P$2,'XBS '!L:L,' General Stock Summary View '!B11,'XBS '!C:C,' General Stock Summary View '!C11) -> 4.4833333 | Q11: =SUMIFS('PowerApp_Physical count'!H:H,'PowerApp_Physical count'!B:B,' General Stock Summary View '!$P$2,'PowerApp_Physical count'!C:C,' General Stock Summary View '!C11,'PowerApp_Physical count'!A:A,' General Stock Summary View '!B11) -> 0 | R11: =Q11-P11 -> -4.4833333 | S11: =SUMIFS('XBS '!T:T,'XBS '!L:L,' General Stock Summary View '!B11,'XBS '!H:H,' General Stock Summary View '!$S$2,'XBS '!C:C,' General Stock Summary View '!C11) -> 0 | T11: =SUMIFS('PowerApp_Physical count'!H:H,'PowerApp_Physical count'!B:B,' General Stock Summary View '!$S$2,'PowerApp_Physical count'!C:C,' General Stock Summary View '!C11,'PowerApp_Physical count'!A:A,' General Stock Summary View '!B11) -> 0 | U11: =T11-S11 -> 0 | V11: =SUMIFS('XBS '!T:T,'XBS '!H:H,' General Stock Summary View '!$V$2,'XBS '!B:B,' General Stock Summary View '!C11,'XBS '!L:L,' General Stock Summary View '!B11) -> 0 | W11: =SUMIFS('PowerApp_Physical count'!H:H,'PowerApp_Physical count'!B:B,' General Stock Summary View '!$V$2,'PowerApp_Physical count'!C:C,' General Stock Summary View '!C11,'PowerApp_Physical count'!A:A,' General Stock Summary View '!B11) -> 0 | X11: =W11-V11 -> 0 | Y11: =SUMIFS('XBS '!T:T,'XBS '!H:H,' General Stock Summary View '!$Y$2,'XBS '!B:B,' General Stock Summary View '!C11,'XBS '!L:L,' General Stock Summary View '!B11) -> 0 | Z11: =SUMIFS('PowerApp_Physical count'!H:H,'PowerApp_Physical count'!B:B,' General Stock Summary View '!$Y$2,'PowerApp_Physical count'!C:C,' General Stock Summary View '!C11,'PowerApp_Physical count'!A:A,' General Stock Summary View '!B11) -> 0 | AA11: =Z11-Y11 -> 0 | AB11: =SUMIFS('XBS '!T:T,'XBS '!H:H,' General Stock Summary View '!$AB$2,'XBS '!B:B,' General Stock Summary View '!C11,'XBS '!L:L,' General Stock Summary View '!B11) -> 0 | AC11: =SUMIFS('PowerApp_Physical count'!H:H,'PowerApp_Physical count'!B:B,' General Stock Summary View '!$AB$2,'PowerApp_Physical count'!C:C,' General Stock Summary View '!C11,'PowerApp_Physical count'!A:A,' General Stock Summary View '!B11) -> 0 | AD11: =AC11-AB11 -> 0 | AE11: =SUM(H11,Q11,T11,W11,Z11,AC11+K11) -> 0 | AF11: =AE11-F11 -> -4.4833333
B12: 48KK2003 | C12: AA | D12: =SUMIFS('XBS '!T:T,'XBS '!C:C,' General Stock Summary View '!C12,'XBS '!L:L,' General Stock Summary View '!B12) -> 6.6 | E12: =SUMIFS('Blocked for Processing'!P:P,'Blocked for Processing'!I:I,' General Stock Summary View '!B12,'Blocked for Processing'!C:C,' General Stock Summary View '!C12) -> 0 | F12: =SUM(D12:E12) -> 6.6 | G12: =SUMIFS('XBS '!T:T,'XBS '!H:H,' General Stock Summary View '!$G$2,'XBS '!L:L,' General Stock Summary View '!B12,'XBS '!C:C,' General Stock Summary View '!C12) -> 0 | H12: =SUMIFS('PowerApp_Physical count'!H:H,'PowerApp_Physical count'!B:B,' General Stock Summary View '!$G$2,'PowerApp_Physical count'!C:C,' General Stock Summary View '!C12,'PowerApp_Physical count'!A:A,' General Stock Summary View '!B12) -> 0 | I12: =H12-G12 -> 0 | J12: =SUMIFS('XBS '!T:T,'XBS '!H:H,' General Stock Summary View '!$J$2,'XBS '!L:L,' General Stock Summary View '!B12,'XBS '!C:C,' General Stock Summary View '!C12) -> 0 | K12: =SUMIFS('PowerApp_Physical count'!H:H,'PowerApp_Physical count'!B:B,' General Stock Summary View '!$J$2,'PowerApp_Physical count'!C:C,' General Stock Summary View '!C12,'PowerApp_Physical count'!A:A,' General Stock Summary View '!B12) -> 0 | L12: =K12-J12 -> 0 | M12: =J12+G12+E12 -> 0 | N12: =K12+H12 -> 0 | O12: =N12-M12 -> 0 | P12: =SUMIFS('XBS '!T:T,'XBS '!H:H,' General Stock Summary View '!$P$2,'XBS '!L:L,' General Stock Summary View '!B12,'XBS '!C:C,' General Stock Summary View '!C12) -> 6.6 | Q12: =SUMIFS('PowerApp_Physical count'!H:H,'PowerApp_Physical count'!B:B,' General Stock Summary View '!$P$2,'PowerApp_Physical count'!C:C,' General Stock Summary View '!C12,'PowerApp_Physical count'!A:A,' General Stock Summary View '!B12) -> 0 | R12: =Q12-P12 -> -6.6 | S12: =SUMIFS('XBS '!T:T,'XBS '!L:L,' General Stock Summary View '!B12,'XBS '!H:H,' General Stock Summary View '!$S$2,'XBS '!C:C,' General Stock Summary View '!C12) -> 0 | T12: =SUMIFS('PowerApp_Physical count'!H:H,'PowerApp_Physical count'!B:B,' General Stock Summary View '!$S$2,'PowerApp_Physical count'!C:C,' General Stock Summary View '!C12,'PowerApp_Physical count'!A:A,' General Stock Summary View '!B12) -> 0 | U12: =T12-S12 -> 0 | V12: =SUMIFS('XBS '!T:T,'XBS '!H:H,' General Stock Summary View '!$V$2,'XBS '!B:B,' General Stock Summary View '!C12,'XBS '!L:L,' General Stock Summary View '!B12) -> 0 | W12: =SUMIFS('PowerApp_Physical count'!H:H,'PowerApp_Physical count'!B:B,' General Stock Summary View '!$V$2,'PowerApp_Physical count'!C:C,' General Stock Summary View '!C12,'PowerApp_Physical count'!A:A,' General Stock Summary View '!B12) -> 0 | X12: =W12-V12 -> 0 | Y12: =SUMIFS('XBS '!T:T,'XBS '!H:H,' General Stock Summary View '!$Y$2,'XBS '!B:B,' General Stock Summary View '!C12,'XBS '!L:L,' General Stock Summary View '!B12) -> 0 | Z12: =SUMIFS('PowerApp_Physical count'!H:H,'PowerApp_Physical count'!B:B,' General Stock Summary View '!$Y$2,'PowerApp_Physical count'!C:C,' General Stock Summary View '!C12,'PowerApp_Physical count'!A:A,' General Stock Summary View '!B12) -> 0 | AA12: =Z12-Y12 -> 0 | AB12: =SUMIFS('XBS '!T:T,'XBS '!H:H,' General Stock Summary View '!$AB$2,'XBS '!B:B,' General Stock Summary View '!C12,'XBS '!L:L,' General Stock Summary View '!B12) -> 0 | AC12: =SUMIFS('PowerApp_Physical count'!H:H,'PowerApp_Physical count'!B:B,' General Stock Summary View '!$AB$2,'PowerApp_Physical count'!C:C,' General Stock Summary View '!C12,'PowerApp_Physical count'!A:A,' General Stock Summary View '!B12) -> 0 | AD12: =AC12-AB12 -> 0 | AE12: =SUM(H12,Q12,T12,W12,Z12,AC12+K12) -> 0 | AF12: =AE12-F12 -> -6.6
B13: 49KK0020 | C13: AA | D13: =SUMIFS('XBS '!T:T,'XBS '!C:C,' General Stock Summary View '!C13,'XBS '!L:L,' General Stock Summary View '!B13) -> 25.15 | E13: =SUMIFS('Blocked for Processing'!P:P,'Blocked for Processing'!I:I,' General Stock Summary View '!B13,'Blocked for Processing'!C:C,' General Stock Summary View '!C13) -> 0 | F13: =SUM(D13:E13) -> 25.15 | G13: =SUMIFS('XBS '!T:T,'XBS '!H:H,' General Stock Summary View '!$G$2,'XBS '!L:L,' General Stock Summary View '!B13,'XBS '!C:C,' General Stock Summary View '!C13) -> 0 | H13: =SUMIFS('PowerApp_Physical count'!H:H,'PowerApp_Physical count'!B:B,' General Stock Summary View '!$G$2,'PowerApp_Physical count'!C:C,' General Stock Summary View '!C13,'PowerApp_Physical count'!A:A,' General Stock Summary View '!B13) -> 0 | I13: =H13-G13 -> 0 | J13: =SUMIFS('XBS '!T:T,'XBS '!H:H,' General Stock Summary View '!$J$2,'XBS '!L:L,' General Stock Summary View '!B13,'XBS '!C:C,' General Stock Summary View '!C13) -> 0 | K13: =SUMIFS('PowerApp_Physical count'!H:H,'PowerApp_Physical count'!B:B,' General Stock Summary View '!$J$2,'PowerApp_Physical count'!C:C,' General Stock Summary View '!C13,'PowerApp_Physical count'!A:A,' General Stock Summary View '!B13) -> 0 | L13: =K13-J13 -> 0 | M13: =J13+G13+E13 -> 0 | N13: =K13+H13 -> 0 | O13: =N13-M13 -> 0 | P13: =SUMIFS('XBS '!T:T,'XBS '!H:H,' General Stock Summary View '!$P$2,'XBS '!L:L,' General Stock Summary View '!B13,'XBS '!C:C,' General Stock Summary View '!C13) -> 25.15 | Q13: =SUMIFS('PowerApp_Physical count'!H:H,'PowerApp_Physical count'!B:B,' General Stock Summary View '!$P$2,'PowerApp_Physical count'!C:C,' General Stock Summary View '!C13,'PowerApp_Physical count'!A:A,' General Stock Summary View '!B13) -> 0 | R13: =Q13-P13 -> -25.15 | S13: =SUMIFS('XBS '!T:T,'XBS '!L:L,' General Stock Summary View '!B13,'XBS '!H:H,' General Stock Summary View '!$S$2,'XBS '!C:C,' General Stock Summary View '!C13) -> 0 | T13: =SUMIFS('PowerApp_Physical count'!H:H,'PowerApp_Physical count'!B:B,' General Stock Summary View '!$S$2,'PowerApp_Physical count'!C:C,' General Stock Summary View '!C13,'PowerApp_Physical count'!A:A,' General Stock Summary View '!B13) -> 0 | U13: =T13-S13 -> 0 | V13: =SUMIFS('XBS '!T:T,'XBS '!H:H,' General Stock Summary View '!$V$2,'XBS '!B:B,' General Stock Summary View '!C13,'XBS '!L:L,' General Stock Summary View '!B13) -> 0 | W13: =SUMIFS('PowerApp_Physical count'!H:H,'PowerApp_Physical count'!B:B,' General Stock Summary View '!$V$2,'PowerApp_Physical count'!C:C,' General Stock Summary View '!C13,'PowerApp_Physical count'!A:A,' General Stock Summary View '!B13) -> 0 | X13: =W13-V13 -> 0 | Y13: =SUMIFS('XBS '!T:T,'XBS '!H:H,' General Stock Summary View '!$Y$2,'XBS '!B:B,' General Stock Summary View '!C13,'XBS '!L:L,' General Stock Summary View '!B13) -> 0 | Z13: =SUMIFS('PowerApp_Physical count'!H:H,'PowerApp_Physical count'!B:B,' General Stock Summary View '!$Y$2,'PowerApp_Physical count'!C:C,' General Stock Summary View '!C13,'PowerApp_Physical count'!A:A,' General Stock Summary View '!B13) -> 0 | AA13: =Z13-Y13 -> 0 | AB13: =SUMIFS('XBS '!T:T,'XBS '!H:H,' General Stock Summary View '!$AB$2,'XBS '!B:B,' General Stock Summary View '!C13,'XBS '!L:L,' General Stock Summary View '!B13) -> 0 | AC13: =SUMIFS('PowerApp_Physical count'!H:H,'PowerApp_Physical count'!B:B,' General Stock Summary View '!$AB$2,'PowerApp_Physical count'!C:C,' General Stock Summary View '!C13,'PowerApp_Physical count'!A:A,' General Stock Summary View '!B13) -> 0 | AD13: =AC13-AB13 -> 0 | AE13: =SUM(H13,Q13,T13,W13,Z13,AC13+K13) -> 0 | AF13: =AE13-F13 -> -25.15
B14: 49MG0040 | C14: AA | D14: =SUMIFS('XBS '!T:T,'XBS '!C:C,' General Stock Summary View '!C14,'XBS '!L:L,' General Stock Summary View '!B14) -> 21.4 | E14: =SUMIFS('Blocked for Processing'!P:P,'Blocked for Processing'!I:I,' General Stock Summary View '!B14,'Blocked for Processing'!C:C,' General Stock Summary View '!C14) -> 0 | F14: =SUM(D14:E14) -> 21.4 | G14: =SUMIFS('XBS '!T:T,'XBS '!H:H,' General Stock Summary View '!$G$2,'XBS '!L:L,' General Stock Summary View '!B14,'XBS '!C:C,' General Stock Summary View '!C14) -> 0 | H14: =SUMIFS('PowerApp_Physical count'!H:H,'PowerApp_Physical count'!B:B,' General Stock Summary View '!$G$2,'PowerApp_Physical count'!C:C,' General Stock Summary View '!C14,'PowerApp_Physical count'!A:A,' General Stock Summary View '!B14) -> 0 | I14: =H14-G14 -> 0 | J14: =SUMIFS('XBS '!T:T,'XBS '!H:H,' General Stock Summary View '!$J$2,'XBS '!L:L,' General Stock Summary View '!B14,'XBS '!C:C,' General Stock Summary View '!C14) -> 0 | K14: =SUMIFS('PowerApp_Physical count'!H:H,'PowerApp_Physical count'!B:B,' General Stock Summary View '!$J$2,'PowerApp_Physical count'!C:C,' General Stock Summary View '!C14,'PowerApp_Physical count'!A:A,' General Stock Summary View '!B14) -> 0 | L14: =K14-J14 -> 0 | M14: =J14+G14+E14 -> 0 | N14: =K14+H14 -> 0 | O14: =N14-M14 -> 0 | P14: =SUMIFS('XBS '!T:T,'XBS '!H:H,' General Stock Summary View '!$P$2,'XBS '!L:L,' General Stock Summary View '!B14,'XBS '!C:C,' General Stock Summary View '!C14) -> 21.4 | Q14: =SUMIFS('PowerApp_Physical count'!H:H,'PowerApp_Physical count'!B:B,' General Stock Summary View '!$P$2,'PowerApp_Physical count'!C:C,' General Stock Summary View '!C14,'PowerApp_Physical count'!A:A,' General Stock Summary View '!B14) -> 0 | R14: =Q14-P14 -> -21.4 | S14: =SUMIFS('XBS '!T:T,'XBS '!L:L,' General Stock Summary View '!B14,'XBS '!H:H,' General Stock Summary View '!$S$2,'XBS '!C:C,' General Stock Summary View '!C14) -> 0 | T14: =SUMIFS('PowerApp_Physical count'!H:H,'PowerApp_Physical count'!B:B,' General Stock Summary View '!$S$2,'PowerApp_Physical count'!C:C,' General Stock Summary View '!C14,'PowerApp_Physical count'!A:A,' General Stock Summary View '!B14) -> 0 | U14: =T14-S14 -> 0 | V14: =SUMIFS('XBS '!T:T,'XBS '!H:H,' General Stock Summary View '!$V$2,'XBS '!B:B,' General Stock Summary View '!C14,'XBS '!L:L,' General Stock Summary View '!B14) -> 0 | W14: =SUMIFS('PowerApp_Physical count'!H:H,'PowerApp_Physical count'!B:B,' General Stock Summary View '!$V$2,'PowerApp_Physical count'!C:C,' General Stock Summary View '!C14,'PowerApp_Physical count'!A:A,' General Stock Summary View '!B14) -> 0 | X14: =W14-V14 -> 0 | Y14: =SUMIFS('XBS '!T:T,'XBS '!H:H,' General Stock Summary View '!$Y$2,'XBS '!B:B,' General Stock Summary View '!C14,'XBS '!L:L,' General Stock Summary View '!B14) -> 0 | Z14: =SUMIFS('PowerApp_Physical count'!H:H,'PowerApp_Physical count'!B:B,' General Stock Summary View '!$Y$2,'PowerApp_Physical count'!C:C,' General Stock Summary View '!C14,'PowerApp_Physical count'!A:A,' General Stock Summary View '!B14) -> 0 | AA14: =Z14-Y14 -> 0 | AB14: =SUMIFS('XBS '!T:T,'XBS '!H:H,' General Stock Summary View '!$AB$2,'XBS '!B:B,' General Stock Summary View '!C14,'XBS '!L:L,' General Stock Summary View '!B14) -> 0 | AC14: =SUMIFS('PowerApp_Physical count'!H:H,'PowerApp_Physical count'!B:B,' General Stock Summary View '!$AB$2,'PowerApp_Physical count'!C:C,' General Stock Summary View '!C14,'PowerApp_Physical count'!A:A,' General Stock Summary View '!B14) -> 0 | AD14: =AC14-AB14 -> 0 | AE14: =SUM(H14,Q14,T14,W14,Z14,AC14+K14) -> 0 | AF14: =AE14-F14 -> -21.4
B15: 49KN1007 | C15: AA | D15: =SUMIFS('XBS '!T:T,'XBS '!C:C,' General Stock Summary View '!C15,'XBS '!L:L,' General Stock Summary View '!B15) -> 6.4833333 | E15: =SUMIFS('Blocked for Processing'!P:P,'Blocked for Processing'!I:I,' General Stock Summary View '!B15,'Blocked for Processing'!C:C,' General Stock Summary View '!C15) -> 0 | F15: =SUM(D15:E15) -> 6.4833333 | G15: =SUMIFS('XBS '!T:T,'XBS '!H:H,' General Stock Summary View '!$G$2,'XBS '!L:L,' General Stock Summary View '!B15,'XBS '!C:C,' General Stock Summary View '!C15) -> 0 | H15: =SUMIFS('PowerApp_Physical count'!H:H,'PowerApp_Physical count'!B:B,' General Stock Summary View '!$G$2,'PowerApp_Physical count'!C:C,' General Stock Summary View '!C15,'PowerApp_Physical count'!A:A,' General Stock Summary View '!B15) -> 0 | I15: =H15-G15 -> 0 | J15: =SUMIFS('XBS '!T:T,'XBS '!H:H,' General Stock Summary View '!$J$2,'XBS '!L:L,' General Stock Summary View '!B15,'XBS '!C:C,' General Stock Summary View '!C15) -> 0 | K15: =SUMIFS('PowerApp_Physical count'!H:H,'PowerApp_Physical count'!B:B,' General Stock Summary View '!$J$2,'PowerApp_Physical count'!C:C,' General Stock Summary View '!C15,'PowerApp_Physical count'!A:A,' General Stock Summary View '!B15) -> 0 | L15: =K15-J15 -> 0 | M15: =J15+G15+E15 -> 0 | N15: =K15+H15 -> 0 | O15: =N15-M15 -> 0 | P15: =SUMIFS('XBS '!T:T,'XBS '!H:H,' General Stock Summary View '!$P$2,'XBS '!L:L,' General Stock Summary View '!B15,'XBS '!C:C,' General Stock Summary View '!C15) -> 6.4833333 | Q15: =SUMIFS('PowerApp_Physical count'!H:H,'PowerApp_Physical count'!B:B,' General Stock Summary View '!$P$2,'PowerApp_Physical count'!C:C,' General Stock Summary View '!C15,'PowerApp_Physical count'!A:A,' General Stock Summary View '!B15) -> 0 | R15: =Q15-P15 -> -6.4833333 | S15: =SUMIFS('XBS '!T:T,'XBS '!L:L,' General Stock Summary View '!B15,'XBS '!H:H,' General Stock Summary View '!$S$2,'XBS '!C:C,' General Stock Summary View '!C15) -> 0 | T15: =SUMIFS('PowerApp_Physical count'!H:H,'PowerApp_Physical count'!B:B,' General Stock Summary View '!$S$2,'PowerApp_Physical count'!C:C,' General Stock Summary View '!C15,'PowerApp_Physical count'!A:A,' General Stock Summary View '!B15) -> 0 | U15: =T15-S15 -> 0 | V15: =SUMIFS('XBS '!T:T,'XBS '!H:H,' General Stock Summary View '!$V$2,'XBS '!B:B,' General Stock Summary View '!C15,'XBS '!L:L,' General Stock Summary View '!B15) -> 0 | W15: =SUMIFS('PowerApp_Physical count'!H:H,'PowerApp_Physical count'!B:B,' General Stock Summary View '!$V$2,'PowerApp_Physical count'!C:C,' General Stock Summary View '!C15,'PowerApp_Physical count'!A:A,' General Stock Summary View '!B15) -> 0 | X15: =W15-V15 -> 0 | Y15: =SUMIFS('XBS '!T:T,'XBS '!H:H,' General Stock Summary View '!$Y$2,'XBS '!B:B,' General Stock Summary View '!C15,'XBS '!L:L,' General Stock Summary View '!B15) -> 0 | Z15: =SUMIFS('PowerApp_Physical count'!H:H,'PowerApp_Physical count'!B:B,' General Stock Summary View '!$Y$2,'PowerApp_Physical count'!C:C,' General Stock Summary View '!C15,'PowerApp_Physical count'!A:A,' General Stock Summary View '!B15) -> 0 | AA15: =Z15-Y15 -> 0 | AB15: =SUMIFS('XBS '!T:T,'XBS '!H:H,' General Stock Summary View '!$AB$2,'XBS '!B:B,' General Stock Summary View '!C15,'XBS '!L:L,' General Stock Summary View '!B15) -> 0 | AC15: =SUMIFS('PowerApp_Physical count'!H:H,'PowerApp_Physical count'!B:B,' General Stock Summary View '!$AB$2,'PowerApp_Physical count'!C:C,' General Stock Summary View '!C15,'PowerApp_Physical count'!A:A,' General Stock Summary View '!B15) -> 0 | AD15: =AC15-AB15 -> 0 | AE15: =SUM(H15,Q15,T15,W15,Z15,AC15+K15) -> 0 | AF15: =AE15-F15 -> -6.4833333
... B171: 49KK0075 | C171: C | D171: =SUMIFS('XBS '!T:T,'XBS '!C:C,' General Stock Summary View '!C171,'XBS '!L:L,' General Stock Summary View '!B171) -> 13.15 | E171: =SUMIFS('Blocked for Processing'!P:P,'Blocked for Processing'!I:I,' General Stock Summary View '!B171,'Blocked for Processing'!C:C,' General Stock Summary View '!C171) -> 0 | F171: =SUM(D171:E171) -> 13.15 | G171: =SUMIFS('XBS '!T:T,'XBS '!H:H,' General Stock Summary View '!$G$2,'XBS '!L:L,' General Stock Summary View '!B171,'XBS '!C:C,' General Stock Summary View '!C171) -> 0 | H171: =SUMIFS('PowerApp_Physical count'!H:H,'PowerApp_Physical count'!B:B,' General Stock Summary View '!$G$2,'PowerApp_Physical count'!C:C,' General Stock Summary View '!C171,'PowerApp_Physical count'!A:A,' General Stock Summary View '!B171) -> 0 | I171: =H171-G171 -> 0 | J171: =SUMIFS('XBS '!T:T,'XBS '!H:H,' General Stock Summary View '!$J$2,'XBS '!L:L,' General Stock Summary View '!B171,'XBS '!C:C,' General Stock Summary View '!C171) -> 0 | K171: =SUMIFS('PowerApp_Physical count'!H:H,'PowerApp_Physical count'!B:B,' General Stock Summary View '!$J$2,'PowerApp_Physical count'!C:C,' General Stock Summary View '!C171,'PowerApp_Physical count'!A:A,' General Stock Summary View '!B171) -> 0 | L171: =K171-J171 -> 0 | M171: =J171+G171+E171 -> 0 | N171: =K171+H171 -> 0 | O171: =N171-M171 -> 0 | P171: =SUMIFS('XBS '!T:T,'XBS '!H:H,' General Stock Summary View '!$P$2,'XBS '!L:L,' General Stock Summary View '!B171,'XBS '!C:C,' General Stock Summary View '!C171) -> 13.15 | Q171: =SUMIFS('PowerApp_Physical count'!H:H,'PowerApp_Physical count'!B:B,' General Stock Summary View '!$P$2,'PowerApp_Physical count'!C:C,' General Stock Summary View '!C171,'PowerApp_Physical count'!A:A,' General Stock Summary View '!B171) -> 0 | R171: =Q171-P171 -> -13.15 | S171: =SUMIFS('XBS '!T:T,'XBS '!L:L,' General Stock Summary View '!B171,'XBS '!H:H,' General Stock Summary View '!$S$2,'XBS '!C:C,' General Stock Summary View '!C171) -> 0 | T171: =SUMIFS('PowerApp_Physical count'!H:H,'PowerApp_Physical count'!B:B,' General Stock Summary View '!$S$2,'PowerApp_Physical count'!C:C,' General Stock Summary View '!C171,'PowerApp_Physical count'!A:A,' General Stock Summary View '!B171) -> 0 | U171: =T171-S171 -> 0 | V171: =SUMIFS('XBS '!T:T,'XBS '!H:H,' General Stock Summary View '!$V$2,'XBS '!B:B,' General Stock Summary View '!C171,'XBS '!L:L,' General Stock Summary View '!B171) -> 0 | W171: =SUMIFS('PowerApp_Physical count'!H:H,'PowerApp_Physical count'!B:B,' General Stock Summary View '!$V$2,'PowerApp_Physical count'!C:C,' General Stock Summary View '!C171,'PowerApp_Physical count'!A:A,' General Stock Summary View '!B171) -> 0 | X171: =W171-V171 -> 0 | Y171: =SUMIFS('XBS '!T:T,'XBS '!H:H,' General Stock Summary View '!$Y$2,'XBS '!B:B,' General Stock Summary View '!C171,'XBS '!L:L,' General Stock Summary View '!B171) -> 0 | Z171: =SUMIFS('PowerApp_Physical count'!H:H,'PowerApp_Physical count'!B:B,' General Stock Summary View '!$Y$2,'PowerApp_Physical count'!C:C,' General Stock Summary View '!C171,'PowerApp_Physical count'!A:A,' General Stock Summary View '!B171) -> 0 | AA171: =Z171-Y171 -> 0 | AB171: =SUMIFS('XBS '!T:T,'XBS '!H:H,' General Stock Summary View '!$AB$2,'XBS '!B:B,' General Stock Summary View '!C171,'XBS '!L:L,' General Stock Summary View '!B171) -> 0 | AC171: =SUMIFS('PowerApp_Physical count'!H:H,'PowerApp_Physical count'!B:B,' General Stock Summary View '!$AB$2,'PowerApp_Physical count'!C:C,' General Stock Summary View '!C171,'PowerApp_Physical count'!A:A,' General Stock Summary View '!B171) -> 0 | AD171: =AC171-AB171 -> 0 | AE171: =SUM(H171,Q171,T171,W171,Z171,AC171+K171) -> 0 | AF171: =AE171-F171 -> -13.15
B172: 47TK0003 | C172: C | D172: =SUMIFS('XBS '!T:T,'XBS '!C:C,' General Stock Summary View '!C172,'XBS '!L:L,' General Stock Summary View '!B172) -> 1 | E172: =SUMIFS('Blocked for Processing'!P:P,'Blocked for Processing'!I:I,' General Stock Summary View '!B172,'Blocked for Processing'!C:C,' General Stock Summary View '!C172) -> 0 | F172: =SUM(D172:E172) -> 1 | L172: =K172-J172 -> 0 | M172: =J172+G172+E172 -> 0 | N172: =K172+H172 -> 0 | O172: =N172-M172 -> 0 | P172: =SUMIFS('XBS '!T:T,'XBS '!H:H,' General Stock Summary View '!$P$2,'XBS '!L:L,' General Stock Summary View '!B172,'XBS '!C:C,' General Stock Summary View '!C172) -> 1 | Q172: =SUMIFS('PowerApp_Physical count'!H:H,'PowerApp_Physical count'!B:B,' General Stock Summary View '!$P$2,'PowerApp_Physical count'!C:C,' General Stock Summary View '!C172,'PowerApp_Physical count'!A:A,' General Stock Summary View '!B172) -> 0 | R172: =Q172-P172 -> -1 | S172: =SUMIFS('XBS '!T:T,'XBS '!L:L,' General Stock Summary View '!B172,'XBS '!H:H,' General Stock Summary View '!$S$2,'XBS '!C:C,' General Stock Summary View '!C172) -> 0 | T172: =SUMIFS('PowerApp_Physical count'!H:H,'PowerApp_Physical count'!B:B,' General Stock Summary View '!$S$2,'PowerApp_Physical count'!C:C,' General Stock Summary View '!C172,'PowerApp_Physical count'!A:A,' General Stock Summary View '!B172) -> 0 | U172: =T172-S172 -> 0 | V172: =SUMIFS('XBS '!T:T,'XBS '!H:H,' General Stock Summary View '!$V$2,'XBS '!B:B,' General Stock Summary View '!C172,'XBS '!L:L,' General Stock Summary View '!B172) -> 0 | W172: =SUMIFS('PowerApp_Physical count'!H:H,'PowerApp_Physical count'!B:B,' General Stock Summary View '!$V$2,'PowerApp_Physical count'!C:C,' General Stock Summary View '!C172,'PowerApp_Physical count'!A:A,' General Stock Summary View '!B172) -> 0 | X172: =W172-V172 -> 0 | Y172: =SUMIFS('XBS '!T:T,'XBS '!H:H,' General Stock Summary View '!$Y$2,'XBS '!B:B,' General Stock Summary View '!C172,'XBS '!L:L,' General Stock Summary View '!B172) -> 0 | Z172: =SUMIFS('PowerApp_Physical count'!H:H,'PowerApp_Physical count'!B:B,' General Stock Summary View '!$Y$2,'PowerApp_Physical count'!C:C,' General Stock Summary View '!C172,'PowerApp_Physical count'!A:A,' General Stock Summary View '!B172) -> 0 | AA172: =Z172-Y172 -> 0 | AB172: =SUMIFS('XBS '!T:T,'XBS '!H:H,' General Stock Summary View '!$AB$2,'XBS '!B:B,' General Stock Summary View '!C172,'XBS '!L:L,' General Stock Summary View '!B172) -> 0 | AC172: =SUMIFS('PowerApp_Physical count'!H:H,'PowerApp_Physical count'!B:B,' General Stock Summary View '!$AB$2,'PowerApp_Physical count'!C:C,' General Stock Summary View '!C172,'PowerApp_Physical count'!A:A,' General Stock Summary View '!B172) -> 0 | AD172: =AC172-AB172 -> 0 | AE172: =SUM(H172,Q172,T172,W172,Z172,AC172+K172) -> 0 | AF172: =AE172-F172 -> -1
B173: 18IM1013 | C173: C | D173: =SUMIFS('XBS '!T:T,'XBS '!C:C,' General Stock Summary View '!C173,'XBS '!L:L,' General Stock Summary View '!B173) -> 0.2 | E173: =SUMIFS('Blocked for Processing'!P:P,'Blocked for Processing'!I:I,' General Stock Summary View '!B173,'Blocked for Processing'!C:C,' General Stock Summary View '!C173) -> 0 | F173: =SUM(D173:E173) -> 0.2 | L173: =K173-J173 -> 0 | M173: =J173+G173+E173 -> 0 | N173: =K173+H173 -> 0 | O173: =N173-M173 -> 0 | P173: =SUMIFS('XBS '!T:T,'XBS '!H:H,' General Stock Summary View '!$P$2,'XBS '!L:L,' General Stock Summary View '!B173,'XBS '!C:C,' General Stock Summary View '!C173) -> 0.2 | Q173: =SUMIFS('PowerApp_Physical count'!H:H,'PowerApp_Physical count'!B:B,' General Stock Summary View '!$P$2,'PowerApp_Physical count'!C:C,' General Stock Summary View '!C173,'PowerApp_Physical count'!A:A,' General Stock Summary View '!B173) -> 0 | R173: =Q173-P173 -> -0.2 | S173: =SUMIFS('XBS '!T:T,'XBS '!L:L,' General Stock Summary View '!B173,'XBS '!H:H,' General Stock Summary View '!$S$2,'XBS '!C:C,' General Stock Summary View '!C173) -> 0 | T173: =SUMIFS('PowerApp_Physical count'!H:H,'PowerApp_Physical count'!B:B,' General Stock Summary View '!$S$2,'PowerApp_Physical count'!C:C,' General Stock Summary View '!C173,'PowerApp_Physical count'!A:A,' General Stock Summary View '!B173) -> 0 | U173: =T173-S173 -> 0 | V173: =SUMIFS('XBS '!T:T,'XBS '!H:H,' General Stock Summary View '!$V$2,'XBS '!B:B,' General Stock Summary View '!C173,'XBS '!L:L,' General Stock Summary View '!B173) -> 0 | W173: =SUMIFS('PowerApp_Physical count'!H:H,'PowerApp_Physical count'!B:B,' General Stock Summary View '!$V$2,'PowerApp_Physical count'!C:C,' General Stock Summary View '!C173,'PowerApp_Physical count'!A:A,' General Stock Summary View '!B173) -> 0 | X173: =W173-V173 -> 0 | Y173: =SUMIFS('XBS '!T:T,'XBS '!H:H,' General Stock Summary View '!$Y$2,'XBS '!B:B,' General Stock Summary View '!C173,'XBS '!L:L,' General Stock Summary View '!B173) -> 0 | Z173: =SUMIFS('PowerApp_Physical count'!H:H,'PowerApp_Physical count'!B:B,' General Stock Summary View '!$Y$2,'PowerApp_Physical count'!C:C,' General Stock Summary View '!C173,'PowerApp_Physical count'!A:A,' General Stock Summary View '!B173) -> 0 | AA173: =Z173-Y173 -> 0 | AB173: =SUMIFS('XBS '!T:T,'XBS '!H:H,' General Stock Summary View '!$AB$2,'XBS '!B:B,' General Stock Summary View '!C173,'XBS '!L:L,' General Stock Summary View '!B173) -> 0 | AC173: =SUMIFS('PowerApp_Physical count'!H:H,'PowerApp_Physical count'!B:B,' General Stock Summary View '!$AB$2,'PowerApp_Physical count'!C:C,' General Stock Summary View '!C173,'PowerApp_Physical count'!A:A,' General Stock Summary View '!B173) -> 0 | AD173: =AC173-AB173 -> 0 | AE173: =SUM(H173,Q173,T173,W173,Z173,AC173+K173) -> 0 | AF173: =AE173-F173 -> -0.2
B174: 11FH0038 | C174: C | D174: =SUMIFS('XBS '!T:T,'XBS '!C:C,' General Stock Summary View '!C174,'XBS '!L:L,' General Stock Summary View '!B174) -> 0.31666667 | E174: =SUMIFS('Blocked for Processing'!P:P,'Blocked for Processing'!I:I,' General Stock Summary View '!B174,'Blocked for Processing'!C:C,' General Stock Summary View '!C174) -> 0 | F174: =SUM(D174:E174) -> 0.31666667 | L174: =K174-J174 -> 0 | M174: =J174+G174+E174 -> 0 | N174: =K174+H174 -> 0 | O174: =N174-M174 -> 0 | P174: =SUMIFS('XBS '!T:T,'XBS '!H:H,' General Stock Summary View '!$P$2,'XBS '!L:L,' General Stock Summary View '!B174,'XBS '!C:C,' General Stock Summary View '!C174) -> 0.31666667 | Q174: =SUMIFS('PowerApp_Physical count'!H:H,'PowerApp_Physical count'!B:B,' General Stock Summary View '!$P$2,'PowerApp_Physical count'!C:C,' General Stock Summary View '!C174,'PowerApp_Physical count'!A:A,' General Stock Summary View '!B174) -> 0 | R174: =Q174-P174 -> -0.31666667 | S174: =SUMIFS('XBS '!T:T,'XBS '!L:L,' General Stock Summary View '!B174,'XBS '!H:H,' General Stock Summary View '!$S$2,'XBS '!C:C,' General Stock Summary View '!C174) -> 0 | T174: =SUMIFS('PowerApp_Physical count'!H:H,'PowerApp_Physical count'!B:B,' General Stock Summary View '!$S$2,'PowerApp_Physical count'!C:C,' General Stock Summary View '!C174,'PowerApp_Physical count'!A:A,' General Stock Summary View '!B174) -> 0 | U174: =T174-S174 -> 0 | V174: =SUMIFS('XBS '!T:T,'XBS '!H:H,' General Stock Summary View '!$V$2,'XBS '!B:B,' General Stock Summary View '!C174,'XBS '!L:L,' General Stock Summary View '!B174) -> 0 | W174: =SUMIFS('PowerApp_Physical count'!H:H,'PowerApp_Physical count'!B:B,' General Stock Summary View '!$V$2,'PowerApp_Physical count'!C:C,' General Stock Summary View '!C174,'PowerApp_Physical count'!A:A,' General Stock Summary View '!B174) -> 0 | X174: =W174-V174 -> 0 | Y174: =SUMIFS('XBS '!T:T,'XBS '!H:H,' General Stock Summary View '!$Y$2,'XBS '!B:B,' General Stock Summary View '!C174,'XBS '!L:L,' General Stock Summary View '!B174) -> 0 | Z174: =SUMIFS('PowerApp_Physical count'!H:H,'PowerApp_Physical count'!B:B,' General Stock Summary View '!$Y$2,'PowerApp_Physical count'!C:C,' General Stock Summary View '!C174,'PowerApp_Physical count'!A:A,' General Stock Summary View '!B174) -> 0 | AA174: =Z174-Y174 -> 0 | AB174: =SUMIFS('XBS '!T:T,'XBS '!H:H,' General Stock Summary View '!$AB$2,'XBS '!B:B,' General Stock Summary View '!C174,'XBS '!L:L,' General Stock Summary View '!B174) -> 0 | AC174: =SUMIFS('PowerApp_Physical count'!H:H,'PowerApp_Physical count'!B:B,' General Stock Summary View '!$AB$2,'PowerApp_Physical count'!C:C,' General Stock Summary View '!C174,'PowerApp_Physical count'!A:A,' General Stock Summary View '!B174) -> 0 | AD174: =AC174-AB174 -> 0 | AE174: =SUM(H174,Q174,T174,W174,Z174,AC174+K174) -> 0 | AF174: =AE174-F174 -> -0.31666667
B175: 49KK0097 | C175: C | D175: =SUMIFS('XBS '!T:T,'XBS '!C:C,' General Stock Summary View '!C175,'XBS '!L:L,' General Stock Summary View '!B175) -> 8.2333333 | E175: =SUMIFS('Blocked for Processing'!P:P,'Blocked for Processing'!I:I,' General Stock Summary View '!B175,'Blocked for Processing'!C:C,' General Stock Summary View '!C175) -> 0 | F175: =SUM(D175:E175) -> 8.2333333 | L175: =K175-J175 -> 0 | M175: =J175+G175+E175 -> 0 | N175: =K175+H175 -> 0 | O175: =N175-M175 -> 0 | P175: =SUMIFS('XBS '!T:T,'XBS '!H:H,' General Stock Summary View '!$P$2,'XBS '!L:L,' General Stock Summary View '!B175,'XBS '!C:C,' General Stock Summary View '!C175) -> 8.2333333 | Q175: =SUMIFS('PowerApp_Physical count'!H:H,'PowerApp_Physical count'!B:B,' General Stock Summary View '!$P$2,'PowerApp_Physical count'!C:C,' General Stock Summary View '!C175,'PowerApp_Physical count'!A:A,' General Stock Summary View '!B175) -> 0 | R175: =Q175-P175 -> -8.2333333 | S175: =SUMIFS('XBS '!T:T,'XBS '!L:L,' General Stock Summary View '!B175,'XBS '!H:H,' General Stock Summary View '!$S$2,'XBS '!C:C,' General Stock Summary View '!C175) -> 0 | T175: =SUMIFS('PowerApp_Physical count'!H:H,'PowerApp_Physical count'!B:B,' General Stock Summary View '!$S$2,'PowerApp_Physical count'!C:C,' General Stock Summary View '!C175,'PowerApp_Physical count'!A:A,' General Stock Summary View '!B175) -> 0 | U175: =T175-S175 -> 0 | V175: =SUMIFS('XBS '!T:T,'XBS '!H:H,' General Stock Summary View '!$V$2,'XBS '!B:B,' General Stock Summary View '!C175,'XBS '!L:L,' General Stock Summary View '!B175) -> 0 | W175: =SUMIFS('PowerApp_Physical count'!H:H,'PowerApp_Physical count'!B:B,' General Stock Summary View '!$V$2,'PowerApp_Physical count'!C:C,' General Stock Summary View '!C175,'PowerApp_Physical count'!A:A,' General Stock Summary View '!B175) -> 0 | X175: =W175-V175 -> 0 | Y175: =SUMIFS('XBS '!T:T,'XBS '!H:H,' General Stock Summary View '!$Y$2,'XBS '!B:B,' General Stock Summary View '!C175,'XBS '!L:L,' General Stock Summary View '!B175) -> 0 | Z175: =SUMIFS('PowerApp_Physical count'!H:H,'PowerApp_Physical count'!B:B,' General Stock Summary View '!$Y$2,'PowerApp_Physical count'!C:C,' General Stock Summary View '!C175,'PowerApp_Physical count'!A:A,' General Stock Summary View '!B175) -> 0 | AA175: =Z175-Y175 -> 0 | AB175: =SUMIFS('XBS '!T:T,'XBS '!H:H,' General Stock Summary View '!$AB$2,'XBS '!B:B,' General Stock Summary View '!C175,'XBS '!L:L,' General Stock Summary View '!B175) -> 0 | AC175: =SUMIFS('PowerApp_Physical count'!H:H,'PowerApp_Physical count'!B:B,' General Stock Summary View '!$AB$2,'PowerApp_Physical count'!C:C,' General Stock Summary View '!C175,'PowerApp_Physical count'!A:A,' General Stock Summary View '!B175) -> 0 | AD175: =AC175-AB175 -> 0 | AE175: =SUM(H175,Q175,T175,W175,Z175,AC175+K175) -> 0 | AF175: =AE175-F175 -> -8.2333333
B176: 49KK0020 | C176: C | D176: =SUMIFS('XBS '!T:T,'XBS '!C:C,' General Stock Summary View '!C176,'XBS '!L:L,' General Stock Summary View '!B176) -> 17 | E176: =SUMIFS('Blocked for Processing'!P:P,'Blocked for Processing'!I:I,' General Stock Summary View '!B176,'Blocked for Processing'!C:C,' General Stock Summary View '!C176) -> 0 | F176: =SUM(D176:E176) -> 17 | L176: =K176-J176 -> 0 | M176: =J176+G176+E176 -> 0 | N176: =K176+H176 -> 0 | O176: =N176-M176 -> 0 | P176: =SUMIFS('XBS '!T:T,'XBS '!H:H,' General Stock Summary View '!$P$2,'XBS '!L:L,' General Stock Summary View '!B176,'XBS '!C:C,' General Stock Summary View '!C176) -> 17 | Q176: =SUMIFS('PowerApp_Physical count'!H:H,'PowerApp_Physical count'!B:B,' General Stock Summary View '!$P$2,'PowerApp_Physical count'!C:C,' General Stock Summary View '!C176,'PowerApp_Physical count'!A:A,' General Stock Summary View '!B176) -> 0 | R176: =Q176-P176 -> -17 | S176: =SUMIFS('XBS '!T:T,'XBS '!L:L,' General Stock Summary View '!B176,'XBS '!H:H,' General Stock Summary View '!$S$2,'XBS '!C:C,' General Stock Summary View '!C176) -> 0 | T176: =SUMIFS('PowerApp_Physical count'!H:H,'PowerApp_Physical count'!B:B,' General Stock Summary View '!$S$2,'PowerApp_Physical count'!C:C,' General Stock Summary View '!C176,'PowerApp_Physical count'!A:A,' General Stock Summary View '!B176) -> 0 | U176: =T176-S176 -> 0 | V176: =SUMIFS('XBS '!T:T,'XBS '!H:H,' General Stock Summary View '!$V$2,'XBS '!B:B,' General Stock Summary View '!C176,'XBS '!L:L,' General Stock Summary View '!B176) -> 0 | W176: =SUMIFS('PowerApp_Physical count'!H:H,'PowerApp_Physical count'!B:B,' General Stock Summary View '!$V$2,'PowerApp_Physical count'!C:C,' General Stock Summary View '!C176,'PowerApp_Physical count'!A:A,' General Stock Summary View '!B176) -> 0 | X176: =W176-V176 -> 0 | Y176: =SUMIFS('XBS '!T:T,'XBS '!H:H,' General Stock Summary View '!$Y$2,'XBS '!B:B,' General Stock Summary View '!C176,'XBS '!L:L,' General Stock Summary View '!B176) -> 0 | Z176: =SUMIFS('PowerApp_Physical count'!H:H,'PowerApp_Physical count'!B:B,' General Stock Summary View '!$Y$2,'PowerApp_Physical count'!C:C,' General Stock Summary View '!C176,'PowerApp_Physical count'!A:A,' General Stock Summary View '!B176) -> 0 | AA176: =Z176-Y176 -> 0 | AB176: =SUMIFS('XBS '!T:T,'XBS '!H:H,' General Stock Summary View '!$AB$2,'XBS '!B:B,' General Stock Summary View '!C176,'XBS '!L:L,' General Stock Summary View '!B176) -> 0 | AC176: =SUMIFS('PowerApp_Physical count'!H:H,'PowerApp_Physical count'!B:B,' General Stock Summary View '!$AB$2,'PowerApp_Physical count'!C:C,' General Stock Summary View '!C176,'PowerApp_Physical count'!A:A,' General Stock Summary View '!B176) -> 0 | AD176: =AC176-AB176 -> 0 | AE176: =SUM(H176,Q176,T176,W176,Z176,AC176+K176) -> 0 | AF176: =AE176-F176 -> -17
B177: 49KK0083 | C177: C | D177: =SUMIFS('XBS '!T:T,'XBS '!C:C,' General Stock Summary View '!C177,'XBS '!L:L,' General Stock Summary View '!B177) -> 6.15 | E177: =SUMIFS('Blocked for Processing'!P:P,'Blocked for Processing'!I:I,' General Stock Summary View '!B177,'Blocked for Processing'!C:C,' General Stock Summary View '!C177) -> 0 | F177: =SUM(D177:E177) -> 6.15 | G177: =SUMIFS('XBS '!T:T,'XBS '!H:H,' General Stock Summary View '!$G$2,'XBS '!L:L,' General Stock Summary View '!B177,'XBS '!C:C,' General Stock Summary View '!C177) -> 0 | H177: =SUMIFS('PowerApp_Physical count'!H:H,'PowerApp_Physical count'!B:B,' General Stock Summary View '!$G$2,'PowerApp_Physical count'!C:C,' General Stock Summary View '!C177,'PowerApp_Physical count'!A:A,' General Stock Summary View '!B177) -> 0 | I177: =H177-G177 -> 0 | J177: =SUMIFS('XBS '!T:T,'XBS '!H:H,' General Stock Summary View '!$J$2,'XBS '!L:L,' General Stock Summary View '!B177,'XBS '!C:C,' General Stock Summary View '!C177) -> 0 | K177: =SUMIFS('PowerApp_Physical count'!H:H,'PowerApp_Physical count'!B:B,' General Stock Summary View '!$J$2,'PowerApp_Physical count'!C:C,' General Stock Summary View '!C177,'PowerApp_Physical count'!A:A,' General Stock Summary View '!B177) -> 0 | L177: =K177-J177 -> 0 | M177: =J177+G177+E177 -> 0 | N177: =K177+H177 -> 0 | O177: =N177-M177 -> 0 | P177: =SUMIFS('XBS '!T:T,'XBS '!H:H,' General Stock Summary View '!$P$2,'XBS '!L:L,' General Stock Summary View '!B177,'XBS '!C:C,' General Stock Summary View '!C177) -> 6.15 | Q177: =SUMIFS('PowerApp_Physical count'!H:H,'PowerApp_Physical count'!B:B,' General Stock Summary View '!$P$2,'PowerApp_Physical count'!C:C,' General Stock Summary View '!C177,'PowerApp_Physical count'!A:A,' General Stock Summary View '!B177) -> 0 | R177: =Q177-P177 -> -6.15 | S177: =SUMIFS('XBS '!T:T,'XBS '!L:L,' General Stock Summary View '!B177,'XBS '!H:H,' General Stock Summary View '!$S$2,'XBS '!C:C,' General Stock Summary View '!C177) -> 0 | T177: =SUMIFS('PowerApp_Physical count'!H:H,'PowerApp_Physical count'!B:B,' General Stock Summary View '!$S$2,'PowerApp_Physical count'!C:C,' General Stock Summary View '!C177,'PowerApp_Physical count'!A:A,' General Stock Summary View '!B177) -> 0 | U177: =T177-S177 -> 0 | V177: =SUMIFS('XBS '!T:T,'XBS '!H:H,' General Stock Summary View '!$V$2,'XBS '!B:B,' General Stock Summary View '!C177,'XBS '!L:L,' General Stock Summary View '!B177) -> 0 | W177: =SUMIFS('PowerApp_Physical count'!H:H,'PowerApp_Physical count'!B:B,' General Stock Summary View '!$V$2,'PowerApp_Physical count'!C:C,' General Stock Summary View '!C177,'PowerApp_Physical count'!A:A,' General Stock Summary View '!B177) -> 0 | X177: =W177-V177 -> 0 | Y177: =SUMIFS('XBS '!T:T,'XBS '!H:H,' General Stock Summary View '!$Y$2,'XBS '!B:B,' General Stock Summary View '!C177,'XBS '!L:L,' General Stock Summary View '!B177) -> 0 | Z177: =SUMIFS('PowerApp_Physical count'!H:H,'PowerApp_Physical count'!B:B,' General Stock Summary View '!$Y$2,'PowerApp_Physical count'!C:C,' General Stock Summary View '!C177,'PowerApp_Physical count'!A:A,' General Stock Summary View '!B177) -> 0 | AA177: =Z177-Y177 -> 0 | AB177: =SUMIFS('XBS '!T:T,'XBS '!H:H,' General Stock Summary View '!$AB$2,'XBS '!B:B,' General Stock Summary View '!C177,'XBS '!L:L,' General Stock Summary View '!B177) -> 0 | AC177: =SUMIFS('PowerApp_Physical count'!H:H,'PowerApp_Physical count'!B:B,' General Stock Summary View '!$AB$2,'PowerApp_Physical count'!C:C,' General Stock Summary View '!C177,'PowerApp_Physical count'!A:A,' General Stock Summary View '!B177) -> 0 | AD177: =AC177-AB177 -> 0 | AE177: =SUM(H177,Q177,T177,W177,Z177,AC177+K177) -> 0 | AF177: =AE177-F177 -> -6.15
B178: 49KK0051 | C178: C | D178: =SUMIFS('XBS '!T:T,'XBS '!C:C,' General Stock Summary View '!C178,'XBS '!L:L,' General Stock Summary View '!B178) -> 11.233333 | E178: =SUMIFS('Blocked for Processing'!P:P,'Blocked for Processing'!I:I,' General Stock Summary View '!B178,'Blocked for Processing'!C:C,' General Stock Summary View '!C178) -> 0 | F178: =SUM(D178:E178) -> 11.233333 | G178: =SUMIFS('XBS '!T:T,'XBS '!H:H,' General Stock Summary View '!$G$2,'XBS '!L:L,' General Stock Summary View '!B178,'XBS '!C:C,' General Stock Summary View '!C178) -> 0 | H178: =SUMIFS('PowerApp_Physical count'!H:H,'PowerApp_Physical count'!B:B,' General Stock Summary View '!$G$2,'PowerApp_Physical count'!C:C,' General Stock Summary View '!C178,'PowerApp_Physical count'!A:A,' General Stock Summary View '!B178) -> 0 | I178: =H178-G178 -> 0 | J178: =SUMIFS('XBS '!T:T,'XBS '!H:H,' General Stock Summary View '!$J$2,'XBS '!L:L,' General Stock Summary View '!B178,'XBS '!C:C,' General Stock Summary View '!C178) -> 0 | K178: =SUMIFS('PowerApp_Physical count'!H:H,'PowerApp_Physical count'!B:B,' General Stock Summary View '!$J$2,'PowerApp_Physical count'!C:C,' General Stock Summary View '!C178,'PowerApp_Physical count'!A:A,' General Stock Summary View '!B178) -> 0 | L178: =K178-J178 -> 0 | M178: =J178+G178+E178 -> 0 | N178: =K178+H178 -> 0 | O178: =N178-M178 -> 0 | P178: =SUMIFS('XBS '!T:T,'XBS '!H:H,' General Stock Summary View '!$P$2,'XBS '!L:L,' General Stock Summary View '!B178,'XBS '!C:C,' General Stock Summary View '!C178) -> 11.233333 | Q178: =SUMIFS('PowerApp_Physical count'!H:H,'PowerApp_Physical count'!B:B,' General Stock Summary View '!$P$2,'PowerApp_Physical count'!C:C,' General Stock Summary View '!C178,'PowerApp_Physical count'!A:A,' General Stock Summary View '!B178) -> 0 | R178: =Q178-P178 -> -11.233333 | S178: =SUMIFS('XBS '!T:T,'XBS '!L:L,' General Stock Summary View '!B178,'XBS '!H:H,' General Stock Summary View '!$S$2,'XBS '!C:C,' General Stock Summary View '!C178) -> 0 | T178: =SUMIFS('PowerApp_Physical count'!H:H,'PowerApp_Physical count'!B:B,' General Stock Summary View '!$S$2,'PowerApp_Physical count'!C:C,' General Stock Summary View '!C178,'PowerApp_Physical count'!A:A,' General Stock Summary View '!B178) -> 0 | U178: =T178-S178 -> 0 | V178: =SUMIFS('XBS '!T:T,'XBS '!H:H,' General Stock Summary View '!$V$2,'XBS '!B:B,' General Stock Summary View '!C178,'XBS '!L:L,' General Stock Summary View '!B178) -> 0 | W178: =SUMIFS('PowerApp_Physical count'!H:H,'PowerApp_Physical count'!B:B,' General Stock Summary View '!$V$2,'PowerApp_Physical count'!C:C,' General Stock Summary View '!C178,'PowerApp_Physical count'!A:A,' General Stock Summary View '!B178) -> 0 | X178: =W178-V178 -> 0 | Y178: =SUMIFS('XBS '!T:T,'XBS '!H:H,' General Stock Summary View '!$Y$2,'XBS '!B:B,' General Stock Summary View '!C178,'XBS '!L:L,' General Stock Summary View '!B178) -> 0 | Z178: =SUMIFS('PowerApp_Physical count'!H:H,'PowerApp_Physical count'!B:B,' General Stock Summary View '!$Y$2,'PowerApp_Physical count'!C:C,' General Stock Summary View '!C178,'PowerApp_Physical count'!A:A,' General Stock Summary View '!B178) -> 0 | AA178: =Z178-Y178 -> 0 | AB178: =SUMIFS('XBS '!T:T,'XBS '!H:H,' General Stock Summary View '!$AB$2,'XBS '!B:B,' General Stock Summary View '!C178,'XBS '!L:L,' General Stock Summary View '!B178) -> 0 | AC178: =SUMIFS('PowerApp_Physical count'!H:H,'PowerApp_Physical count'!B:B,' General Stock Summary View '!$AB$2,'PowerApp_Physical count'!C:C,' General Stock Summary View '!C178,'PowerApp_Physical count'!A:A,' General Stock Summary View '!B178) -> 0 | AD178: =AC178-AB178 -> 0 | AE178: =SUM(H178,Q178,T178,W178,Z178,AC178+K178) -> 0 | AF178: =AE178-F178 -> -11.233333
B179: 49KK0066 | C179: C | D179: =SUMIFS('XBS '!T:T,'XBS '!C:C,' General Stock Summary View '!C179,'XBS '!L:L,' General Stock Summary View '!B179) -> 4.1166667 | E179: =SUMIFS('Blocked for Processing'!P:P,'Blocked for Processing'!I:I,' General Stock Summary View '!B179,'Blocked for Processing'!C:C,' General Stock Summary View '!C179) -> 0 | F179: =SUM(D179:E179) -> 4.1166667 | G179: =SUMIFS('XBS '!T:T,'XBS '!H:H,' General Stock Summary View '!$G$2,'XBS '!L:L,' General Stock Summary View '!B179,'XBS '!C:C,' General Stock Summary View '!C179) -> 0 | H179: =SUMIFS('PowerApp_Physical count'!H:H,'PowerApp_Physical count'!B:B,' General Stock Summary View '!$G$2,'PowerApp_Physical count'!C:C,' General Stock Summary View '!C179,'PowerApp_Physical count'!A:A,' General Stock Summary View '!B179) -> 0 | I179: =H179-G179 -> 0 | J179: =SUMIFS('XBS '!T:T,'XBS '!H:H,' General Stock Summary View '!$J$2,'XBS '!L:L,' General Stock Summary View '!B179,'XBS '!C:C,' General Stock Summary View '!C179) -> 0 | K179: =SUMIFS('PowerApp_Physical count'!H:H,'PowerApp_Physical count'!B:B,' General Stock Summary View '!$J$2,'PowerApp_Physical count'!C:C,' General Stock Summary View '!C179,'PowerApp_Physical count'!A:A,' General Stock Summary View '!B179) -> 0 | L179: =K179-J179 -> 0 | M179: =J179+G179+E179 -> 0 | N179: =K179+H179 -> 0 | O179: =N179-M179 -> 0 | P179: =SUMIFS('XBS '!T:T,'XBS '!H:H,' General Stock Summary View '!$P$2,'XBS '!L:L,' General Stock Summary View '!B179,'XBS '!C:C,' General Stock Summary View '!C179) -> 4.1166667 | Q179: =SUMIFS('PowerApp_Physical count'!H:H,'PowerApp_Physical count'!B:B,' General Stock Summary View '!$P$2,'PowerApp_Physical count'!C:C,' General Stock Summary View '!C179,'PowerApp_Physical count'!A:A,' General Stock Summary View '!B179) -> 0 | R179: =Q179-P179 -> -4.1166667 | S179: =SUMIFS('XBS '!T:T,'XBS '!L:L,' General Stock Summary View '!B179,'XBS '!H:H,' General Stock Summary View '!$S$2,'XBS '!C:C,' General Stock Summary View '!C179) -> 0 | T179: =SUMIFS('PowerApp_Physical count'!H:H,'PowerApp_Physical count'!B:B,' General Stock Summary View '!$S$2,'PowerApp_Physical count'!C:C,' General Stock Summary View '!C179,'PowerApp_Physical count'!A:A,' General Stock Summary View '!B179) -> 0 | U179: =T179-S179 -> 0 | V179: =SUMIFS('XBS '!T:T,'XBS '!H:H,' General Stock Summary View '!$V$2,'XBS '!B:B,' General Stock Summary View '!C179,'XBS '!L:L,' General Stock Summary View '!B179) -> 0 | W179: =SUMIFS('PowerApp_Physical count'!H:H,'PowerApp_Physical count'!B:B,' General Stock Summary View '!$V$2,'PowerApp_Physical count'!C:C,' General Stock Summary View '!C179,'PowerApp_Physical count'!A:A,' General Stock Summary View '!B179) -> 0 | X179: =W179-V179 -> 0 | Y179: =SUMIFS('XBS '!T:T,'XBS '!H:H,' General Stock Summary View '!$Y$2,'XBS '!B:B,' General Stock Summary View '!C179,'XBS '!L:L,' General Stock Summary View '!B179) -> 0 | Z179: =SUMIFS('PowerApp_Physical count'!H:H,'PowerApp_Physical count'!B:B,' General Stock Summary View '!$Y$2,'PowerApp_Physical count'!C:C,' General Stock Summary View '!C179,'PowerApp_Physical count'!A:A,' General Stock Summary View '!B179) -> 0 | AA179: =Z179-Y179 -> 0 | AB179: =SUMIFS('XBS '!T:T,'XBS '!H:H,' General Stock Summary View '!$AB$2,'XBS '!B:B,' General Stock Summary View '!C179,'XBS '!L:L,' General Stock Summary View '!B179) -> 0 | AC179: =SUMIFS('PowerApp_Physical count'!H:H,'PowerApp_Physical count'!B:B,' General Stock Summary View '!$AB$2,'PowerApp_Physical count'!C:C,' General Stock Summary View '!C179,'PowerApp_Physical count'!A:A,' General Stock Summary View '!B179) -> 0 | AD179: =AC179-AB179 -> 0 | AE179: =SUM(H179,Q179,T179,W179,Z179,AC179+K179) -> 0 | AF179: =AE179-F179 -> -4.1166667
B180: 49KK0053 | C180: C | D180: =SUMIFS('XBS '!T:T,'XBS '!C:C,' General Stock Summary View '!C180,'XBS '!L:L,' General Stock Summary View '!B180) -> 9.3666667 | E180: =SUMIFS('Blocked for Processing'!P:P,'Blocked for Processing'!I:I,' General Stock Summary View '!B180,'Blocked for Processing'!C:C,' General Stock Summary View '!C180) -> 0 | F180: =SUM(D180:E180) -> 9.3666667 | G180: =SUMIFS('XBS '!T:T,'XBS '!H:H,' General Stock Summary View '!$G$2,'XBS '!L:L,' General Stock Summary View '!B180,'XBS '!C:C,' General Stock Summary View '!C180) -> 0 | H180: =SUMIFS('PowerApp_Physical count'!H:H,'PowerApp_Physical count'!B:B,' General Stock Summary View '!$G$2,'PowerApp_Physical count'!C:C,' General Stock Summary View '!C180,'PowerApp_Physical count'!A:A,' General Stock Summary View '!B180) -> 0 | I180: =H180-G180 -> 0 | J180: =SUMIFS('XBS '!T:T,'XBS '!H:H,' General Stock Summary View '!$J$2,'XBS '!L:L,' General Stock Summary View '!B180,'XBS '!C:C,' General Stock Summary View '!C180) -> 0 | K180: =SUMIFS('PowerApp_Physical count'!H:H,'PowerApp_Physical count'!B:B,' General Stock Summary View '!$J$2,'PowerApp_Physical count'!C:C,' General Stock Summary View '!C180,'PowerApp_Physical count'!A:A,' General Stock Summary View '!B180) -> 0 | L180: =K180-J180 -> 0 | M180: =J180+G180+E180 -> 0 | N180: =K180+H180 -> 0 | O180: =N180-M180 -> 0 | P180: =SUMIFS('XBS '!T:T,'XBS '!H:H,' General Stock Summary View '!$P$2,'XBS '!L:L,' General Stock Summary View '!B180,'XBS '!C:C,' General Stock Summary View '!C180) -> 9.3666667 | Q180: =SUMIFS('PowerApp_Physical count'!H:H,'PowerApp_Physical count'!B:B,' General Stock Summary View '!$P$2,'PowerApp_Physical count'!C:C,' General Stock Summary View '!C180,'PowerApp_Physical count'!A:A,' General Stock Summary View '!B180) -> 0 | R180: =Q180-P180 -> -9.3666667 | S180: =SUMIFS('XBS '!T:T,'XBS '!L:L,' General Stock Summary View '!B180,'XBS '!H:H,' General Stock Summary View '!$S$2,'XBS '!C:C,' General Stock Summary View '!C180) -> 0 | T180: =SUMIFS('PowerApp_Physical count'!H:H,'PowerApp_Physical count'!B:B,' General Stock Summary View '!$S$2,'PowerApp_Physical count'!C:C,' General Stock Summary View '!C180,'PowerApp_Physical count'!A:A,' General Stock Summary View '!B180) -> 0 | U180: =T180-S180 -> 0 | V180: =SUMIFS('XBS '!T:T,'XBS '!H:H,' General Stock Summary View '!$V$2,'XBS '!B:B,' General Stock Summary View '!C180,'XBS '!L:L,' General Stock Summary View '!B180) -> 0 | W180: =SUMIFS('PowerApp_Physical count'!H:H,'PowerApp_Physical count'!B:B,' General Stock Summary View '!$V$2,'PowerApp_Physical count'!C:C,' General Stock Summary View '!C180,'PowerApp_Physical count'!A:A,' General Stock Summary View '!B180) -> 0 | X180: =W180-V180 -> 0 | Y180: =SUMIFS('XBS '!T:T,'XBS '!H:H,' General Stock Summary View '!$Y$2,'XBS '!B:B,' General Stock Summary View '!C180,'XBS '!L:L,' General Stock Summary View '!B180) -> 0 | Z180: =SUMIFS('PowerApp_Physical count'!H:H,'PowerApp_Physical count'!B:B,' General Stock Summary View '!$Y$2,'PowerApp_Physical count'!C:C,' General Stock Summary View '!C180,'PowerApp_Physical count'!A:A,' General Stock Summary View '!B180) -> 0 | AA180: =Z180-Y180 -> 0 | AB180: =SUMIFS('XBS '!T:T,'XBS '!H:H,' General Stock Summary View '!$AB$2,'XBS '!B:B,' General Stock Summary View '!C180,'XBS '!L:L,' General Stock Summary View '!B180) -> 0 | AC180: =SUMIFS('PowerApp_Physical count'!H:H,'PowerApp_Physical count'!B:B,' General Stock Summary View '!$AB$2,'PowerApp_Physical count'!C:C,' General Stock Summary View '!C180,'PowerApp_Physical count'!A:A,' General Stock Summary View '!B180) -> 0 | AD180: =AC180-AB180 -> 0 | AE180: =SUM(H180,Q180,T180,W180,Z180,AC180+K180) -> 0 | AF180: =AE180-F180 -> -9.3666667
B181: 49KK0074 | C181: C | D181: =SUMIFS('XBS '!T:T,'XBS '!C:C,' General Stock Summary View '!C181,'XBS '!L:L,' General Stock Summary View '!B181) -> 20.85 | E181: =SUMIFS('Blocked for Processing'!P:P,'Blocked for Processing'!I:I,' General Stock Summary View '!B181,'Blocked for Processing'!C:C,' General Stock Summary View '!C181) -> 0 | F181: =SUM(D181:E181) -> 20.85 | G181: =SUMIFS('XBS '!T:T,'XBS '!H:H,' General Stock Summary View '!$G$2,'XBS '!L:L,' General Stock Summary View '!B181,'XBS '!C:C,' General Stock Summary View '!C181) -> 0 | H181: =SUMIFS('PowerApp_Physical count'!H:H,'PowerApp_Physical count'!B:B,' General Stock Summary View '!$G$2,'PowerApp_Physical count'!C:C,' General Stock Summary View '!C181,'PowerApp_Physical count'!A:A,' General Stock Summary View '!B181) -> 0 | I181: =H181-G181 -> 0 | J181: =SUMIFS('XBS '!T:T,'XBS '!H:H,' General Stock Summary View '!$J$2,'XBS '!L:L,' General Stock Summary View '!B181,'XBS '!C:C,' General Stock Summary View '!C181) -> 0 | K181: =SUMIFS('PowerApp_Physical count'!H:H,'PowerApp_Physical count'!B:B,' General Stock Summary View '!$J$2,'PowerApp_Physical count'!C:C,' General Stock Summary View '!C181,'PowerApp_Physical count'!A:A,' General Stock Summary View '!B181) -> 0 | L181: =K181-J181 -> 0 | M181: =J181+G181+E181 -> 0 | N181: =K181+H181 -> 0 | O181: =N181-M181 -> 0 | P181: =SUMIFS('XBS '!T:T,'XBS '!H:H,' General Stock Summary View '!$P$2,'XBS '!L:L,' General Stock Summary View '!B181,'XBS '!C:C,' General Stock Summary View '!C181) -> 20.85 | Q181: =SUMIFS('PowerApp_Physical count'!H:H,'PowerApp_Physical count'!B:B,' General Stock Summary View '!$P$2,'PowerApp_Physical count'!C:C,' General Stock Summary View '!C181,'PowerApp_Physical count'!A:A,' General Stock Summary View '!B181) -> 0 | R181: =Q181-P181 -> -20.85 | S181: =SUMIFS('XBS '!T:T,'XBS '!L:L,' General Stock Summary View '!B181,'XBS '!H:H,' General Stock Summary View '!$S$2,'XBS '!C:C,' General Stock Summary View '!C181) -> 0 | T181: =SUMIFS('PowerApp_Physical count'!H:H,'PowerApp_Physical count'!B:B,' General Stock Summary View '!$S$2,'PowerApp_Physical count'!C:C,' General Stock Summary View '!C181,'PowerApp_Physical count'!A:A,' General Stock Summary View '!B181) -> 0 | U181: =T181-S181 -> 0 | V181: =SUMIFS('XBS '!T:T,'XBS '!H:H,' General Stock Summary View '!$V$2,'XBS '!B:B,' General Stock Summary View '!C181,'XBS '!L:L,' General Stock Summary View '!B181) -> 0 | W181: =SUMIFS('PowerApp_Physical count'!H:H,'PowerApp_Physical count'!B:B,' General Stock Summary View '!$V$2,'PowerApp_Physical count'!C:C,' General Stock Summary View '!C181,'PowerApp_Physical count'!A:A,' General Stock Summary View '!B181) -> 0 | X181: =W181-V181 -> 0 | Y181: =SUMIFS('XBS '!T:T,'XBS '!H:H,' General Stock Summary View '!$Y$2,'XBS '!B:B,' General Stock Summary View '!C181,'XBS '!L:L,' General Stock Summary View '!B181) -> 0 | Z181: =SUMIFS('PowerApp_Physical count'!H:H,'PowerApp_Physical count'!B:B,' General Stock Summary View '!$Y$2,'PowerApp_Physical count'!C:C,' General Stock Summary View '!C181,'PowerApp_Physical count'!A:A,' General Stock Summary View '!B181) -> 0 | AA181: =Z181-Y181 -> 0 | AB181: =SUMIFS('XBS '!T:T,'XBS '!H:H,' General Stock Summary View '!$AB$2,'XBS '!B:B,' General Stock Summary View '!C181,'XBS '!L:L,' General Stock Summary View '!B181) -> 0 | AC181: =SUMIFS('PowerApp_Physical count'!H:H,'PowerApp_Physical count'!B:B,' General Stock Summary View '!$AB$2,'PowerApp_Physical count'!C:C,' General Stock Summary View '!C181,'PowerApp_Physical count'!A:A,' General Stock Summary View '!B181) -> 0 | AD181: =AC181-AB181 -> 0 | AE181: =SUM(H181,Q181,T181,W181,Z181,AC181+K181) -> 0 | AF181: =AE181-F181 -> -20.85
B182: 49FH0022 | C182: C | D182: =SUMIFS('XBS '!T:T,'XBS '!C:C,' General Stock Summary View '!C182,'XBS '!L:L,' General Stock Summary View '!B182) -> 16.6 | E182: =SUMIFS('Blocked for Processing'!P:P,'Blocked for Processing'!I:I,' General Stock Summary View '!B182,'Blocked for Processing'!C:C,' General Stock Summary View '!C182) -> 0 | F182: =SUM(D182:E182) -> 16.6 | G182: =SUMIFS('XBS '!T:T,'XBS '!H:H,' General Stock Summary View '!$G$2,'XBS '!L:L,' General Stock Summary View '!B182,'XBS '!C:C,' General Stock Summary View '!C182) -> 0 | H182: =SUMIFS('PowerApp_Physical count'!H:H,'PowerApp_Physical count'!B:B,' General Stock Summary View '!$G$2,'PowerApp_Physical count'!C:C,' General Stock Summary View '!C182,'PowerApp_Physical count'!A:A,' General Stock Summary View '!B182) -> 0 | I182: =H182-G182 -> 0 | J182: =SUMIFS('XBS '!T:T,'XBS '!H:H,' General Stock Summary View '!$J$2,'XBS '!L:L,' General Stock Summary View '!B182,'XBS '!C:C,' General Stock Summary View '!C182) -> 0 | K182: =SUMIFS('PowerApp_Physical count'!H:H,'PowerApp_Physical count'!B:B,' General Stock Summary View '!$J$2,'PowerApp_Physical count'!C:C,' General Stock Summary View '!C182,'PowerApp_Physical count'!A:A,' General Stock Summary View '!B182) -> 0 | L182: =K182-J182 -> 0 | M182: =J182+G182+E182 -> 0 | N182: =K182+H182 -> 0 | O182: =N182-M182 -> 0 | P182: =SUMIFS('XBS '!T:T,'XBS '!H:H,' General Stock Summary View '!$P$2,'XBS '!L:L,' General Stock Summary View '!B182,'XBS '!C:C,' General Stock Summary View '!C182) -> 16.6 | Q182: =SUMIFS('PowerApp_Physical count'!H:H,'PowerApp_Physical count'!B:B,' General Stock Summary View '!$P$2,'PowerApp_Physical count'!C:C,' General Stock Summary View '!C182,'PowerApp_Physical count'!A:A,' General Stock Summary View '!B182) -> 0 | R182: =Q182-P182 -> -16.6 | S182: =SUMIFS('XBS '!T:T,'XBS '!L:L,' General Stock Summary View '!B182,'XBS '!H:H,' General Stock Summary View '!$S$2,'XBS '!C:C,' General Stock Summary View '!C182) -> 0 | T182: =SUMIFS('PowerApp_Physical count'!H:H,'PowerApp_Physical count'!B:B,' General Stock Summary View '!$S$2,'PowerApp_Physical count'!C:C,' General Stock Summary View '!C182,'PowerApp_Physical count'!A:A,' General Stock Summary View '!B182) -> 0 | U182: =T182-S182 -> 0 | V182: =SUMIFS('XBS '!T:T,'XBS '!H:H,' General Stock Summary View '!$V$2,'XBS '!B:B,' General Stock Summary View '!C182,'XBS '!L:L,' General Stock Summary View '!B182) -> 0 | W182: =SUMIFS('PowerApp_Physical count'!H:H,'PowerApp_Physical count'!B:B,' General Stock Summary View '!$V$2,'PowerApp_Physical count'!C:C,' General Stock Summary View '!C182,'PowerApp_Physical count'!A:A,' General Stock Summary View '!B182) -> 0 | X182: =W182-V182 -> 0 | Y182: =SUMIFS('XBS '!T:T,'XBS '!H:H,' General Stock Summary View '!$Y$2,'XBS '!B:B,' General Stock Summary View '!C182,'XBS '!L:L,' General Stock Summary View '!B182) -> 0 | Z182: =SUMIFS('PowerApp_Physical count'!H:H,'PowerApp_Physical count'!B:B,' General Stock Summary View '!$Y$2,'PowerApp_Physical count'!C:C,' General Stock Summary View '!C182,'PowerApp_Physical count'!A:A,' General Stock Summary View '!B182) -> 0 | AA182: =Z182-Y182 -> 0 | AB182: =SUMIFS('XBS '!T:T,'XBS '!H:H,' General Stock Summary View '!$AB$2,'XBS '!B:B,' General Stock Summary View '!C182,'XBS '!L:L,' General Stock Summary View '!B182) -> 0 | AC182: =SUMIFS('PowerApp_Physical count'!H:H,'PowerApp_Physical count'!B:B,' General Stock Summary View '!$AB$2,'PowerApp_Physical count'!C:C,' General Stock Summary View '!C182,'PowerApp_Physical count'!A:A,' General Stock Summary View '!B182) -> 0 | AD182: =AC182-AB182 -> 0 | AE182: =SUM(H182,Q182,T182,W182,Z182,AC182+K182) -> 0 | AF182: =AE182-F182 -> -16.6
B183: 41MU0049 | C183: C | D183: =SUMIFS('XBS '!T:T,'XBS '!C:C,' General Stock Summary View '!C183,'XBS '!L:L,' General Stock Summary View '!B183) -> 10.383333 | E183: =SUMIFS('Blocked for Processing'!P:P,'Blocked for Processing'!I:I,' General Stock Summary View '!B183,'Blocked for Processing'!C:C,' General Stock Summary View '!C183) -> 0 | F183: =SUM(D183:E183) -> 10.383333 | G183: =SUMIFS('XBS '!T:T,'XBS '!H:H,' General Stock Summary View '!$G$2,'XBS '!L:L,' General Stock Summary View '!B183,'XBS '!C:C,' General Stock Summary View '!C183) -> 0 | H183: =SUMIFS('PowerApp_Physical count'!H:H,'PowerApp_Physical count'!B:B,' General Stock Summary View '!$G$2,'PowerApp_Physical count'!C:C,' General Stock Summary View '!C183,'PowerApp_Physical count'!A:A,' General Stock Summary View '!B183) -> 0 | I183: =H183-G183 -> 0 | J183: =SUMIFS('XBS '!T:T,'XBS '!H:H,' General Stock Summary View '!$J$2,'XBS '!L:L,' General Stock Summary View '!B183,'XBS '!C:C,' General Stock Summary View '!C183) -> 0 | K183: =SUMIFS('PowerApp_Physical count'!H:H,'PowerApp_Physical count'!B:B,' General Stock Summary View '!$J$2,'PowerApp_Physical count'!C:C,' General Stock Summary View '!C183,'PowerApp_Physical count'!A:A,' General Stock Summary View '!B183) -> 0 | L183: =K183-J183 -> 0 | M183: =J183+G183+E183 -> 0 | N183: =K183+H183 -> 0 | O183: =N183-M183 -> 0 | P183: =SUMIFS('XBS '!T:T,'XBS '!H:H,' General Stock Summary View '!$P$2,'XBS '!L:L,' General Stock Summary View '!B183,'XBS '!C:C,' General Stock Summary View '!C183) -> 10.383333 | Q183: =SUMIFS('PowerApp_Physical count'!H:H,'PowerApp_Physical count'!B:B,' General Stock Summary View '!$P$2,'PowerApp_Physical count'!C:C,' General Stock Summary View '!C183,'PowerApp_Physical count'!A:A,' General Stock Summary View '!B183) -> 0 | R183: =Q183-P183 -> -10.383333 | S183: =SUMIFS('XBS '!T:T,'XBS '!L:L,' General Stock Summary View '!B183,'XBS '!H:H,' General Stock Summary View '!$S$2,'XBS '!C:C,' General Stock Summary View '!C183) -> 0 | T183: =SUMIFS('PowerApp_Physical count'!H:H,'PowerApp_Physical count'!B:B,' General Stock Summary View '!$S$2,'PowerApp_Physical count'!C:C,' General Stock Summary View '!C183,'PowerApp_Physical count'!A:A,' General Stock Summary View '!B183) -> 0 | U183: =T183-S183 -> 0 | V183: =SUMIFS('XBS '!T:T,'XBS '!H:H,' General Stock Summary View '!$V$2,'XBS '!B:B,' General Stock Summary View '!C183,'XBS '!L:L,' General Stock Summary View '!B183) -> 0 | W183: =SUMIFS('PowerApp_Physical count'!H:H,'PowerApp_Physical count'!B:B,' General Stock Summary View '!$V$2,'PowerApp_Physical count'!C:C,' General Stock Summary View '!C183,'PowerApp_Physical count'!A:A,' General Stock Summary View '!B183) -> 0 | X183: =W183-V183 -> 0 | Y183: =SUMIFS('XBS '!T:T,'XBS '!H:H,' General Stock Summary View '!$Y$2,'XBS '!B:B,' General Stock Summary View '!C183,'XBS '!L:L,' General Stock Summary View '!B183) -> 0 | Z183: =SUMIFS('PowerApp_Physical count'!H:H,'PowerApp_Physical count'!B:B,' General Stock Summary View '!$Y$2,'PowerApp_Physical count'!C:C,' General Stock Summary View '!C183,'PowerApp_Physical count'!A:A,' General Stock Summary View '!B183) -> 0 | AA183: =Z183-Y183 -> 0 | AB183: =SUMIFS('XBS '!T:T,'XBS '!H:H,' General Stock Summary View '!$AB$2,'XBS '!B:B,' General Stock Summary View '!C183,'XBS '!L:L,' General Stock Summary View '!B183) -> 0 | AC183: =SUMIFS('PowerApp_Physical count'!H:H,'PowerApp_Physical count'!B:B,' General Stock Summary View '!$AB$2,'PowerApp_Physical count'!C:C,' General Stock Summary View '!C183,'PowerApp_Physical count'!A:A,' General Stock Summary View '!B183) -> 0 | AD183: =AC183-AB183 -> 0 | AE183: =SUM(H183,Q183,T183,W183,Z183,AC183+K183) -> 0 | AF183: =AE183-F183 -> -10.383333
B184: 47MU0047 | C184: C | D184: =SUMIFS('XBS '!T:T,'XBS '!C:C,' General Stock Summary View '!C184,'XBS '!L:L,' General Stock Summary View '!B184) -> 21.916667 | E184: =SUMIFS('Blocked for Processing'!P:P,'Blocked for Processing'!I:I,' General Stock Summary View '!B184,'Blocked for Processing'!C:C,' General Stock Summary View '!C184) -> 0 | F184: =SUM(D184:E184) -> 21.916667 | G184: =SUMIFS('XBS '!T:T,'XBS '!H:H,' General Stock Summary View '!$G$2,'XBS '!L:L,' General Stock Summary View '!B184,'XBS '!C:C,' General Stock Summary View '!C184) -> 0 | H184: =SUMIFS('PowerApp_Physical count'!H:H,'PowerApp_Physical count'!B:B,' General Stock Summary View '!$G$2,'PowerApp_Physical count'!C:C,' General Stock Summary View '!C184,'PowerApp_Physical count'!A:A,' General Stock Summary View '!B184) -> 0 | I184: =H184-G184 -> 0 | J184: =SUMIFS('XBS '!T:T,'XBS '!H:H,' General Stock Summary View '!$J$2,'XBS '!L:L,' General Stock Summary View '!B184,'XBS '!C:C,' General Stock Summary View '!C184) -> 0 | K184: =SUMIFS('PowerApp_Physical count'!H:H,'PowerApp_Physical count'!B:B,' General Stock Summary View '!$J$2,'PowerApp_Physical count'!C:C,' General Stock Summary View '!C184,'PowerApp_Physical count'!A:A,' General Stock Summary View '!B184) -> 0 | L184: =K184-J184 -> 0 | M184: =J184+G184+E184 -> 0 | N184: =K184+H184 -> 0 | O184: =N184-M184 -> 0 | P184: =SUMIFS('XBS '!T:T,'XBS '!H:H,' General Stock Summary View '!$P$2,'XBS '!L:L,' General Stock Summary View '!B184,'XBS '!C:C,' General Stock Summary View '!C184) -> 21.916667 | Q184: =SUMIFS('PowerApp_Physical count'!H:H,'PowerApp_Physical count'!B:B,' General Stock Summary View '!$P$2,'PowerApp_Physical count'!C:C,' General Stock Summary View '!C184,'PowerApp_Physical count'!A:A,' General Stock Summary View '!B184) -> 0 | R184: =Q184-P184 -> -21.916667 | S184: =SUMIFS('XBS '!T:T,'XBS '!L:L,' General Stock Summary View '!B184,'XBS '!H:H,' General Stock Summary View '!$S$2,'XBS '!C:C,' General Stock Summary View '!C184) -> 0 | T184: =SUMIFS('PowerApp_Physical count'!H:H,'PowerApp_Physical count'!B:B,' General Stock Summary View '!$S$2,'PowerApp_Physical count'!C:C,' General Stock Summary View '!C184,'PowerApp_Physical count'!A:A,' General Stock Summary View '!B184) -> 0 | U184: =T184-S184 -> 0 | V184: =SUMIFS('XBS '!T:T,'XBS '!H:H,' General Stock Summary View '!$V$2,'XBS '!B:B,' General Stock Summary View '!C184,'XBS '!L:L,' General Stock Summary View '!B184) -> 0 | W184: =SUMIFS('PowerApp_Physical count'!H:H,'PowerApp_Physical count'!B:B,' General Stock Summary View '!$V$2,'PowerApp_Physical count'!C:C,' General Stock Summary View '!C184,'PowerApp_Physical count'!A:A,' General Stock Summary View '!B184) -> 0 | X184: =W184-V184 -> 0 | Y184: =SUMIFS('XBS '!T:T,'XBS '!H:H,' General Stock Summary View '!$Y$2,'XBS '!B:B,' General Stock Summary View '!C184,'XBS '!L:L,' General Stock Summary View '!B184) -> 0 | Z184: =SUMIFS('PowerApp_Physical count'!H:H,'PowerApp_Physical count'!B:B,' General Stock Summary View '!$Y$2,'PowerApp_Physical count'!C:C,' General Stock Summary View '!C184,'PowerApp_Physical count'!A:A,' General Stock Summary View '!B184) -> 0 | AA184: =Z184-Y184 -> 0 | AB184: =SUMIFS('XBS '!T:T,'XBS '!H:H,' General Stock Summary View '!$AB$2,'XBS '!B:B,' General Stock Summary View '!C184,'XBS '!L:L,' General Stock Summary View '!B184) -> 0 | AC184: =SUMIFS('PowerApp_Physical count'!H:H,'PowerApp_Physical count'!B:B,' General Stock Summary View '!$AB$2,'PowerApp_Physical count'!C:C,' General Stock Summary View '!C184,'PowerApp_Physical count'!A:A,' General Stock Summary View '!B184) -> 0 | AD184: =AC184-AB184 -> 0 | AE184: =SUM(H184,Q184,T184,W184,Z184,AC184+K184) -> 0 | AF184: =AE184-F184 -> -21.916667
B185: 49IM1006 | C185: C | D185: =SUMIFS('XBS '!T:T,'XBS '!C:C,' General Stock Summary View '!C185,'XBS '!L:L,' General Stock Summary View '!B185) -> 7.2333333 | E185: =SUMIFS('Blocked for Processing'!P:P,'Blocked for Processing'!I:I,' General Stock Summary View '!B185,'Blocked for Processing'!C:C,' General Stock Summary View '!C185) -> 0 | F185: =SUM(D185:E185) -> 7.2333333 | G185: =SUMIFS('XBS '!T:T,'XBS '!H:H,' General Stock Summary View '!$G$2,'XBS '!L:L,' General Stock Summary View '!B185,'XBS '!C:C,' General Stock Summary View '!C185) -> 0 | H185: =SUMIFS('PowerApp_Physical count'!H:H,'PowerApp_Physical count'!B:B,' General Stock Summary View '!$G$2,'PowerApp_Physical count'!C:C,' General Stock Summary View '!C185,'PowerApp_Physical count'!A:A,' General Stock Summary View '!B185) -> 0 | I185: =H185-G185 -> 0 | J185: =SUMIFS('XBS '!T:T,'XBS '!H:H,' General Stock Summary View '!$J$2,'XBS '!L:L,' General Stock Summary View '!B185,'XBS '!C:C,' General Stock Summary View '!C185) -> 0 | K185: =SUMIFS('PowerApp_Physical count'!H:H,'PowerApp_Physical count'!B:B,' General Stock Summary View '!$J$2,'PowerApp_Physical count'!C:C,' General Stock Summary View '!C185,'PowerApp_Physical count'!A:A,' General Stock Summary View '!B185) -> 0 | L185: =K185-J185 -> 0 | M185: =J185+G185+E185 -> 0 | N185: =K185+H185 -> 0 | O185: =N185-M185 -> 0 | P185: =SUMIFS('XBS '!T:T,'XBS '!H:H,' General Stock Summary View '!$P$2,'XBS '!L:L,' General Stock Summary View '!B185,'XBS '!C:C,' General Stock Summary View '!C185) -> 7.2333333 | Q185: =SUMIFS('PowerApp_Physical count'!H:H,'PowerApp_Physical count'!B:B,' General Stock Summary View '!$P$2,'PowerApp_Physical count'!C:C,' General Stock Summary View '!C185,'PowerApp_Physical count'!A:A,' General Stock Summary View '!B185) -> 0 | R185: =Q185-P185 -> -7.2333333 | S185: =SUMIFS('XBS '!T:T,'XBS '!L:L,' General Stock Summary View '!B185,'XBS '!H:H,' General Stock Summary View '!$S$2,'XBS '!C:C,' General Stock Summary View '!C185) -> 0 | T185: =SUMIFS('PowerApp_Physical count'!H:H,'PowerApp_Physical count'!B:B,' General Stock Summary View '!$S$2,'PowerApp_Physical count'!C:C,' General Stock Summary View '!C185,'PowerApp_Physical count'!A:A,' General Stock Summary View '!B185) -> 0 | U185: =T185-S185 -> 0 | V185: =SUMIFS('XBS '!T:T,'XBS '!H:H,' General Stock Summary View '!$V$2,'XBS '!B:B,' General Stock Summary View '!C185,'XBS '!L:L,' General Stock Summary View '!B185) -> 0 | W185: =SUMIFS('PowerApp_Physical count'!H:H,'PowerApp_Physical count'!B:B,' General Stock Summary View '!$V$2,'PowerApp_Physical count'!C:C,' General Stock Summary View '!C185,'PowerApp_Physical count'!A:A,' General Stock Summary View '!B185) -> 0 | X185: =W185-V185 -> 0 | Y185: =SUMIFS('XBS '!T:T,'XBS '!H:H,' General Stock Summary View '!$Y$2,'XBS '!B:B,' General Stock Summary View '!C185,'XBS '!L:L,' General Stock Summary View '!B185) -> 0 | Z185: =SUMIFS('PowerApp_Physical count'!H:H,'PowerApp_Physical count'!B:B,' General Stock Summary View '!$Y$2,'PowerApp_Physical count'!C:C,' General Stock Summary View '!C185,'PowerApp_Physical count'!A:A,' General Stock Summary View '!B185) -> 0 | AA185: =Z185-Y185 -> 0 | AB185: =SUMIFS('XBS '!T:T,'XBS '!H:H,' General Stock Summary View '!$AB$2,'XBS '!B:B,' General Stock Summary View '!C185,'XBS '!L:L,' General Stock Summary View '!B185) -> 0 | AC185: =SUMIFS('PowerApp_Physical count'!H:H,'PowerApp_Physical count'!B:B,' General Stock Summary View '!$AB$2,'PowerApp_Physical count'!C:C,' General Stock Summary View '!C185,'PowerApp_Physical count'!A:A,' General Stock Summary View '!B185) -> 0 | AD185: =AC185-AB185 -> 0 | AE185: =SUM(H185,Q185,T185,W185,Z185,AC185+K185) -> 0 | AF185: =AE185-F185 -> -7.2333333
B186: 49IM0044 | C186: C | D186: =SUMIFS('XBS '!T:T,'XBS '!C:C,' General Stock Summary View '!C186,'XBS '!L:L,' General Stock Summary View '!B186) -> 6.35 | E186: =SUMIFS('Blocked for Processing'!P:P,'Blocked for Processing'!I:I,' General Stock Summary View '!B186,'Blocked for Processing'!C:C,' General Stock Summary View '!C186) -> 0 | F186: =SUM(D186:E186) -> 6.35 | G186: =SUMIFS('XBS '!T:T,'XBS '!H:H,' General Stock Summary View '!$G$2,'XBS '!L:L,' General Stock Summary View '!B186,'XBS '!C:C,' General Stock Summary View '!C186) -> 0 | H186: =SUMIFS('PowerApp_Physical count'!H:H,'PowerApp_Physical count'!B:B,' General Stock Summary View '!$G$2,'PowerApp_Physical count'!C:C,' General Stock Summary View '!C186,'PowerApp_Physical count'!A:A,' General Stock Summary View '!B186) -> 0 | I186: =H186-G186 -> 0 | J186: =SUMIFS('XBS '!T:T,'XBS '!H:H,' General Stock Summary View '!$J$2,'XBS '!L:L,' General Stock Summary View '!B186,'XBS '!C:C,' General Stock Summary View '!C186) -> 0 | K186: =SUMIFS('PowerApp_Physical count'!H:H,'PowerApp_Physical count'!B:B,' General Stock Summary View '!$J$2,'PowerApp_Physical count'!C:C,' General Stock Summary View '!C186,'PowerApp_Physical count'!A:A,' General Stock Summary View '!B186) -> 0 | L186: =K186-J186 -> 0 | M186: =J186+G186+E186 -> 0 | N186: =K186+H186 -> 0 | O186: =N186-M186 -> 0 | P186: =SUMIFS('XBS '!T:T,'XBS '!H:H,' General Stock Summary View '!$P$2,'XBS '!L:L,' General Stock Summary View '!B186,'XBS '!C:C,' General Stock Summary View '!C186) -> 6.35 | Q186: =SUMIFS('PowerApp_Physical count'!H:H,'PowerApp_Physical count'!B:B,' General Stock Summary View '!$P$2,'PowerApp_Physical count'!C:C,' General Stock Summary View '!C186,'PowerApp_Physical count'!A:A,' General Stock Summary View '!B186) -> 0 | R186: =Q186-P186 -> -6.35 | S186: =SUMIFS('XBS '!T:T,'XBS '!L:L,' General Stock Summary View '!B186,'XBS '!H:H,' General Stock Summary View '!$S$2,'XBS '!C:C,' General Stock Summary View '!C186) -> 0 | T186: =SUMIFS('PowerApp_Physical count'!H:H,'PowerApp_Physical count'!B:B,' General Stock Summary View '!$S$2,'PowerApp_Physical count'!C:C,' General Stock Summary View '!C186,'PowerApp_Physical count'!A:A,' General Stock Summary View '!B186) -> 0 | U186: =T186-S186 -> 0 | V186: =SUMIFS('XBS '!T:T,'XBS '!H:H,' General Stock Summary View '!$V$2,'XBS '!B:B,' General Stock Summary View '!C186,'XBS '!L:L,' General Stock Summary View '!B186) -> 0 | W186: =SUMIFS('PowerApp_Physical count'!H:H,'PowerApp_Physical count'!B:B,' General Stock Summary View '!$V$2,'PowerApp_Physical count'!C:C,' General Stock Summary View '!C186,'PowerApp_Physical count'!A:A,' General Stock Summary View '!B186) -> 0 | X186: =W186-V186 -> 0 | Y186: =SUMIFS('XBS '!T:T,'XBS '!H:H,' General Stock Summary View '!$Y$2,'XBS '!B:B,' General Stock Summary View '!C186,'XBS '!L:L,' General Stock Summary View '!B186) -> 0 | Z186: =SUMIFS('PowerApp_Physical count'!H:H,'PowerApp_Physical count'!B:B,' General Stock Summary View '!$Y$2,'PowerApp_Physical count'!C:C,' General Stock Summary View '!C186,'PowerApp_Physical count'!A:A,' General Stock Summary View '!B186) -> 0 | AA186: =Z186-Y186 -> 0 | AB186: =SUMIFS('XBS '!T:T,'XBS '!H:H,' General Stock Summary View '!$AB$2,'XBS '!B:B,' General Stock Summary View '!C186,'XBS '!L:L,' General Stock Summary View '!B186) -> 0 | AC186: =SUMIFS('PowerApp_Physical count'!H:H,'PowerApp_Physical count'!B:B,' General Stock Summary View '!$AB$2,'PowerApp_Physical count'!C:C,' General Stock Summary View '!C186,'PowerApp_Physical count'!A:A,' General Stock Summary View '!B186) -> 0 | AD186: =AC186-AB186 -> 0 | AE186: =SUM(H186,Q186,T186,W186,Z186,AC186+K186) -> 0 | AF186: =AE186-F186 -> -6.35
B187: 49KF0065 | C187: C | D187: =SUMIFS('XBS '!T:T,'XBS '!C:C,' General Stock Summary View '!C187,'XBS '!L:L,' General Stock Summary View '!B187) -> 30.333333 | E187: =SUMIFS('Blocked for Processing'!P:P,'Blocked for Processing'!I:I,' General Stock Summary View '!B187,'Blocked for Processing'!C:C,' General Stock Summary View '!C187) -> 0 | F187: =SUM(D187:E187) -> 30.333333 | G187: =SUMIFS('XBS '!T:T,'XBS '!H:H,' General Stock Summary View '!$G$2,'XBS '!L:L,' General Stock Summary View '!B187,'XBS '!C:C,' General Stock Summary View '!C187) -> 0 | H187: =SUMIFS('PowerApp_Physical count'!H:H,'PowerApp_Physical count'!B:B,' General Stock Summary View '!$G$2,'PowerApp_Physical count'!C:C,' General Stock Summary View '!C187,'PowerApp_Physical count'!A:A,' General Stock Summary View '!B187) -> 0 | I187: =H187-G187 -> 0 | J187: =SUMIFS('XBS '!T:T,'XBS '!H:H,' General Stock Summary View '!$J$2,'XBS '!L:L,' General Stock Summary View '!B187,'XBS '!C:C,' General Stock Summary View '!C187) -> 0 | K187: =SUMIFS('PowerApp_Physical count'!H:H,'PowerApp_Physical count'!B:B,' General Stock Summary View '!$J$2,'PowerApp_Physical count'!C:C,' General Stock Summary View '!C187,'PowerApp_Physical count'!A:A,' General Stock Summary View '!B187) -> 0 | L187: =K187-J187 -> 0 | M187: =J187+G187+E187 -> 0 | N187: =K187+H187 -> 0 | O187: =N187-M187 -> 0 | P187: =SUMIFS('XBS '!T:T,'XBS '!H:H,' General Stock Summary View '!$P$2,'XBS '!L:L,' General Stock Summary View '!B187,'XBS '!C:C,' General Stock Summary View '!C187) -> 30.333333 | Q187: =SUMIFS('PowerApp_Physical count'!H:H,'PowerApp_Physical count'!B:B,' General Stock Summary View '!$P$2,'PowerApp_Physical count'!C:C,' General Stock Summary View '!C187,'PowerApp_Physical count'!A:A,' General Stock Summary View '!B187) -> 0 | R187: =Q187-P187 -> -30.333333 | S187: =SUMIFS('XBS '!T:T,'XBS '!L:L,' General Stock Summary View '!B187,'XBS '!H:H,' General Stock Summary View '!$S$2,'XBS '!C:C,' General Stock Summary View '!C187) -> 0 | T187: =SUMIFS('PowerApp_Physical count'!H:H,'PowerApp_Physical count'!B:B,' General Stock Summary View '!$S$2,'PowerApp_Physical count'!C:C,' General Stock Summary View '!C187,'PowerApp_Physical count'!A:A,' General Stock Summary View '!B187) -> 0 | U187: =T187-S187 -> 0 | V187: =SUMIFS('XBS '!T:T,'XBS '!H:H,' General Stock Summary View '!$V$2,'XBS '!B:B,' General Stock Summary View '!C187,'XBS '!L:L,' General Stock Summary View '!B187) -> 0 | W187: =SUMIFS('PowerApp_Physical count'!H:H,'PowerApp_Physical count'!B:B,' General Stock Summary View '!$V$2,'PowerApp_Physical count'!C:C,' General Stock Summary View '!C187,'PowerApp_Physical count'!A:A,' General Stock Summary View '!B187) -> 0 | X187: =W187-V187 -> 0 | Y187: =SUMIFS('XBS '!T:T,'XBS '!H:H,' General Stock Summary View '!$Y$2,'XBS '!B:B,' General Stock Summary View '!C187,'XBS '!L:L,' General Stock Summary View '!B187) -> 0 | Z187: =SUMIFS('PowerApp_Physical count'!H:H,'PowerApp_Physical count'!B:B,' General Stock Summary View '!$Y$2,'PowerApp_Physical count'!C:C,' General Stock Summary View '!C187,'PowerApp_Physical count'!A:A,' General Stock Summary View '!B187) -> 0 | AA187: =Z187-Y187 -> 0 | AB187: =SUMIFS('XBS '!T:T,'XBS '!H:H,' General Stock Summary View '!$AB$2,'XBS '!B:B,' General Stock Summary View '!C187,'XBS '!L:L,' General Stock Summary View '!B187) -> 0 | AC187: =SUMIFS('PowerApp_Physical count'!H:H,'PowerApp_Physical count'!B:B,' General Stock Summary View '!$AB$2,'PowerApp_Physical count'!C:C,' General Stock Summary View '!C187,'PowerApp_Physical count'!A:A,' General Stock Summary View '!B187) -> 0 | AD187: =AC187-AB187 -> 0 | AE187: =SUM(H187,Q187,T187,W187,Z187,AC187+K187) -> 0 | AF187: =AE187-F187 -> -30.333333
B188: 50MM1001 | C188: C | D188: =SUMIFS('XBS '!T:T,'XBS '!C:C,' General Stock Summary View '!C188,'XBS '!L:L,' General Stock Summary View '!B188) -> 8.6166667 | E188: =SUMIFS('Blocked for Processing'!P:P,'Blocked for Processing'!I:I,' General Stock Summary View '!B188,'Blocked for Processing'!C:C,' General Stock Summary View '!C188) -> 0 | F188: =SUM(D188:E188) -> 8.6166667 | G188: =SUMIFS('XBS '!T:T,'XBS '!H:H,' General Stock Summary View '!$G$2,'XBS '!L:L,' General Stock Summary View '!B188,'XBS '!C:C,' General Stock Summary View '!C188) -> 0 | H188: =SUMIFS('PowerApp_Physical count'!H:H,'PowerApp_Physical count'!B:B,' General Stock Summary View '!$G$2,'PowerApp_Physical count'!C:C,' General Stock Summary View '!C188,'PowerApp_Physical count'!A:A,' General Stock Summary View '!B188) -> 0 | I188: =H188-G188 -> 0 | J188: =SUMIFS('XBS '!T:T,'XBS '!H:H,' General Stock Summary View '!$J$2,'XBS '!L:L,' General Stock Summary View '!B188,'XBS '!C:C,' General Stock Summary View '!C188) -> 0 | K188: =SUMIFS('PowerApp_Physical count'!H:H,'PowerApp_Physical count'!B:B,' General Stock Summary View '!$J$2,'PowerApp_Physical count'!C:C,' General Stock Summary View '!C188,'PowerApp_Physical count'!A:A,' General Stock Summary View '!B188) -> 0 | L188: =K188-J188 -> 0 | M188: =J188+G188+E188 -> 0 | N188: =K188+H188 -> 0 | O188: =N188-M188 -> 0 | P188: =SUMIFS('XBS '!T:T,'XBS '!H:H,' General Stock Summary View '!$P$2,'XBS '!L:L,' General Stock Summary View '!B188,'XBS '!C:C,' General Stock Summary View '!C188) -> 8.6166667 | Q188: =SUMIFS('PowerApp_Physical count'!H:H,'PowerApp_Physical count'!B:B,' General Stock Summary View '!$P$2,'PowerApp_Physical count'!C:C,' General Stock Summary View '!C188,'PowerApp_Physical count'!A:A,' General Stock Summary View '!B188) -> 0 | R188: =Q188-P188 -> -8.6166667 | S188: =SUMIFS('XBS '!T:T,'XBS '!L:L,' General Stock Summary View '!B188,'XBS '!H:H,' General Stock Summary View '!$S$2,'XBS '!C:C,' General Stock Summary View '!C188) -> 0 | T188: =SUMIFS('PowerApp_Physical count'!H:H,'PowerApp_Physical count'!B:B,' General Stock Summary View '!$S$2,'PowerApp_Physical count'!C:C,' General Stock Summary View '!C188,'PowerApp_Physical count'!A:A,' General Stock Summary View '!B188) -> 0 | U188: =T188-S188 -> 0 | V188: =SUMIFS('XBS '!T:T,'XBS '!H:H,' General Stock Summary View '!$V$2,'XBS '!B:B,' General Stock Summary View '!C188,'XBS '!L:L,' General Stock Summary View '!B188) -> 0 | W188: =SUMIFS('PowerApp_Physical count'!H:H,'PowerApp_Physical count'!B:B,' General Stock Summary View '!$V$2,'PowerApp_Physical count'!C:C,' General Stock Summary View '!C188,'PowerApp_Physical count'!A:A,' General Stock Summary View '!B188) -> 0 | X188: =W188-V188 -> 0 | Y188: =SUMIFS('XBS '!T:T,'XBS '!H:H,' General Stock Summary View '!$Y$2,'XBS '!B:B,' General Stock Summary View '!C188,'XBS '!L:L,' General Stock Summary View '!B188) -> 0 | Z188: =SUMIFS('PowerApp_Physical count'!H:H,'PowerApp_Physical count'!B:B,' General Stock Summary View '!$Y$2,'PowerApp_Physical count'!C:C,' General Stock Summary View '!C188,'PowerApp_Physical count'!A:A,' General Stock Summary View '!B188) -> 0 | AA188: =Z188-Y188 -> 0 | AB188: =SUMIFS('XBS '!T:T,'XBS '!H:H,' General Stock Summary View '!$AB$2,'XBS '!B:B,' General Stock Summary View '!C188,'XBS '!L:L,' General Stock Summary View '!B188) -> 0 | AC188: =SUMIFS('PowerApp_Physical count'!H:H,'PowerApp_Physical count'!B:B,' General Stock Summary View '!$AB$2,'PowerApp_Physical count'!C:C,' General Stock Summary View '!C188,'PowerApp_Physical count'!A:A,' General Stock Summary View '!B188) -> 0 | AD188: =AC188-AB188 -> 0 | AE188: =SUM(H188,Q188,T188,W188,Z188,AC188+K188) -> 0 | AF188: =AE188-F188 -> -8.6166667
... B533: KCS8288 | C533: CLEAN 1 | D533: =SUMIFS('XBS '!T:T,'XBS '!C:C,' General Stock Summary View '!C533,'XBS '!L:L,' General Stock Summary View '!B533) -> 0 | E533: =SUMIFS('Blocked for Processing'!P:P,'Blocked for Processing'!I:I,' General Stock Summary View '!B533,'Blocked for Processing'!C:C,' General Stock Summary View '!C533) -> 486.18333 | F533: =SUM(D533:E533) -> 486.18333 | G533: =SUMIFS('XBS '!T:T,'XBS '!H:H,' General Stock Summary View '!$G$2,'XBS '!L:L,' General Stock Summary View '!B533,'XBS '!C:C,' General Stock Summary View '!C533) -> 0 | H533: =SUMIFS('PowerApp_Physical count'!H:H,'PowerApp_Physical count'!B:B,' General Stock Summary View '!$G$2,'PowerApp_Physical count'!C:C,' General Stock Summary View '!C533,'PowerApp_Physical count'!A:A,' General Stock Summary View '!B533) -> 486.18333 | I533: =H533-G533 -> 486.18333 | J533: =SUMIFS('XBS '!T:T,'XBS '!H:H,' General Stock Summary View '!$J$2,'XBS '!L:L,' General Stock Summary View '!B533,'XBS '!C:C,' General Stock Summary View '!C533) -> 0 | K533: =SUMIFS('PowerApp_Physical count'!H:H,'PowerApp_Physical count'!B:B,' General Stock Summary View '!$J$2,'PowerApp_Physical count'!C:C,' General Stock Summary View '!C533,'PowerApp_Physical count'!A:A,' General Stock Summary View '!B533) -> 0 | L533: =K533-J533 -> 0 | M533: =J533+G533+E533 -> 486.18333 | N533: =K533+H533 -> 486.18333 | O533: =N533-M533 -> 0 | P533: =SUMIFS('XBS '!T:T,'XBS '!H:H,' General Stock Summary View '!$P$2,'XBS '!L:L,' General Stock Summary View '!B533,'XBS '!C:C,' General Stock Summary View '!C533) -> 0 | Q533: =SUMIFS('PowerApp_Physical count'!H:H,'PowerApp_Physical count'!B:B,' General Stock Summary View '!$P$2,'PowerApp_Physical count'!C:C,' General Stock Summary View '!C533,'PowerApp_Physical count'!A:A,' General Stock Summary View '!B533) -> 0 | R533: =Q533-P533 -> 0 | S533: =SUMIFS('XBS '!T:T,'XBS '!L:L,' General Stock Summary View '!B533,'XBS '!H:H,' General Stock Summary View '!$S$2,'XBS '!C:C,' General Stock Summary View '!C533) -> 0 | T533: =SUMIFS('PowerApp_Physical count'!H:H,'PowerApp_Physical count'!B:B,' General Stock Summary View '!$S$2,'PowerApp_Physical count'!C:C,' General Stock Summary View '!C533,'PowerApp_Physical count'!A:A,' General Stock Summary View '!B533) -> 0 | U533: =T533-S533 -> 0 | V533: =SUMIFS('XBS '!T:T,'XBS '!H:H,' General Stock Summary View '!$V$2,'XBS '!B:B,' General Stock Summary View '!C533,'XBS '!L:L,' General Stock Summary View '!B533) -> 0 | W533: =SUMIFS('PowerApp_Physical count'!H:H,'PowerApp_Physical count'!B:B,' General Stock Summary View '!$V$2,'PowerApp_Physical count'!C:C,' General Stock Summary View '!C533,'PowerApp_Physical count'!A:A,' General Stock Summary View '!B533) -> 0 | X533: =W533-V533 -> 0 | Y533: =SUMIFS('XBS '!T:T,'XBS '!H:H,' General Stock Summary View '!$Y$2,'XBS '!B:B,' General Stock Summary View '!C533,'XBS '!L:L,' General Stock Summary View '!B533) -> 0 | Z533: =SUMIFS('PowerApp_Physical count'!H:H,'PowerApp_Physical count'!B:B,' General Stock Summary View '!$Y$2,'PowerApp_Physical count'!C:C,' General Stock Summary View '!C533,'PowerApp_Physical count'!A:A,' General Stock Summary View '!B533) -> 0 | AA533: =Z533-Y533 -> 0 | AB533: =SUMIFS('XBS '!T:T,'XBS '!H:H,' General Stock Summary View '!$AB$2,'XBS '!B:B,' General Stock Summary View '!C533,'XBS '!L:L,' General Stock Summary View '!B533) -> 0 | AC533: =SUMIFS('PowerApp_Physical count'!H:H,'PowerApp_Physical count'!B:B,' General Stock Summary View '!$AB$2,'PowerApp_Physical count'!C:C,' General Stock Summary View '!C533,'PowerApp_Physical count'!A:A,' General Stock Summary View '!B533) -> 0 | AD533: =AC533-AB533 -> 0 | AE533: =SUM(H533,Q533,T533,W533,Z533,AC533+K533) -> 486.18333 | AF533: =AE533-F533 -> 0
D534: =SUMIFS('XBS '!T:T,'XBS '!C:C,' General Stock Summary View '!C534,'XBS '!L:L,' General Stock Summary View '!B534) -> 0 | E534: =SUMIFS('Blocked for Processing'!P:P,'Blocked for Processing'!I:I,' General Stock Summary View '!B534,'Blocked for Processing'!C:C,' General Stock Summary View '!C534) -> 0 | F534: =SUM(D534:E534) -> 0 | G534: =SUMIFS('XBS '!T:T,'XBS '!H:H,' General Stock Summary View '!$G$2,'XBS '!L:L,' General Stock Summary View '!B534,'XBS '!C:C,' General Stock Summary View '!C534) -> 0 | H534: =SUMIFS('PowerApp_Physical count'!H:H,'PowerApp_Physical count'!B:B,' General Stock Summary View '!$G$2,'PowerApp_Physical count'!C:C,' General Stock Summary View '!C534,'PowerApp_Physical count'!A:A,' General Stock Summary View '!B534) -> 0 | I534: =H534-G534 -> 0 | J534: =SUMIFS('XBS '!T:T,'XBS '!H:H,' General Stock Summary View '!$J$2,'XBS '!L:L,' General Stock Summary View '!B534,'XBS '!C:C,' General Stock Summary View '!C534) -> 0 | K534: =SUMIFS('PowerApp_Physical count'!H:H,'PowerApp_Physical count'!B:B,' General Stock Summary View '!$J$2,'PowerApp_Physical count'!C:C,' General Stock Summary View '!C534,'PowerApp_Physical count'!A:A,' General Stock Summary View '!B534) -> 0 | L534: =K534-J534 -> 0 | M534: =J534+G534+E534 -> 0 | N534: =K534+H534 -> 0 | O534: =N534-M534 -> 0 | P534: =SUMIFS('XBS '!T:T,'XBS '!H:H,' General Stock Summary View '!$P$2,'XBS '!L:L,' General Stock Summary View '!B534,'XBS '!C:C,' General Stock Summary View '!C534) -> 0 | Q534: =SUMIFS('PowerApp_Physical count'!H:H,'PowerApp_Physical count'!B:B,' General Stock Summary View '!$P$2,'PowerApp_Physical count'!C:C,' General Stock Summary View '!C534,'PowerApp_Physical count'!A:A,' General Stock Summary View '!B534) -> 0 | R534: =Q534-P534 -> 0 | S534: =SUMIFS('XBS '!T:T,'XBS '!L:L,' General Stock Summary View '!B534,'XBS '!H:H,' General Stock Summary View '!$S$2,'XBS '!C:C,' General Stock Summary View '!C534) -> 0 | T534: =SUMIFS('PowerApp_Physical count'!H:H,'PowerApp_Physical count'!B:B,' General Stock Summary View '!$S$2,'PowerApp_Physical count'!C:C,' General Stock Summary View '!C534,'PowerApp_Physical count'!A:A,' General Stock Summary View '!B534) -> 0 | U534: =T534-S534 -> 0 | V534: =SUMIFS('XBS '!T:T,'XBS '!H:H,' General Stock Summary View '!$V$2,'XBS '!B:B,' General Stock Summary View '!C534,'XBS '!L:L,' General Stock Summary View '!B534) -> 0 | W534: =SUMIFS('PowerApp_Physical count'!H:H,'PowerApp_Physical count'!B:B,' General Stock Summary View '!$V$2,'PowerApp_Physical count'!C:C,' General Stock Summary View '!C534,'PowerApp_Physical count'!A:A,' General Stock Summary View '!B534) -> 0 | X534: =W534-V534 -> 0 | Y534: =SUMIFS('XBS '!T:T,'XBS '!H:H,' General Stock Summary View '!$Y$2,'XBS '!B:B,' General Stock Summary View '!C534,'XBS '!L:L,' General Stock Summary View '!B534) -> 0 | Z534: =SUMIFS('PowerApp_Physical count'!H:H,'PowerApp_Physical count'!B:B,' General Stock Summary View '!$Y$2,'PowerApp_Physical count'!C:C,' General Stock Summary View '!C534,'PowerApp_Physical count'!A:A,' General Stock Summary View '!B534) -> 0 | AA534: =Z534-Y534 -> 0 | AB534: =SUMIFS('XBS '!T:T,'XBS '!H:H,' General Stock Summary View '!$AB$2,'XBS '!B:B,' General Stock Summary View '!C534,'XBS '!L:L,' General Stock Summary View '!B534) -> 0 | AC534: =SUMIFS('PowerApp_Physical count'!H:H,'PowerApp_Physical count'!B:B,' General Stock Summary View '!$AB$2,'PowerApp_Physical count'!C:C,' General Stock Summary View '!C534,'PowerApp_Physical count'!A:A,' General Stock Summary View '!B534) -> 0 | AD534: =AC534-AB534 -> 0 | AE534: =SUM(H534,Q534,T534,W534,Z534,AC534+K534) -> 0 | AF534: =AE534-F534 -> 0
D535: =SUMIFS('XBS '!T:T,'XBS '!C:C,' General Stock Summary View '!C535,'XBS '!L:L,' General Stock Summary View '!B535) -> 0 | E535: =SUMIFS('Blocked for Processing'!P:P,'Blocked for Processing'!I:I,' General Stock Summary View '!B535,'Blocked for Processing'!C:C,' General Stock Summary View '!C535) -> 0 | F535: =SUM(D535:E535) -> 0 | G535: =SUMIFS('XBS '!T:T,'XBS '!H:H,' General Stock Summary View '!$G$2,'XBS '!L:L,' General Stock Summary View '!B535,'XBS '!C:C,' General Stock Summary View '!C535) -> 0 | H535: =SUMIFS('PowerApp_Physical count'!H:H,'PowerApp_Physical count'!B:B,' General Stock Summary View '!$G$2,'PowerApp_Physical count'!C:C,' General Stock Summary View '!C535,'PowerApp_Physical count'!A:A,' General Stock Summary View '!B535) -> 0 | I535: =H535-G535 -> 0 | J535: =SUMIFS('XBS '!T:T,'XBS '!H:H,' General Stock Summary View '!$J$2,'XBS '!L:L,' General Stock Summary View '!B535,'XBS '!C:C,' General Stock Summary View '!C535) -> 0 | K535: =SUMIFS('PowerApp_Physical count'!H:H,'PowerApp_Physical count'!B:B,' General Stock Summary View '!$J$2,'PowerApp_Physical count'!C:C,' General Stock Summary View '!C535,'PowerApp_Physical count'!A:A,' General Stock Summary View '!B535) -> 0 | L535: =K535-J535 -> 0 | M535: =J535+G535+E535 -> 0 | N535: =K535+H535 -> 0 | O535: =N535-M535 -> 0 | P535: =SUMIFS('XBS '!T:T,'XBS '!H:H,' General Stock Summary View '!$P$2,'XBS '!L:L,' General Stock Summary View '!B535,'XBS '!C:C,' General Stock Summary View '!C535) -> 0 | Q535: =SUMIFS('PowerApp_Physical count'!H:H,'PowerApp_Physical count'!B:B,' General Stock Summary View '!$P$2,'PowerApp_Physical count'!C:C,' General Stock Summary View '!C535,'PowerApp_Physical count'!A:A,' General Stock Summary View '!B535) -> 0 | R535: =Q535-P535 -> 0 | S535: =SUMIFS('XBS '!T:T,'XBS '!L:L,' General Stock Summary View '!B535,'XBS '!H:H,' General Stock Summary View '!$S$2,'XBS '!C:C,' General Stock Summary View '!C535) -> 0 | T535: =SUMIFS('PowerApp_Physical count'!H:H,'PowerApp_Physical count'!B:B,' General Stock Summary View '!$S$2,'PowerApp_Physical count'!C:C,' General Stock Summary View '!C535,'PowerApp_Physical count'!A:A,' General Stock Summary View '!B535) -> 0 | U535: =T535-S535 -> 0 | V535: =SUMIFS('XBS '!T:T,'XBS '!H:H,' General Stock Summary View '!$V$2,'XBS '!B:B,' General Stock Summary View '!C535,'XBS '!L:L,' General Stock Summary View '!B535) -> 0 | W535: =SUMIFS('PowerApp_Physical count'!H:H,'PowerApp_Physical count'!B:B,' General Stock Summary View '!$V$2,'PowerApp_Physical count'!C:C,' General Stock Summary View '!C535,'PowerApp_Physical count'!A:A,' General Stock Summary View '!B535) -> 0 | X535: =W535-V535 -> 0 | Y535: =SUMIFS('XBS '!T:T,'XBS '!H:H,' General Stock Summary View '!$Y$2,'XBS '!B:B,' General Stock Summary View '!C535,'XBS '!L:L,' General Stock Summary View '!B535) -> 0 | Z535: =SUMIFS('PowerApp_Physical count'!H:H,'PowerApp_Physical count'!B:B,' General Stock Summary View '!$Y$2,'PowerApp_Physical count'!C:C,' General Stock Summary View '!C535,'PowerApp_Physical count'!A:A,' General Stock Summary View '!B535) -> 0 | AA535: =Z535-Y535 -> 0 | AB535: =SUMIFS('XBS '!T:T,'XBS '!H:H,' General Stock Summary View '!$AB$2,'XBS '!B:B,' General Stock Summary View '!C535,'XBS '!L:L,' General Stock Summary View '!B535) -> 0 | AC535: =SUMIFS('PowerApp_Physical count'!H:H,'PowerApp_Physical count'!B:B,' General Stock Summary View '!$AB$2,'PowerApp_Physical count'!C:C,' General Stock Summary View '!C535,'PowerApp_Physical count'!A:A,' General Stock Summary View '!B535) -> 0 | AD535: =AC535-AB535 -> 0 | AE535: =SUM(H535,Q535,T535,W535,Z535,AC535+K535) -> 0 | AF535: =AE535-F535 -> 0
R536: =Q536-P536 -> 0
D537: =SUM(D4:D536) -> 18956.505 | E537: =SUM(E4:E536) -> 2825.8883 | F537: =SUM(F4:F536) -> 21782.393 | G537: =SUM(G4:G536) -> 15851.075 | H537: =SUM(H4:H536) -> 18669.923 | I537: =SUM(I4:I536) -> 2818.8483 | J537: =SUM(J4:J536) -> 0 | K537: =SUM(K4:K535) -> 0 | L537: =SUM(L4:L535) -> 0 | M537: =SUM(M4:M535) -> 18676.963 | N537: =SUM(N4:N535) -> 18669.923 | O537: =SUM(O4:O535) -> -7.04 | P537: =SUM(P4:P536) -> 2097.9297 | Q537: =SUM(Q4:Q536) -> 0 | R537: =SUM(R4:R536) -> -2097.9297 | S537: =SUM(S4:S536) -> 358.15 | T537: =SUM(T4:T536) -> 0 | U537: =SUM(U4:U536) -> -358.15 | V537: =SUM(V4:V536) -> 297.13333 | W537: =SUM(W4:W536) -> 0 | ... AG537: =SUM(AG4:AG536) -> 0
D539: System Quantity (Units) | G539: System Total | I539: Physical Count | J539: Off system | K539: Qty Stocks Var | L539: Variance reason code
B540: IBERO Warehouse | D540: =G537+J537+E537 -> 18676.963 | G540: =SUBTOTAL(9,D540:F540) -> 18676.963 | I540: =N537 -> 18669.923 | J540: =D553 -> 428 | K540: =I540-G540 -> -7.04
B541: AGL | D541: =P537 -> 2097.9297 | G541: =SUBTOTAL(9,D541:F541) -> 2097.9297 | I541: =Q537 -> 0 | K541: =I541-D541 -> -2097.9297
B542: NEW KPCU | D542: =S537 -> 358.15 | G542: =SUBTOTAL(9,D542:F542) -> 358.15 | I542: =T537 -> 0 | K542: =I542-D542 -> -358.15
B543: MITCHEL COTTS | D543: =V537 -> 297.13333 | G543: =SUBTOTAL(9,D543:F543) -> 297.13333 | I543: =W537 -> 0 | K543: =I543-D543 -> -297.13333
B544: MAXA AFRICA LOGISTICS | D544: =Y537 -> 181.2 | G544: =SUBTOTAL(9,D544:F544) -> 181.2 | I544: =Z537 -> 0 | K544: =I544-D544 -> -181.2
B545: KCCE | D545: =AB537 -> 171.01667 | G545: =SUBTOTAL(9,D545:F545) -> 171.01667 | I545: =AC537 -> 0 | K545: =I545-D545 -> -171.01667
G546: =SUBTOTAL(9,D546:F546) -> 0
D547: =SUM(D540:D546) -> 21782.393 | F547: =SUM(F540:F546) -> 0 | G547: =SUM(G540:G546) -> 21782.393 | I547: =SUM(I540:I546) -> 18669.923
D549: Sum of Units
B550: EX_OFFICE | D550: 102
B551: SWEEPINGS | D551: 126
B552: FRANCHISE | D552: 200
D553: =SUM(D550:D552) -> 428
G559: DATE: ……30.09.2026…………………………………………………………………………………….
G564: DATE: …30.09.2026……………………………………………………………………………………….
G569: DATE: ………30.09.2026………………………………………………………………………………….
G573: DATE: …………30.09.2026……………………………………………………………………………….
G578: DATE: ………………………………………………………………………………………….
G583: DATE: ………………………………………………………………………………………….

Sheet PowerApp_Physical count
A1: Outturn | B1: Warehouse | C1: Grade | D1: Bags | E1: Pockets | F1: Units | G1: Physical Weight | H1: Units | I1: Location | J1: Zone | K1: Created | L1: Created By | M1: Receive Grade | N1: Receive Bags | O1: Receive Pockets | P1: Receive Units | Q1: Receive Weight | R1: Receive Location | S1: Receive Zone | T1: Receive Variance Comments | U1: Received By | V1: Time Received | W1: XBS Variance Comments | X1: XBS_Units | Y1: XBS_60 Kg Bags | Z1: CountStatus | AA1: IS PerVeriance
A2: KDI6165 | B2: IBERO EXPORT WAREHOUSE | C2: BULK | D2: 80 | E2: 0 | F2: 80 | G2: 4800 | H2: 80 | I2: G-06 | J2: 1 | M2: 46032.381 | N2: IberoKe - Bulking Clerk - Eric Ochieng | S2: 0 | W2: IberoKe - Bulking Clerk - Eric Ochieng | X2: 46032.381 | Y2: To be verified | AB2: Completed | AC2: No
A3: KCS8390 | B3: IBERO EXPORT WAREHOUSE | C3: CLEAN 1 | D3: 165 | E3: 55 | F3: 166 | G3: 9955 | H3: 165.91667 | I3: D-10 | J3: 1 | M3: 46032.382 | N3: TFMKe - Quality - Stanley Kiswii | S3: 0 | W3: TFMKe - Quality - Stanley Kiswii | X3: 46032.382 | Y3: To be verified | AB3: Completed | AC3: No
A4: KIB35485 | B4: IBERO EXPORT WAREHOUSE | C4: BULK | D4: 219 | E4: 27 | F4: 220 | G4: 13167 | H4: 219.45 | I4: G-06 | J4: 1 | M4: 46032.383 | N4: IberoKe - Bulking Clerk - Eric Ochieng | S4: 0 | W4: IberoKe - Bulking Clerk - Eric Ochieng | X4: 46032.383 | Y4: To be verified | AB4: Completed | AC4: No
A5: KGR1941 | B5: IBERO EXPORT WAREHOUSE | C5: ABOVE | D5: 123 | E5: 17 | F5: 124 | G5: 7397 | H5: 123.28333 | I5: F-05 | J5: 1 | M5: 46032.383 | N5: IberoKe - Bulking Clerk - Silas Onyango | S5: 0 | W5: IberoKe - Bulking Clerk - Silas Onyango | X5: 46032.397 | Y5: To Verify | AB5: Completed | AC5: No
A6: KCS8413 | B6: IBERO EXPORT WAREHOUSE | C6: CLEAN 1 | D6: 44 | E6: 51 | F6: 45 | G6: 2691 | H6: 44.85 | I6: G-07 | J6: 1 | M6: 46032.384 | N6: IberoKe - Processing Clerk - Robert Lumbasi | S6: 0 | W6: IberoKe - Processing Clerk - Robert Lumbasi | X6: 46032.385 | Y6: Chenkt | AB6: Completed | AC6: No
A7: KGR1944 | B7: IBERO EXPORT WAREHOUSE | C7: ABOVE | D7: 67 | E7: 39 | F7: 68 | G7: 4059 | H7: 67.65 | I7: G-05 | J7: 1 | M7: 46032.384 | N7: IberoKe - Bulking Clerk - Silas Onyango | S7: 0 | W7: IberoKe - Bulking Clerk - Silas Onyango | X7: 46032.385 | Y7: To verify | AB7: Completed | AC7: No
A8: KIB35488 | B8: IBERO EXPORT WAREHOUSE | C8: BULK | D8: 194 | E8: 40 | F8: 195 | G8: 11680 | H8: 194.66667 | I8: G-06 | J8: 1 | M8: 46032.384 | N8: IberoKe - Bulking Clerk - Eric Ochieng | S8: 0 | W8: IberoKe - Bulking Clerk - Eric Ochieng | X8: 46032.385 | Y8: To be verified | AB8: Completed | AC8: No
A9: KCS8288 | B9: IBERO EXPORT WAREHOUSE | C9: CLEAN 1 | D9: 486 | E9: 11 | F9: 487 | G9: 29171 | H9: 486.18333 | I9: G-08 | J9: 1 | M9: 46032.385 | N9: IberoKe - Warehouse Clerk - Mary Karanja | S9: 0 | W9: IberoKe - Warehouse Clerk - Mary Karanja | X9: 46032.385 | Y9: Physical count | AB9: Completed | AC9: No
A10: KCS8070 | B10: IBERO EXPORT WAREHOUSE | C10: CLEAN 1 | D10: 102 | E10: 9 | F10: 103 | G10: 6129 | H10: 102.15 | I10: D-10 | J10: 1 | M10: 46032.385 | N10: TFMKe - Quality - Stanley Kiswii | S10: 0 | W10: TFMKe - Quality - Stanley Kiswii | X10: 46032.385 | Y10: To be verified | AB10: Completed | AC10: No
A11: KGR1956 | B11: IBERO EXPORT WAREHOUSE | C11: BELOW | D11: 80 | E11: 39 | F11: 81 | G11: 4839 | H11: 80.65 | I11: F-05 | J11: 1 | M11: 46032.385 | N11: IberoKe - Bulking Clerk - Silas Onyango | S11: 0 | W11: IberoKe - Bulking Clerk - Silas Onyango | X11: 46032.525 | Y11: To verify | AB11: Completed | AC11: No
A12: KIB35470 | B12: IBERO EXPORT WAREHOUSE | C12: BULK | D12: 7 | E12: 53 | F12: 8 | G12: 473 | H12: 7.8833333 | I12: G-08 | J12: 1 | M12: 46032.385 | N12: IberoKe - Warehouse Clerk - Mary Karanja | S12: 0 | W12: IberoKe - Warehouse Clerk - Mary Karanja | X12: 46032.385 | Y12: Physical count | AB12: Completed | AC12: No
A13: KGR1945 | B13: IBERO EXPORT WAREHOUSE | C13: BELOW | D13: 52 | E13: 31 | F13: 53 | G13: 3151 | H13: 52.516667 | I13: F-06 | J13: 1 | M13: 46032.385 | N13: IberoKe - Bulking Clerk - Eric Ochieng | S13: 0 | W13: IberoKe - Bulking Clerk - Eric Ochieng | X13: 46032.386 | Y13: To be verified | AB13: Completed | AC13: No
... A22: 48KK0007 | B22: IBERO EXPORT WAREHOUSE | C22: PB | D22: 12 | E22: 43 | F22: 13 | G22: 763 | H22: 12.716667 | I22: C-11 | J22: 1 | M22: 46032.388 | N22: IberoKe - Warehouse Supervisor - Millicent Awuondo | S22: 0 | W22: IberoKe - Warehouse Supervisor - Millicent Awuondo | X22: 46032.388 | Y22: To verify | AB22: Completed | AC22: No
A23: KCS8398 | B23: IBERO EXPORT WAREHOUSE | C23: CLEAN 1 | D23: 351 | E23: 0 | F23: 351 | G23: 21060 | H23: 351 | I23: F-09 | J23: 1 | M23: 46032.388 | N23: IberoKe ��� Warehouse Clerk - Consolata Muriuki | S23: 0 | W23: IberoKe ��� Warehouse Clerk - Consolata Muriuki | X23: 46032.388 | AB23: Completed | AC23: No
A24: KCS8391 | B24: IBERO EXPORT WAREHOUSE | C24: CLEAN 1 | D24: 150 | E24: 31 | F24: 151 | G24: 9031 | H24: 150.51667 | I24: D-10 | J24: 1 | M24: 46032.388 | N24: TFMKe - Quality - Stanley Kiswii | S24: 0 | W24: TFMKe - Quality - Stanley Kiswii | X24: 46032.389 | Y24: To be verified | AB24: Completed | AC24: No
A25: KCS8406 | B25: IBERO EXPORT WAREHOUSE | C25: CLEAN 1 | D25: 16 | E25: 23 | F25: 17 | G25: 983 | H25: 16.383333 | I25: C-08 | J25: 2 | M25: 46032.389 | N25: IberoKe - Warehouse Clerk - Mary Karanja | S25: 0 | W25: IberoKe - Warehouse Clerk - Mary Karanja | X25: 46032.389 | Y25: Physical count | AB25: Completed | AC25: No
A26: KCS8314 | B26: IBERO EXPORT WAREHOUSE | C26: CLEAN 1 | D26: 107 | E26: 28 | F26: 108 | G26: 6448 | H26: 107.46667 | I26: F-06 | J26: 1 | M26: 46032.389 | N26: IberoKe - Bulking Clerk - Eric Ochieng | S26: 0 | W26: IberoKe - Bulking Clerk - Eric Ochieng | X26: 46032.389 | Y26: To be verified | AB26: Completed | AC26: No
A27: KGR1955 | B27: IBERO EXPORT WAREHOUSE | C27: BELOW | D27: 80 | E27: 30 | F27: 81 | G27: 4830 | H27: 80.5 | I27: F-09 | J27: 1 | M27: 46032.389 | N27: IberoKe ��� Warehouse Clerk - Consolata Muriuki | S27: 0 | W27: IberoKe ��� Warehouse Clerk - Consolata Muriuki | X27: 46032.389 | AB27: Completed | AC27: No
A28: KCS8407 | B28: IBERO EXPORT WAREHOUSE | C28: CLEAN 1 | D28: 15 | E28: 41 | F28: 16 | G28: 941 | H28: 15.683333 | I28: C-08 | J28: 3 | M28: 46032.39 | N28: IberoKe - Warehouse Clerk - Mary Karanja | S28: 0 | W28: IberoKe - Warehouse Clerk - Mary Karanja | X28: 46032.39 | Y28: Physical count | AB28: Completed | AC28: No
A29: KGT2812 | B29: IBERO EXPORT WAREHOUSE | C29: LIGHTS | D29: 14 | E29: 52 | F29: 15 | G29: 752 | H29: 15.04 | I29: C-10 | J29: 1 | M29: 46032.39 | N29: TFMKe - Quality - Stanley Kiswii | S29: 0 | W29: TFMKe - Quality - Stanley Kiswii | X29: 46032.39 | Y29: To be verified | AB29: Completed | AC29: No
A30: KCS8346 | B30: IBERO EXPORT WAREHOUSE | C30: CLEAN 1 | D30: 212 | E30: 6 | F30: 213 | G30: 12726 | H30: 212.1 | I30: D-05 | J30: 1 | M30: 46032.39 | N30: IberoKe - Bulking Clerk - Silas Onyango | S30: 0 | W30: IberoKe - Bulking Clerk - Silas Onyango | X30: 46032.39 | Y30: To verify | AB30: Completed | AC30: No
A31: 49GS0028 | B31: IBERO EXPORT WAREHOUSE | C31: AB | D31: 15 | E31: 26 | F31: 16 | G31: 926 | H31: 15.433333 | I31: C-11 | J31: 2 | M31: 46032.39 | N31: IberoKe - Warehouse Supervisor - Millicent Awuondo | S31: 0 | W31: IberoKe - Warehouse Supervisor - Millicent Awuondo | X31: 46032.39 | Y31: To verify | AB31: Completed | AC31: No
A32: KGR1942 | B32: IBERO EXPORT WAREHOUSE | C32: BELOW | D32: 104 | E32: 29 | F32: 105 | G32: 6269 | H32: 104.48333 | I32: F-06 | J32: 1 | M32: 46032.39 | N32: IberoKe - Bulking Clerk - Eric Ochieng | S32: 0 | W32: IberoKe - Bulking Clerk - Eric Ochieng | X32: 46032.39 | Y32: To be verified | AB32: Completed | AC32: No
A33: KGR1950 | B33: IBERO EXPORT WAREHOUSE | C33: BELOW | D33: 54 | E33: 57 | F33: 55 | G33: 3297 | H33: 54.95 | I33: D-05 | J33: 1 | M33: 46032.39 | N33: IberoKe - Bulking Clerk - Silas Onyango | S33: 0 | W33: IberoKe - Bulking Clerk - Silas Onyango | X33: 46032.39 | Y33: To Verify | AB33: Completed | AC33: No
A34: 49GS2006 | B34: IBERO EXPORT WAREHOUSE | C34: AB | D34: 36 | E34: 23 | F34: 37 | G34: 2183 | H34: 36.383333 | I34: C-11 | J34: 3 | M34: 46032.39 | N34: IberoKe - Warehouse Supervisor - Millicent Awuondo | S34: 0 | W34: IberoKe - Warehouse Supervisor - Millicent Awuondo | X34: 46032.39 | Y34: To verify | AB34: Completed | AC34: No
A35: KGR1944 | B35: IBERO EXPORT WAREHOUSE | C35: BELOW | D35: 126 | E35: 65 | F35: 127 | G35: 7625 | H35: 127.08333 | I35: E-09 | J35: 1 | M35: 46032.39 | N35: IberoKe ��� Warehouse Clerk - Consolata Muriuki | S35: 0 | W35: IberoKe ��� Warehouse Clerk - Consolata Muriuki | X35: 46032.39 | AB35: Completed | AC35: No
A36: KGT2814 | B36: IBERO EXPORT WAREHOUSE | C36: LIGHTS | D36: 15 | E36: 53 | F36: 16 | G36: 803 | H36: 16.06 | I36: C-10 | J36: 2 | M36: 46032.39 | N36: TFMKe - Quality - Stanley Kiswii | S36: 0 | W36: TFMKe - Quality - Stanley Kiswii | X36: 46032.39 | Y36: To be verified | AB36: Completed | AC36: No
A37: 49IM0022 | B37: IBERO EXPORT WAREHOUSE | C37: ML | D37: 16 | E37: 30 | F37: 17 | G37: 990 | H37: 16.5 | I37: C-04 | J37: 1 | M37: 46032.39 | N37: TFMke - Finance - Ashumptah Waeni | S37: 0 | W37: TFMke - Finance - Ashumptah Waeni | X37: 46032.4 | Y37: To confirm | AB37: Completed | AC37: No
A38: KCS8247 | B38: IBERO EXPORT WAREHOUSE | C38: CLEAN 1 | D38: 69 | E38: 52 | F38: 70 | G38: 4192 | H38: 69.866667 | I38: C-08 | J38: 1 | M38: 46032.391 | N38: IberoKe - Warehouse Clerk - Mary Karanja | S38: 0 | W38: IberoKe - Warehouse Clerk - Mary Karanja | X38: 46032.391 | Y38: Physical count | AB38: Completed | AC38: No
A39: KGR1952 | B39: IBERO EXPORT WAREHOUSE | C39: BELOW | D39: 20 | E39: 59 | F39: 21 | G39: 1259 | H39: 20.983333 | I39: E-09 | J39: 2 | M39: 46032.391 | N39: IberoKe ��� Warehouse Clerk - Consolata Muriuki | S39: 0 | W39: IberoKe ��� Warehouse Clerk - Consolata Muriuki | X39: 46032.391 | AB39: Completed | AC39: No
A40: KGR1957 | B40: IBERO EXPORT WAREHOUSE | C40: BELOW | D40: 76 | E40: 53 | F40: 77 | G40: 4613 | H40: 76.883333 | I40: F-06 | J40: 1 | M40: 46032.391 | N40: IberoKe - Bulking Clerk - Eric Ochieng | S40: 0 | W40: IberoKe - Bulking Clerk - Eric Ochieng | X40: 46032.391 | Y40: To be verified | AB40: Completed | AC40: No
A41: KGT2815 | B41: IBERO EXPORT WAREHOUSE | C41: LIGHTS | D41: 11 | E41: 11 | F41: 12 | G41: 561 | H41: 11.22 | I41: C-10 | J41: 3 | M41: 46032.391 | N41: TFMKe - Quality - Stanley Kiswii | S41: 0 | W41: TFMKe - Quality - Stanley Kiswii | X41: 46032.392 | Y41: To be verified | AB41: Completed | AC41: No
A42: 50GS2004 | B42: IBERO EXPORT WAREHOUSE | C42: PB | D42: 33 | E42: 49 | F42: 34 | G42: 2029 | H42: 33.816667 | I42: C-11 | J42: 4 | M42: 46032.391 | N42: IberoKe - Warehouse Supervisor - Millicent Awuondo | S42: 0 | W42: IberoKe - Warehouse Supervisor - Millicent Awuondo | X42: 46032.392 | Y42: To verify | AB42: Completed | AC42: No
A43: 49GS0025 | B43: IBERO EXPORT WAREHOUSE | C43: AB | D43: 26 | E43: 49 | F43: 27 | G43: 1609 | H43: 26.816667 | I43: C-11 | J43: 5 | M43: 46032.392 | N43: IberoKe - Warehouse Supervisor - Millicent Awuondo | S43: 0 | W43: IberoKe - Warehouse Supervisor - Millicent Awuondo | X43: 46032.392 | Y43: To verify | AB43: Completed | AC43: No
A44: KGR1947 | B44: IBERO EXPORT WAREHOUSE | C44: BELOW | D44: 136 | E44: 53 | F44: 137 | G44: 8213 | H44: 136.88333 | I44: F-06 | J44: 1 | M44: 46032.392 | N44: IberoKe - Bulking Clerk - Eric Ochieng | S44: 0 | W44: IberoKe - Bulking Clerk - Eric Ochieng | X44: 46032.392 | Y44: To be verified | AB44: Completed | AC44: No
A45: KCS8394 | B45: IBERO EXPORT WAREHOUSE | C45: CLEAN 1 | D45: 155 | E45: 59 | F45: 156 | G45: 9359 | H45: 155.98333 | I45: B-08 | J45: 1 | M45: 46032.392 | N45: IberoKe - Warehouse Clerk - Mary Karanja | S45: 0 | W45: IberoKe - Warehouse Clerk - Mary Karanja | X45: 46032.392 | Y45: Physical count | AB45: Completed | AC45: No
A46: KCS8269 | B46: IBERO EXPORT WAREHOUSE | C46: CLEAN 1 | D46: 91 | E46: 11 | F46: 92 | G46: 5471 | H46: 91.183333 | I46: D-05 | J46: 1 | M46: 46032.392 | N46: IberoKe - Bulking Clerk - Silas Onyango | S46: 0 | W46: IberoKe - Bulking Clerk - Silas Onyango | X46: 46032.392 | Y46: To verify | AB46: Completed | AC46: No
A47: KGT2818 | B47: IBERO EXPORT WAREHOUSE | C47: LIGHTS | D47: 15 | E47: 10 | F47: 16 | G47: 760 | H47: 15.2 | I47: C-10 | J47: 4 | M47: 46032.392 | N47: TFMKe - Quality - Stanley Kiswii | S47: 0 | W47: TFMKe - Quality - Stanley Kiswii | X47: 46032.392 | Y47: To be verified | AB47: Completed | AC47: No
A48: KGR1940 | B48: IBERO EXPORT WAREHOUSE | C48: ABOVE | D48: 168 | E48: 35 | F48: 169 | G48: 10115 | H48: 168.58333 | I48: E-09 | J48: 1 | M48: 46032.392 | N48: IberoKe ��� Warehouse Clerk - Consolata Muriuki | S48: 0 | W48: IberoKe ��� Warehouse Clerk - Consolata Muriuki | X48: 46032.397 | Y48: To be verified | AB48: Completed | AC48: No
A49: 49GS0044 | B49: IBERO EXPORT WAREHOUSE | C49: AB | D49: 10 | E49: 66 | F49: 11 | G49: 666 | H49: 11.1 | I49: C-11 | J49: 6 | M49: 46032.392 | N49: IberoKe - Warehouse Supervisor - Millicent Awuondo | S49: 0 | W49: IberoKe - Warehouse Supervisor - Millicent Awuondo | X49: 46032.393 | Y49: To verify | AB49: Completed | AC49: No
A50: KCS8055 | B50: IBERO EXPORT WAREHOUSE | C50: CLEAN 1 | D50: 147 | E50: 38 | F50: 148 | G50: 8858 | H50: 147.63333 | I50: C-04 | J50: 1 | M50: 46032.392 | N50: TFMke - Finance - Ashumptah Waeni | S50: 0 | W50: TFMke - Finance - Ashumptah Waeni | X50: 46032.4 | Y50: To confirm | AB50: Completed | AC50: No
A51: KCS8180 | B51: IBERO EXPORT WAREHOUSE | C51: CLEAN 1 | D51: 267 | E51: 18 | F51: 268 | G51: 16038 | H51: 267.3 | I51: G-08 | J51: 1 | M51: 46032.393 | N51: IberoKe - Processing Clerk - Robert Lumbasi | S51: 0 | W51: IberoKe - Processing Clerk - Robert Lumbasi | X51: 46032.393 | Y51: Checkt | AB51: Completed | AC51: No
... A57: KCS8411 | B57: IBERO EXPORT WAREHOUSE | C57: REJECTS | D57: 39 | E57: 14 | F57: 40 | G57: 2354 | H57: 39.233333 | I57: C-10 | J57: 1 | M57: 46032.394 | N57: TFMKe - Quality - Stanley Kiswii | S57: 0 | W57: TFMKe - Quality - Stanley Kiswii | X57: 46032.394 | Y57: To be verified | AB57: Completed | AC57: No
A58: KGT2805 | B58: IBERO EXPORT WAREHOUSE | C58: BOLD | D58: 48 | E58: 30 | F58: 49 | G58: 2910 | H58: 48.5 | I58: D-09 | J58: 1 | M58: 46032.394 | N58: IberoKe ��� Warehouse Clerk - Consolata Muriuki | S58: 0 | W58: IberoKe ��� Warehouse Clerk - Consolata Muriuki | X58: 46032.394 | AB58: Completed | AC58: No
A59: KCS8378 | B59: IBERO EXPORT WAREHOUSE | C59: CLEAN 1 | D59: 127 | E59: 4 | F59: 128 | G59: 7624 | H59: 127.06667 | I59: D-06 | J59: 1 | M59: 46032.394 | N59: IberoKe - Bulking Clerk - Eric Ochieng | S59: 0 | W59: IberoKe - Bulking Clerk - Eric Ochieng | X59: 46032.394 | Y59: To be verified | AB59: Completed | AC59: No
A60: KCS8386 | B60: IBERO EXPORT WAREHOUSE | C60: REJECTS | D60: 20 | E60: 52 | F60: 21 | G60: 1252 | H60: 20.866667 | I60: B-08 | J60: 1 | M60: 46032.394 | N60: IberoKe - Warehouse Clerk - Mary Karanja | S60: 0 | W60: IberoKe - Warehouse Clerk - Mary Karanja | X60: 46032.394 | Y60: Physical count | AB60: Completed | AC60: No
A61: KCS8419 | B61: IBERO EXPORT WAREHOUSE | C61: CLEAN 1 | D61: 73 | E61: 65 | F61: 74 | G61: 4445 | H61: 74.083333 | I61: C-05 | J61: 1 | M61: 46032.394 | N61: IberoKe - Bulking Clerk - Silas Onyango | S61: 0 | W61: IberoKe - Bulking Clerk - Silas Onyango | X61: 46032.394 | Y61: To verify | AB61: Completed | AC61: No
A62: KGT2760 | B62: IBERO EXPORT WAREHOUSE | C62: BOLD | D62: 9 | E62: 14 | F62: 10 | G62: 554 | H62: 9.2333333 | I62: E-09 | J62: 2 | M62: 46032.394 | N62: IberoKe ��� Warehouse Clerk - Consolata Muriuki | S62: 0 | W62: IberoKe ��� Warehouse Clerk - Consolata Muriuki | X62: 46032.394 | AB62: Completed | AC62: No
A63: KCS8405 | B63: IBERO EXPORT WAREHOUSE | C63: REJECTS | D63: 16 | E63: 51 | F63: 17 | G63: 1011 | H63: 16.85 | I63: C-10 | J63: 2 | M63: 46032.395 | N63: TFMKe - Quality - Stanley Kiswii | S63: 0 | W63: TFMKe - Quality - Stanley Kiswii | X63: 46032.395 | Y63: To be verified | AB63: Completed | AC63: No
A64: KCS8387 | B64: IBERO EXPORT WAREHOUSE | C64: REJECTS | D64: 13 | E64: 47 | F64: 14 | G64: 827 | H64: 13.783333 | I64: B-08 | J64: 2 | M64: 46032.395 | N64: IberoKe - Warehouse Clerk - Mary Karanja | S64: 0 | W64: IberoKe - Warehouse Clerk - Mary Karanja | X64: 46032.395 | Y64: Physical count | AB64: Completed | AC64: No
A65: KCS8412 | B65: IBERO EXPORT WAREHOUSE | C65: CLEAN 1 | D65: 79 | E65: 38 | F65: 80 | G65: 4778 | H65: 79.633333 | I65: C-05 | J65: 1 | M65: 46032.395 | N65: IberoKe - Bulking Clerk - Silas Onyango | S65: 0 | W65: IberoKe - Bulking Clerk - Silas Onyango | X65: 46032.395 | Y65: To verify | AB65: Completed | AC65: No
A66: 09SM0019 | B66: IBERO EXPORT WAREHOUSE | C66: AA | D66: 53 | E66: 43 | F66: 54 | G66: 3223 | H66: 53.716667 | I66: B-11 | J66: 1 | M66: 46032.395 | N66: IberoKe - Warehouse Supervisor - Millicent Awuondo | S66: 0 | W66: IberoKe - Warehouse Supervisor - Millicent Awuondo | X66: 46032.395 | Y66: To verify | AB66: Completed | AC66: No
A67: 47SL1007 | B67: IBERO EXPORT WAREHOUSE | C67: C | D67: 0 | E67: 0 | F67: 0 | G67: 0 | H67: 0 | I67: C-04 | J67: 1 | M67: 46032.395 | N67: TFMke - Finance - Ashumptah Waeni | S67: 0 | W67: TFMke - Finance - Ashumptah Waeni | X67: 46032.4 | Y67: To confirm | AB67: Completed | AC67: No
A68: KGR1957 | B68: IBERO EXPORT WAREHOUSE | C68: ABOVE | D68: 158 | E68: 0 | F68: 158 | G68: 9480 | H68: 158 | I68: G-07 | J68: 1 | M68: 46032.395 | N68: IberoKe - Processing Clerk - Robert Lumbasi | S68: 0 | W68: IberoKe - Processing Clerk - Robert Lumbasi | X68: 46032.396 | Y68: Checkt | AB68: Completed | AC68: No
A69: KGT2759 | B69: IBERO EXPORT WAREHOUSE | C69: BOLD | D69: 8 | E69: 54 | F69: 9 | G69: 534 | H69: 8.9 | I69: E-09 | J69: 3 | M69: 46032.396 | N69: IberoKe ��� Warehouse Clerk - Consolata Muriuki | S69: 0 | W69: IberoKe ��� Warehouse Clerk - Consolata Muriuki | X69: 46032.396 | AB69: Completed | AC69: No
A70: KCS8345 | B70: IBERO EXPORT WAREHOUSE | C70: CLEAN 1 | D70: 178 | E70: 10 | F70: 179 | G70: 10690 | H70: 178.16667 | I70: D-06 | J70: 1 | M70: 46032.396 | N70: IberoKe - Bulking Clerk - Eric Ochieng | S70: 0 | W70: IberoKe - Bulking Clerk - Eric Ochieng | X70: 46032.396 | Y70: To be verified | AB70: Completed | AC70: No
A71: KCS8410 | B71: IBERO EXPORT WAREHOUSE | C71: REJECTS | D71: 14 | E71: 59 | F71: 15 | G71: 899 | H71: 14.983333 | I71: C-10 | J71: 3 | M71: 46032.396 | N71: TFMKe - Quality - Stanley Kiswii | S71: 0 | W71: TFMKe - Quality - Stanley Kiswii | X71: 46032.396 | Y71: To be verified | AB71: Completed | AC71: No
A72: KCS8392 | B72: IBERO EXPORT WAREHOUSE | C72: REJECTS | D72: 9 | E72: 23 | F72: 10 | G72: 563 | H72: 9.3833333 | I72: B-08 | J72: 3 | M72: 46032.396 | N72: IberoKe - Warehouse Clerk - Mary Karanja | S72: 0 | W72: IberoKe - Warehouse Clerk - Mary Karanja | X72: 46032.396 | Y72: Physical count | AB72: Completed | AC72: No
A73: KCS8374 | B73: IBERO EXPORT WAREHOUSE | C73: CLEAN 1 | D73: 103 | E73: 55 | F73: 104 | G73: 6235 | H73: 103.91667 | I73: C-05 | J73: 1 | M73: 46032.396 | N73: IberoKe - Bulking Clerk - Silas Onyango | S73: 0 | W73: IberoKe - Bulking Clerk - Silas Onyango | X73: 46032.396 | Y73: To verify | AB73: Completed | AC73: No
A74: KIB35497 | B74: IBERO EXPORT WAREHOUSE | C74: BULK | D74: 258 | E74: 62 | F74: 259 | G74: 15542 | H74: 259.03333 | I74: E-14 | J74: 1 | M74: 46032.396 | N74: TFMKe - Jackline Ruhohi | S74: 0 | W74: TFMKe - Jackline Ruhohi | X74: 46032.397 | Y74: To be reviewed. | AB74: Completed | AC74: No
A75: 48TK0029 | B75: IBERO EXPORT WAREHOUSE | C75: C | D75: 9 | E75: 39 | F75: 10 | G75: 579 | H75: 9.65 | I75: C-04 | J75: 2 | M75: 46032.397 | N75: TFMke - Finance - Ashumptah Waeni | S75: 0 | W75: TFMke - Finance - Ashumptah Waeni | X75: 46032.401 | Y75: To confirm | AB75: Completed | AC75: No
A76: 39IM0001 | B76: IBERO EXPORT WAREHOUSE | C76: NL | D76: 2 | E76: 45 | F76: 3 | G76: 165 | H76: 2.75 | I76: B-11 | J76: 1 | M76: 46032.397 | N76: IberoKe - Warehouse Supervisor - Millicent Awuondo | S76: 0 | W76: IberoKe - Warehouse Supervisor - Millicent Awuondo | X76: 46032.397 | Y76: To verify | AB76: Completed | AC76: No
A77: KCS8415 | B77: IBERO EXPORT WAREHOUSE | C77: REJECTS | D77: 6 | E77: 59 | F77: 7 | G77: 419 | H77: 6.9833333 | I77: C-10 | J77: 4 | M77: 46032.397 | N77: TFMKe - Quality - Stanley Kiswii | S77: 0 | W77: TFMKe - Quality - Stanley Kiswii | X77: 46032.397 | Y77: To be verified | AB77: Completed | AC77: No
A78: KCS8391 | B78: IBERO EXPORT WAREHOUSE | C78: REJECTS | D78: 7 | E78: 20 | F78: 8 | G78: 440 | H78: 7.3333333 | I78: B-08 | J78: 4 | M78: 46032.397 | N78: IberoKe - Warehouse Clerk - Mary Karanja | S78: 0 | W78: IberoKe - Warehouse Clerk - Mary Karanja | X78: 46032.397 | Y78: Physical count | AB78: Completed | AC78: No
A79: 48KP1003 | B79: IBERO EXPORT WAREHOUSE | C79: C | D79: 13 | E79: 49 | F79: 14 | G79: 829 | H79: 13.816667 | I79: C-04 | J79: 3 | M79: 46032.397 | N79: TFMke - Finance - Ashumptah Waeni | S79: 0 | W79: TFMke - Finance - Ashumptah Waeni | X79: 46032.401 | Y79: To confirm | AB79: Completed | AC79: No
A80: KCS8304 | B80: IBERO EXPORT WAREHOUSE | C80: CLEAN 1 | D80: 66 | E80: 39 | F80: 67 | G80: 3999 | H80: 66.65 | I80: D-06 | J80: 1 | M80: 46032.397 | N80: IberoKe - Bulking Clerk - Eric Ochieng | S80: 0 | W80: IberoKe - Bulking Clerk - Eric Ochieng | X80: 46032.397 | Y80: To be verified | AB80: Completed | AC80: No
A81: KCS8414 | B81: IBERO EXPORT WAREHOUSE | C81: REJECTS | D81: 16 | E81: 65 | F81: 17 | G81: 1025 | H81: 17.083333 | I81: B-08 | J81: 5 | M81: 46032.397 | N81: IberoKe - Warehouse Clerk - Mary Karanja | S81: 0 | W81: IberoKe - Warehouse Clerk - Mary Karanja | X81: 46032.397 | Y81: Physical count | AB81: Completed | AC81: No
... A85: KGR1948 | B85: IBERO EXPORT WAREHOUSE | C85: ABOVE | D85: 82 | E85: 12 | F85: 83 | G85: 4932 | H85: 82.2 | I85: C-07 | J85: 1 | M85: 46032.398 | N85: IberoKe - Processing Clerk - Robert Lumbasi | S85: 0 | W85: IberoKe - Processing Clerk - Robert Lumbasi | X85: 46032.398 | Y85: Checkt | AB85: Completed | AC85: No
A86: KGT2802 | B86: IBERO EXPORT WAREHOUSE | C86: BOLD | D86: 49 | E86: 12 | F86: 50 | G86: 2952 | H86: 49.2 | I86: E-09 | J86: 1 | M86: 46032.398 | N86: IberoKe ��� Warehouse Clerk - Consolata Muriuki | S86: 0 | W86: IberoKe ��� Warehouse Clerk - Consolata Muriuki | X86: 46032.398 | AB86: Completed | AC86: No
A87: 48SM1005 | B87: IBERO EXPORT WAREHOUSE | C87: C | D87: 14 | E87: 56 | F87: 15 | G87: 896 | H87: 14.933333 | I87: C-04 | J87: 5 | M87: 46032.398 | N87: TFMke - Finance - Ashumptah Waeni | S87: 0 | W87: TFMke - Finance - Ashumptah Waeni | X87: 46032.401 | Y87: To confirm | AB87: Completed | AC87: No
A88: KCS8405 | B88: IBERO EXPORT WAREHOUSE | C88: CLEAN 1 | D88: 182 | E88: 20 | F88: 183 | G88: 10940 | H88: 182.33333 | I88: D-06 | J88: 1 | M88: 46032.398 | N88: IberoKe - Bulking Clerk - Eric Ochieng | S88: 0 | W88: IberoKe - Bulking Clerk - Eric Ochieng | X88: 46032.399 | Y88: To be verified | AB88: Completed | AC88: No
A89: 43IM0090 | B89: IBERO EXPORT WAREHOUSE | C89: AB | D89: 78 | E89: 16 | F89: 79 | G89: 4696 | H89: 78.266667 | I89: A-11 | J89: 1 | M89: 46032.398 | N89: IberoKe - Warehouse Supervisor - Millicent Awuondo | S89: 0 | W89: IberoKe - Warehouse Supervisor - Millicent Awuondo | X89: 46032.433 | Y89: To verify | AB89: Completed | AC89: No
A90: KCS8327 | B90: IBERO EXPORT WAREHOUSE | C90: CLEAN 1 | D90: 226 | E90: 30 | F90: 227 | G90: 13590 | H90: 226.5 | I90: C-10 | J90: 1 | M90: 46032.399 | N90: TFMKe - Quality - Stanley Kiswii | S90: 0 | W90: TFMKe - Quality - Stanley Kiswii | X90: 46032.399 | Y90: To be verified | AB90: Completed | AC90: No
A91: 48GT0001 | B91: IBERO EXPORT WAREHOUSE | C91: C | D91: 22 | E91: 15 | F91: 23 | G91: 15 | H91: 0.25 | I91: C-04 | J91: 6 | M91: 46032.399 | N91: TFMke - Finance - Ashumptah Waeni | S91: 0 | W91: TFMke - Finance - Ashumptah Waeni | X91: 46032.399 | Y91: To confirm | AB91: Completed | AC91: No
A92: KCS8397 | B92: IBERO EXPORT WAREHOUSE | C92: CLEAN 1 | D92: 183 | E92: 57 | F92: 184 | G92: 11037 | H92: 183.95 | I92: D-09 | J92: 1 | M92: 46032.399 | N92: IberoKe ��� Warehouse Clerk - Consolata Muriuki | S92: 0 | W92: IberoKe ��� Warehouse Clerk - Consolata Muriuki | X92: 46032.399 | AB92: Completed | AC92: No
A93: KGR1943 | B93: IBERO EXPORT WAREHOUSE | C93: BELOW | D93: 98 | E93: 12 | F93: 99 | G93: 5892 | H93: 98.2 | I93: C-07 | J93: 1 | M93: 46032.399 | N93: IberoKe - Processing Clerk - Robert Lumbasi | S93: 0 | W93: IberoKe - Processing Clerk - Robert Lumbasi | X93: 46032.399 | Y93: Checkt | AB93: Completed | AC93: No
A94: KIB36423 | B94: IBERO EXPORT WAREHOUSE | C94: BULK | D94: 0 | E94: 0 | F94: 0 | G94: 0 | H94: 0 | I94: E-14 | J94: 1 | M94: 46032.399 | N94: TFMKe - Evance Otieno | S94: 0 | W94: TFMKe - Evance Otieno | X94: 46032.399 | Y94: To be verified | AB94: Completed | AC94: No
A95: 45KP0019 | B95: IBERO EXPORT WAREHOUSE | C95: C | D95: 40 | E95: 48 | F95: 41 | G95: 2448 | H95: 40.8 | I95: C-04 | J95: 7 | M95: 46032.399 | N95: TFMke - Finance - Ashumptah Waeni | S95: 0 | W95: TFMke - Finance - Ashumptah Waeni | X95: 46032.401 | Y95: To confirm | AB95: Completed | AC95: No
A96: KCS8373 | B96: IBERO EXPORT WAREHOUSE | C96: CLEAN 1 | D96: 107 | E96: 19 | F96: 108 | G96: 6439 | H96: 107.31667 | I96: D-09 | J96: 1 | M96: 46032.399 | N96: IberoKe ��� Warehouse Clerk - Consolata Muriuki | S96: 0 | W96: IberoKe ��� Warehouse Clerk - Consolata Muriuki | X96: 46032.399 | AB96: Completed | AC96: No
A97: KCS8418 | B97: IBERO EXPORT WAREHOUSE | C97: CLEAN 1 | D97: 86 | E97: 21 | F97: 87 | G97: 5181 | H97: 86.35 | I97: C-10 | J97: 1 | M97: 46032.399 | N97: TFMKe - Quality - Stanley Kiswii | S97: 0 | W97: TFMKe - Quality - Stanley Kiswii | X97: 46032.4 | Y97: To be verified | AB97: Completed | AC97: No
A98: KCS8403 | B98: IBERO EXPORT WAREHOUSE | C98: REJECTS | D98: 48 | E98: 27 | F98: 49 | G98: 2907 | H98: 48.45 | I98: D-09 | J98: 1 | M98: 46032.4 | N98: IberoKe ��� Warehouse Clerk - Consolata Muriuki | S98: 0 | W98: IberoKe ��� Warehouse Clerk - Consolata Muriuki | X98: 46032.4 | AB98: Completed | AC98: No
A99: KCS8417 | B99: IBERO EXPORT WAREHOUSE | C99: CLEAN 1 | D99: 62 | E99: 25 | F99: 63 | G99: 3745 | H99: 62.416667 | I99: C-10 | J99: 2 | M99: 46032.401 | N99: TFMKe - Quality - Stanley Kiswii | S99: 0 | W99: TFMKe - Quality - Stanley Kiswii | X99: 46032.401 | Y99: To be verified | AB99: Completed | AC99: No
A100: KIB35439 | B100: IBERO EXPORT WAREHOUSE | C100: BULK | D100: 47 | E100: 30 | F100: 48 | G100: 2850 | H100: 47.5 | I100: E-14 | J100: 1 | M100: 46032.401 | N100: TFMKe - Jackline Ruhohi | S100: 0 | W100: TFMKe - Jackline Ruhohi | X100: 46032.401 | Y100: To be reviewed | AB100: Completed | AC100: No
A101: KCS8249 | B101: IBERO EXPORT WAREHOUSE | C101: CLEAN 1 | D101: 60 | E101: 36 | F101: 61 | G101: 3636 | H101: 60.6 | I101: C-06 | J101: 1 | M101: 46032.401 | N101: IberoKe - Bulking Clerk - Eric Ochieng | S101: 0 | W101: IberoKe - Bulking Clerk - Eric Ochieng | X101: 46032.401 | Y101: To be verified | AB101: Completed | AC101: No
A102: KCS8266 | B102: IBERO EXPORT WAREHOUSE | C102: CLEAN 1 | D102: 126 | E102: 0 | F102: 126 | G102: 7560 | H102: 126 | I102: B-06 | J102: 1 | M102: 46032.401 | N102: IberoKe - Processing Clerk - Robert Lumbasi | S102: 0 | W102: IberoKe - Processing Clerk - Robert Lumbasi | X102: 46032.401 | Y102: Checkt | AB102: Completed | AC102: No
A103: KCS8369 | B103: IBERO EXPORT WAREHOUSE | C103: CLEAN 1 | D103: 42 | E103: 57 | F103: 43 | G103: 2577 | H103: 42.95 | I103: E-14 | J103: 1 | M103: 46032.401 | N103: TFMKe - Jackline Ruhohi | S103: 0 | W103: TFMKe - Jackline Ruhohi | X103: 46032.401 | Y103: To be reviewed | AB103: Completed | AC103: No
A104: KCS8398 | B104: IBERO EXPORT WAREHOUSE | C104: REJECTS | D104: 21 | E104: 52 | F104: 22 | G104: 1312 | H104: 21.866667 | I104: D-09 | J104: 2 | M104: 46032.401 | N104: IberoKe ��� Warehouse Clerk - Consolata Muriuki | S104: 0 | W104: IberoKe ��� Warehouse Clerk - Consolata Muriuki | X104: 46032.401 | AB104: Completed | AC104: No
A105: KCS8157 | B105: IBERO EXPORT WAREHOUSE | C105: CLEAN 1 | D105: 8 | E105: 39 | F105: 9 | G105: 519 | H105: 8.65 | I105: C-06 | J105: 2 | M105: 46032.401 | N105: IberoKe - Bulking Clerk - Eric Ochieng | S105: 0 | W105: IberoKe - Bulking Clerk - Eric Ochieng | X105: 46032.401 | Y105: To be verified | AB105: Completed | AC105: No
A106: KCS8379 | B106: IBERO EXPORT WAREHOUSE | C106: CLEAN 1 | D106: 90 | E106: 0 | F106: 90 | G106: 5400 | H106: 90 | I106: B-10 | J106: 1 | M106: 46032.402 | N106: TFMKe - Quality - Stanley Kiswii | S106: 0 | W106: TFMKe - Quality - Stanley Kiswii | X106: 46032.402 | Y106: To be verified | AB106: Completed | AC106: No
A107: KCS8397 | B107: IBERO EXPORT WAREHOUSE | C107: REJECTS | D107: 10 | E107: 27 | F107: 11 | G107: 627 | H107: 10.45 | I107: D-09 | J107: 3 | M107: 46032.402 | N107: IberoKe ��� Warehouse Clerk - Consolata Muriuki | S107: 0 | W107: IberoKe ��� Warehouse Clerk - Consolata Muriuki | X107: 46032.402 | AB107: Completed | AC107: No
A108: KCS8330 | B108: IBERO EXPORT WAREHOUSE | C108: CLEAN 1 | D108: 9 | E108: 54 | F108: 10 | G108: 594 | H108: 9.9 | I108: C-06 | J108: 3 | M108: 46032.402 | N108: IberoKe - Bulking Clerk - Eric Ochieng | S108: 0 | W108: IberoKe - Bulking Clerk - Eric Ochieng | X108: 46032.402 | Y108: To be verified | AB108: Completed | AC108: No
A109: KCS8267 | B109: IBERO EXPORT WAREHOUSE | C109: CLEAN 1 | D109: 96 | E109: 35 | F109: 97 | G109: 5795 | H109: 96.583333 | I109: B-07 | J109: 1 | M109: 46032.402 | N109: IberoKe - Processing Clerk - Robert Lumbasi | S109: 0 | W109: IberoKe - Processing Clerk - Robert Lumbasi | X109: 46032.403 | Y109: Checkt | AB109: Completed | AC109: No
A110: 32KF0016 | B110: IBERO EXPORT WAREHOUSE | C110: T | D110: 4 | E110: 58 | F110: 5 | G110: 298 | H110: 4.9666667 | I110: B-04 | J110: 1 | M110: 46032.402 | N110: TFMke - Finance - Ashumptah Waeni | S110: 0 | W110: TFMke - Finance - Ashumptah Waeni | X110: 46032.404 | Y110: To confirm | AB110: Completed | AC110: No
A111: KCS8054 | B111: IBERO EXPORT WAREHOUSE | C111: CLEAN 1 | D111: 574 | E111: 53 | F111: 575 | G111: 34493 | H111: 574.88333 | I111: B-05 C-05 | J111: 1 | M111: 46032.403 | N111: IberoKe - Bulking Clerk - Silas Onyango | S111: 0 | W111: IberoKe - Bulking Clerk - Silas Onyango | X111: 46032.403 | Y111: To verify | AB111: Completed | AC111: No
A112: KCS8248 | B112: IBERO EXPORT WAREHOUSE | C112: CLEAN 1 | D112: 73 | E112: 33 | F112: 74 | G112: 4413 | H112: 73.55 | I112: C-06 | J112: 1 | M112: 46032.403 | N112: IberoKe - Bulking Clerk - Eric Ochieng | S112: 0 | W112: IberoKe - Bulking Clerk - Eric Ochieng | X112: 46032.403 | Y112: To be verified | AB112: Completed | AC112: No
A113: 48KK0005 | B113: IBERO EXPORT WAREHOUSE | C113: C | D113: 5 | E113: 41 | F113: 6 | G113: 341 | H113: 5.6833333 | I113: B-04 | J113: 1 | M113: 46032.403 | N113: TFMke - Finance - Ashumptah Waeni | S113: 0 | W113: TFMke - Finance - Ashumptah Waeni | X113: 46032.403 | Y113: To confirm | AB113: Completed | AC113: No
A114: KGT2822 | B114: IBERO EXPORT WAREHOUSE | C114: BOLD | D114: 163 | E114: 42 | F114: 164 | G114: 9822 | H114: 163.7 | I114: B-10 | J114: 1 | M114: 46032.403 | N114: TFMKe - Quality - Stanley Kiswii | S114: 0 | W114: TFMKe - Quality - Stanley Kiswii | X114: 46032.403 | Y114: To be verified | AB114: Completed | AC114: No
A115: KCS8384 | B115: IBERO EXPORT WAREHOUSE | C115: CLEAN 1 | D115: 135 | E115: 47 | F115: 136 | G115: 8147 | H115: 135.78333 | I115: B-05 | J115: 1 | M115: 46032.403 | N115: IberoKe - Bulking Clerk - Silas Onyango | S115: 0 | W115: IberoKe - Bulking Clerk - Silas Onyango | X115: 46032.404 | Y115: To verify | AB115: Completed | AC115: No
A116: KCS8383 | B116: IBERO EXPORT WAREHOUSE | C116: CLEAN 1 | D116: 147 | E116: 27 | F116: 148 | G116: 8847 | H116: 147.45 | I116: B-07 | J116: 1 | M116: 46032.403 | N116: IberoKe - Processing Clerk - Robert Lumbasi | S116: 0 | W116: IberoKe - Processing Clerk - Robert Lumbasi | X116: 46032.404 | Y116: Checkt | AB116: Completed | AC116: No
...

Sheet SUB-PRODUCT
B1: FRANCHISE
A2: OUTTURN | B2: BAGS | C2: POCKET | D2: UNIT
A3: KDI6088 | B3: 2 | C3: 20 | D3: =B3*60+C3 -> 140
A4: KDI6117 | B4: 1 | C4: 10 | D4: =B4*60+C4 -> 70
A5: KDI6095 | B5: 2 | C5: 19 | D5: =B5*60+C5 -> 139
A6: KDI6073 | B6: 2 | C6: 20 | D6: =B6*60+C6 -> 140
A7: KDI6111 | B7: 4 | C7: 12 | D7: =B7*60+C7 -> 252
A8: KDI6105 | B8: 0 | C8: 64 | D8: =B8*60+C8 -> 64
A9: KDI6097 | B9: 0 | C9: 57 | D9: =B9*60+C9 -> 57
A10: KDI6058 | B10: 1 | C10: 39 | D10: =B10*60+C10 -> 99
A11: KDI6044 | B11: 1 | C11: 51 | D11: =B11*60+C11 -> 111
A12: KDI6067 | B12: 2 | C12: 9 | D12: =B12*60+C12 -> 129
A13: KDI6079 | B13: 0 | C13: 35 | D13: =B13*60+C13 -> 35
A14: KDI6070 | B14: 0 | C14: 39 | D14: =B14*60+C14 -> 39
... A66: KDI6170 | B66: 1 | C66: 14 | D66: =B66*60+C66 -> 74
D67: =SUM(D3:D66) -> 7188
D68: =D67/60 -> 119.8
A69: KIB35376 | B69: 30
A70: KIB35377 | B70: 20
A71: KIB35378 | B71: 9
A72: KIB35379 | B72: 21
B73: =SUM(B69:B72) -> 80
A75: Total | C75: =D68+B73 -> 199.8

Sheet XBS 
A1: Item Group Name | B1: Item Name | C1: Item Code | D1: Secondary Basket | E1: Item Phase | F1: Inventory Type | G1: Stock In | H1: Warehouse | I1: Zone | J1: Intake Date | K1: Batch No | L1: Outturn No | M1: Grower Marks | N1: Stock In Day(s) | O1: Bags | P1: Pockets | Q1: Units | R1: Packing Type | S1: Qty. | U1: UOM | V1: Blocked | W1: LB No. | X1: SO No. | Y1: PO No. | Z1: Supplier | AA1: Supplier Address | AB1: Certification | AC1: Outturn / Factor | AD1: Warrant No | AE1: Cup Score
A2: ARABICA | B2: AA | C2: AA | D2: 10030 (AA Plus) | E2: Finished Good | F2: 2025/2026 | G2: WAREHOUSE | H2: IBERO EXPORT WAREHOUSE | I2: C-12/13-6 | J2: 46279 | K2: 2025/2026-DS10322-1-GUAMA/XAD03F07 | L2: 09SM0019 | M2: GUAMA/XAD03F07 | N2: 17 | O2: 53 | P2: 53.4 | Q2: 54 | R2: 60 KG JUTE BAG | S2: 3233.4 | T2: =S2/60 -> 53.89 | U2: Kg | V2: Yes | W2: 2020/2021-002324#0063317 | Z2: BARAGWI F.C. SOC. LTD. | AA2: 9,XAD03, KIANYAGA, KIRINYAGA, KENYA | AB2: RAINFOREST ALLIANCE, CAFÉ PRACTICES | AD2: 70786 | AE2: C+--C+
A3: ARABICA | B3: AA | C3: AA | D3: 10030 (AA Plus) | E3: Finished Good | F3: 2025/2026 | G3: WAREHOUSE | H3: IBERO EXPORT WAREHOUSE | I3: E-01/02-9 | J3: 46279 | K3: 2025/2026-DS10362-7-KII | L3: 48KN0006 | M3: Kii | N3: 17 | O3: 18 | P3: 39.9 | Q3: 19 | R3: 60 KG JUTE BAG | S3: 1119.9 | T3: =S3/60 -> 18.665 | U3: Kg | V3: Yes | W3: 2020/2021-002324#0063321 | Z3: RUNG`ETO F.C.SOC LTD | AA3: 2445,XAD14, EMBU, KIRINYAGA, KENYA | AD3: WR-060780 | AE3: C+--C+
A4: ARABICA | B4: AA | C4: AA | D4: 10030 (AA Plus) | E4: Finished Good | F4: 2025/2026 | G4: WAREHOUSE | H4: IBERO EXPORT WAREHOUSE | I4: E-01-4 | J4: 46279 | K4: 2025/2026-DS10362-1-KARIMIKUI | L4: 48KN0001 | M4: KARIMIKUI | N4: 17 | O4: 12 | P4: 2.3 | Q4: 13 | R4: 60 KG JUTE BAG | S4: 722.3 | T4: =S4/60 -> 12.038333 | U4: Kg | V4: Yes | W4: 2020/2021-002324#0063319 | Z4: RUNG`ETO F.C.SOC LTD | AA4: 2445,XAD14, EMBU, KIRINYAGA, KENYA | AD4: WR-060778 | AE4: C+--C+
A5: ARABICA | B5: AA | C5: AA | D5: 10030 (AA Plus) | E5: Finished Good | F5: 2025/2026 | G5: WAREHOUSE | H5: IBERO EXPORT WAREHOUSE | I5: E-01-7 | J5: 46279 | K5: 2025/2026-DS10362-4-KIANGOI | L5: 48KN0005 | M5: Kiangoi | N5: 17 | O5: 13 | P5: 39.4 | Q5: 14 | R5: 60 KG JUTE BAG | S5: 819.4 | T5: =S5/60 -> 13.656667 | U5: Kg | V5: Yes | W5: 2020/2021-002324#0063320 | Z5: RUNG`ETO F.C.SOC LTD | AA5: 2445,XAD14, EMBU, KIRINYAGA, KENYA | AD5: WR-060779 | AE5: C+--C+
A6: ARABICA | B6: AA | C6: AA | D6: 10060 (AA FAQ) | E6: Finished Good | F6: 2025/2026 | G6: WAREHOUSE | H6: AGL | I6: TEMP-0-0 | J6: 46070 | K6: 2025/2026-18-3745-16FH0014/KAHETE/XAB34F04 | L6: 16FH0014 | M6: 16FH0014/KAHETE/XAB34F04 | N6: 226 | O6: 1 | P6: 0 | Q6: 1 | R6: 60 KG JUTE BAG | S6: 60 | T6: =S6/60 -> 1 | U6: Kg | V6: Yes | W6: 2020/2021-002029#0054839 | Z6: IBERO KENYA | AA6: Sukari Ind. Estate Northern Bypass Ruiru, NAIROBI, NAIROBI, KENYA | AD6: W260216WGF | AE6: C--C
A7: ARABICA | B7: AA | C7: AA | D7: 10060 (AA FAQ) | E7: Finished Good | F7: 2025/2026 | G7: WAREHOUSE | H7: AGL | I7: TEMP-0-0 | J7: 46287 | K7: 2025/2026-41-3391-49KK0006/MOINDICOFFEEFARM/EB.013 | L7: 49KK0006 | M7: 49KK0006/MOINDICOFFEEFARM/EB.0139 | N7: 9 | O7: 3 | P7: 26 | Q7: 4 | R7: 60 KG JUTE BAG | S7: 206 | T7: =S7/60 -> 3.4333333 | U7: Kg | V7: Yes | W7: 2020/2021-002334#0063602 | Z7: IBERO KENYA | AA7: Sukari Ind. Estate Northern Bypass Ruiru, NAIROBI, NAIROBI, KENYA | AD7: W260919CCJ | AE7: C/D--C/D
A8: ARABICA | B8: AA | C8: AA | D8: 10060 (AA FAQ) | E8: Finished Good | F8: 2025/2026 | G8: WAREHOUSE | H8: AGL | I8: TEMP-0-0 | J8: 46287 | K8: 2025/2026-41-3392-48KK2015/C/BULK | L8: 48KK2015 | M8: 48KK2015/C/BULK | N8: 9 | O8: 10 | P8: 28 | Q8: 11 | R8: 60 KG JUTE BAG | S8: 628 | T8: =S8/60 -> 10.466667 | U8: Kg | V8: Yes | W8: 2020/2021-002334#0063603 | Z8: IBERO KENYA | AA8: Sukari Ind. Estate Northern Bypass Ruiru, NAIROBI, NAIROBI, KENYA | AD8: W260921NUC | AE8: C/D--C/D
A9: ARABICA | B9: AA | C9: AA | D9: 10060 (AA FAQ) | E9: Finished Good | F9: 2025/2026 | G9: WAREHOUSE | H9: AGL | I9: TEMP-0-0 | J9: 46287 | K9: 2025/2026-41-3394-49KK0041/SERENGFCS/XCE37F01 | L9: 49KK0041 | M9: 49KK0041/SERENGFCS/XCE37F01 | N9: 9 | O9: 4 | P9: 29 | Q9: 5 | R9: 60 KG JUTE BAG | S9: 269 | T9: =S9/60 -> 4.4833333 | U9: Kg | V9: Yes | W9: 2020/2021-002334#0063604 | Z9: IBERO KENYA | AA9: Sukari Ind. Estate Northern Bypass Ruiru, NAIROBI, NAIROBI, KENYA | AD9: W260919JZX | AE9: C/D--C/D
A10: ARABICA | B10: AA | C10: AA | D10: 10060 (AA FAQ) | E10: Finished Good | F10: 2025/2026 | G10: WAREHOUSE | H10: AGL | I10: TEMP-0-0 | J10: 46287 | K10: 2025/2026-41-3395-48KK2003/C/BULK | L10: 48KK2003 | M10: 48KK2003/C/BULK | N10: 9 | O10: 6 | P10: 36 | Q10: 7 | R10: 60 KG JUTE BAG | S10: 396 | T10: =S10/60 -> 6.6 | U10: Kg | V10: Yes | W10: 2020/2021-002334#0063605 | Z10: IBERO KENYA | AA10: Sukari Ind. Estate Northern Bypass Ruiru, NAIROBI, NAIROBI, KENYA | AD10: W2609214AQ | AE10: C/D--C/D
A11: ARABICA | B11: AA | C11: AA | D11: 10060 (AA FAQ) | E11: Finished Good | F11: 2025/2026 | G11: WAREHOUSE | H11: AGL | I11: TEMP-0-0 | J11: 46287 | K11: 2025/2026-41-3408-49KK0020/SOIMOIFCS/XCE111F01 | L11: 49KK0020 | M11: 49KK0020/SOIMOIFCS/XCE111F01 | N11: 9 | O11: 25 | P11: 9 | Q11: 26 | R11: 60 KG JUTE BAG | S11: 1509 | T11: =S11/60 -> 25.15 | U11: Kg | V11: Yes | W11: 2020/2021-002334#0063606 | Z11: IBERO KENYA | AA11: Sukari Ind. Estate Northern Bypass Ruiru, NAIROBI, NAIROBI, KENYA | AD11: W260919D2F | AE11: C/D--C/D
A12: ARABICA | B12: AA | C12: AA | D12: 10060 (AA FAQ) | E12: Finished Good | F12: 2025/2026 | G12: WAREHOUSE | H12: AGL | I12: TEMP-0-0 | J12: 46287 | K12: 2025/2026-41-4321-MENUFCS/XDA13.F01 | L12: 49MG0040 | M12: MENUFCS/XDA13.F01 | N12: 9 | O12: 21 | P12: 24 | Q12: 22 | R12: 60 KG JUTE BAG | S12: 1284 | T12: =S12/60 -> 21.4 | U12: Kg | V12: Yes | W12: 2020/2021-002334#0063629 | Z12: IBERO KENYA | AA12: Sukari Ind. Estate Northern Bypass Ruiru, NAIROBI, NAIROBI, KENYA | AD12: W260919AAW | AE12: C/D--C/D
A13: ARABICA | B13: AA | C13: AA | D13: 10060 (AA FAQ) | E13: Finished Good | F13: 2025/2026 | G13: WAREHOUSE | H13: AGL | I13: TEMP-0-0 | J13: 46287 | K13: 2025/2026-41-6655-P/BULK | L13: 49KN1007 | M13: P/BULK | N13: 9 | O13: 6 | P13: 29 | Q13: 7 | R13: 60 KG JUTE BAG | S13: 389 | T13: =S13/60 -> 6.4833333 | U13: Kg | V13: Yes | W13: 2020/2021-002334#0063663 | Z13: IBERO KENYA | AA13: Sukari Ind. Estate Northern Bypass Ruiru, NAIROBI, NAIROBI, KENYA | AB13: RAINFOREST ALLIANCE, FAIRTRADE | AD13: W2609195BA | AE13: C/D--C/D
A14: ARABICA | B14: AA | C14: AA | D14: 10060 (AA FAQ) | E14: Finished Good | F14: 2025/2026 | G14: WAREHOUSE | H14: AGL | I14: TEMP-0-0 | J14: 46287 | K14: 2025/2026-41-7041-RIASAKAMIESTATE/EB0095 | L14: 50HM0010 | M14: RIASAKAMIESTATE/EB0095 | N14: 9 | O14: 10 | P14: 12 | Q14: 11 | R14: 60 KG JUTE BAG | S14: 612 | T14: =S14/60 -> 10.2 | U14: Kg | V14: Yes | W14: 2020/2021-002334#0063667 | Z14: IBERO KENYA | AA14: Sukari Ind. Estate Northern Bypass Ruiru, NAIROBI, NAIROBI, KENYA | AD14: W260915V3R | AE14: C/D--C/D
A15: ARABICA | B15: AA | C15: AA | D15: 10060 (AA FAQ) | E15: Finished Good | F15: 2025/2026 | G15: WAREHOUSE | H15: AGL | I15: TEMP-0-0 | J15: 46287 | K15: 2025/2026-41-7044-KIBIRIRGUTFCS/XCE110 | L15: 49LE0067 | M15: KIBIRIRGUTFCS/XCE110 | N15: 9 | O15: 16 | P15: 25 | Q15: 17 | R15: 60 KG JUTE BAG | S15: 985 | T15: =S15/60 -> 16.416667 | U15: Kg | V15: Yes | W15: 2020/2021-002334#0063668 | Z15: IBERO KENYA | AA15: Sukari Ind. Estate Northern Bypass Ruiru, NAIROBI, NAIROBI, KENYA | AD15: W260916WZ2 | AE15: C/D--C/D
A16: ARABICA | B16: AA | C16: AA | D16: 10060 (AA FAQ) | E16: Finished Good | F16: 2025/2026 | G16: WAREHOUSE | H16: AGL | I16: TEMP-0-0 | J16: 46287 | K16: 2025/2026-41-7352-MAKENGA/BF0269 | L16: 49ED0004 | M16: MAKENGA/BF0269 | N16: 9 | O16: 6 | P16: 15 | Q16: 7 | R16: 60 KG JUTE BAG | S16: 375 | T16: =S16/60 -> 6.25 | U16: Kg | V16: Yes | W16: 2020/2021-002334#0063678 | Z16: IBERO KENYA | AA16: Sukari Ind. Estate Northern Bypass Ruiru, NAIROBI, NAIROBI, KENYA | AD16: W260918F9F | AE16: C/D--C/D
A17: ARABICA | B17: AA | C17: AA | D17: 10060 (AA FAQ) | E17: Finished Good | F17: 2025/2026 | G17: WAREHOUSE | H17: IBERO EXPORT WAREHOUSE | I17: F-02-2 | J17: 46276 | K17: 2025/2026-DS10342-1-KIAMUTUIRA | L17: 43KN0076 | M17: KIAMUTUIRA | N17: 20 | O17: 12 | P17: 54.4 | Q17: 14 | R17: 60 KG JUTE BAG | S17: 774.4 | T17: =S17/60 -> 12.906667 | U17: Kg | V17: Yes | W17: 2020/2021-002324#0063318 | Z17: MUTIRA COOPERATIVE | AA17: P.O.BOX 54, KERUGOYA, KIRINYAGA, KENYA | AD17: WR-060225 | AE17: C+--C+
A18: ARABICA | B18: AA | C18: AA | D18: 10060 (AA FAQ) | E18: Finished Good | F18: 2025/2026 | G18: WAREHOUSE | H18: IBERO EXPORT WAREHOUSE | I18: F-02-3 | J18: 46279 | K18: 2025/2026-DS10364-1-BULK | L18: 48KN1005 | M18: BULK | N18: 17 | O18: 15 | P18: 14.6 | Q18: 16 | R18: 60 KG JUTE BAG | S18: 914.6 | T18: =S18/60 -> 15.243333 | U18: Kg | V18: Yes | W18: 2020/2021-002324#0063322 | Z18: RUNG`ETO F.C.SOC LTD | AA18: 2445,XAD14, EMBU, KIRINYAGA, KENYA | AD18: WR-060777 | AE18: C/D--C/D
A19: ARABICA | B19: AA | C19: AA | D19: 10060 (AA FAQ) | E19: Finished Good | F19: 2025/2026 | G19: WAREHOUSE | H19: NEW KPCU | I19: TEMP-0-0 | J19: 46287 | K19: 2025/2026-41-5708-49KP0201/ADEQUATEVENTURESLTD/46E | L19: 49KP0201 | M19: 49KP0201/ADEQUATEVENTURESLTD/46EF004 | N19: 9 | O19: 26 | P19: 37 | Q19: 27 | R19: 60 KG JUTE BAG | S19: 1597 | T19: =S19/60 -> 26.616667 | U19: Kg | V19: Yes | W19: 2020/2021-002335#0063702 | Z19: IBERO KENYA | AA19: Sukari Ind. Estate Northern Bypass Ruiru, NAIROBI, NAIROBI, KENYA | AD19: W260921GSY | AE19: C/D--C/D
A20: ARABICA | B20: AA | C20: AA | D20: 10090 (AA Minus) | E20: Finished Good | F20: 2024/2025 | G20: WAREHOUSE | H20: AGL | I20: TEMP-0-0 | J20: 45671 | K20: 2024/2025-14-7045-C/BULK | L20: 13MB2002 | M20: C/BULK | N20: 625 | O20: 0 | P20: 57 | Q20: 1 | R20: 60 KG JUTE BAG | S20: 57 | T20: =S20/60 -> 0.95 | U20: Kg | V20: Yes | W20: 2020/2021-001567#0041554 | Z20: IBERO KENYA | AA20: Sukari Ind. Estate Northern Bypass Ruiru, NAIROBI, NAIROBI, KENYA | AD20: W250113SHA | AE20: D---D-
A21: ARABICA | B21: AA | C21: AA | D21: 10090 (AA Minus) | E21: Finished Good | F21: 2025/2026 | G21: WAREHOUSE | H21: AGL | I21: TEMP-0-0 | J21: 46294 | K21: 2026/2027-DS10423-4-MARACOFFEE | L21: 49MM0018 | M21: MARACOFFEE | N21: 2 | O21: 55 | P21: 0 | Q21: 55 | R21: 60 KG JUTE BAG | S21: 3300 | T21: =S21/60 -> 55 | U21: Kg | V21: No | Z21: MARA COFFEE EXPORTERS | AA21: P. O BOX, TRANSMARA, N/A, N/A, KENYA | AD21: CC-90592(AA) | AE21: D--D
A22: ARABICA | B22: AA | C22: AA | D22: 10090 (AA Minus) | E22: Finished Good | F22: 2025/2026 | G22: WAREHOUSE | H22: IBERO EXPORT WAREHOUSE | I22: C-02/03-1 | J22: 46252 | K22: 2025/2026-34-4911-MISADHIFCS/XEB03F01 | L22: 40GS3005 | M22: MISADHIFCS/XEB03F01 | N22: 44 | O22: 14 | P22: 47.5 | Q22: 15 | R22: 60 KG JUTE BAG | S22: 887.5 | T22: =S22/60 -> 14.791667 | U22: Kg | V22: No | Z22: IBERO KENYA | AA22: Sukari Ind. Estate Northern Bypass Ruiru, NAIROBI, NAIROBI, KENYA | AD22: W2608035WX | AE22: D---D-
A23: ARABICA | B23: AB | C23: AB | D23: 10020 (AB/PB Top) | E23: Finished Good | F23: 2025/2026 | G23: WAREHOUSE | H23: AGL | I23: TEMP-0-0 | J23: 46049 | K23: 2025/2026-15-6064-KARIMIKUI/XAD14F02 | L23: 13IM0037 | M23: KARIMIKUI/XAD14F02 | N23: 247 | O23: 0 | P23: 7 | Q23: 1 | R23: 60 KG JUTE BAG | S23: 7 | T23: =S23/60 -> 0.11666667 | U23: Kg | V23: Yes | W23: 2020/2021-001991#0053537 | Z23: IBERO KENYA | AA23: Sukari Ind. Estate Northern Bypass Ruiru, NAIROBI, NAIROBI, KENYA | AB23: FAIRTRADE, CAFÉ PRACTICES, EUDR Aligned | AD23: 15_6064_W260123VRF | AE23: C--C
A24: ARABICA | B24: AB | C24: AB | D24: 10040 (AB/PB Plus) | E24: Finished Good | F24: 2025/2026 | G24: WAREHOUSE | H24: IBERO EXPORT WAREHOUSE | I24: A-11-1 | J24: 46255 | K24: 2025/2026-35-6039-GACHUIRO/XAC62F03 | L24: 43IM0090 | M24: GACHUIRO/XAC62F03 | N24: 41 | O24: 79 | P24: 30 | Q24: 80 | R24: 60 KG JUTE BAG | S24: 4770 | T24: =S24/60 -> 79.5 | U24: Kg | V24: No | Z24: IBERO KENYA | AA24: Sukari Ind. Estate Northern Bypass Ruiru, NAIROBI, NAIROBI, KENYA | AB24: RAINFOREST ALLIANCE | AD24: W260806ZL3 | AE24: C--C
A25: ARABICA | B25: AB | C25: AB | D25: 10040 (AB/PB Plus) | E25: Finished Good | F25: 2025/2026 | G25: WAREHOUSE | H25: IBERO EXPORT WAREHOUSE | I25: A-14-5 | J25: 46279 | K25: 2025/2026-DS10362-5-KIANGOI | L25: 48KN0005 | M25: Kiangoi | N25: 17 | O25: 40 | P25: 8.1 | Q25: 41 | R25: 60 KG JUTE BAG | S25: 2408.1 | T25: =S25/60 -> 40.135 | U25: Kg | V25: No | Z25: RUNG`ETO F.C.SOC LTD | AA25: 2445,XAD14, EMBU, KIRINYAGA, KENYA | AD25: WR-060785 | AE25: C+--C+
A26: ARABICA | B26: AB | C26: AB | D26: 10040 (AB/PB Plus) | E26: Finished Good | F26: 2025/2026 | G26: WAREHOUSE | H26: IBERO EXPORT WAREHOUSE | I26: C-02/03-3 | J26: 46275 | K26: 2025/2026-37-5713-KASINGAFCSOCLTD/XBE27F01 | L26: 44KP0158 | M26: KASINGAFCSOCLTD/XBE27F01 | N26: 21 | O26: 17 | P26: 30.8 | Q26: 18 | R26: 60 KG JUTE BAG | S26: 1050.8 | T26: =S26/60 -> 17.513333 | U26: Kg | V26: No | Z26: IBERO KENYA | AA26: Sukari Ind. Estate Northern Bypass Ruiru, NAIROBI, NAIROBI, KENYA | AD26: W260821388 | AE26: C--C
A27: ARABICA | B27: AB | C27: AB | D27: 10070 (AB/PB FAQ) | E27: Finished Good | F27: 2025/2026 | G27: WAREHOUSE | H27: AGL | I27: TEMP-0-0 | J27: 46042 | K27: 2025/2026-14-3513-12LE0001/TUIYOBEEKFCS/XCE127F01 | L27: 12LE0001 | M27: 12LE0001/TUIYOBEEKFCS/XCE127F01 | N27: 254 | O27: 2 | P27: 11 | Q27: 2 | R27: 60 KG JUTE BAG | S27: 131 | T27: =S27/60 -> 2.1833333 | U27: Kg | V27: Yes | W27: 2020/2021-001980#0053089 | Z27: IBERO KENYA | AA27: Sukari Ind. Estate Northern Bypass Ruiru, NAIROBI, NAIROBI, KENYA | AD27: W260119YTZ | AE27: C/D--C/D
A28: ARABICA | B28: AB | C28: AB | D28: 10070 (AB/PB FAQ) | E28: Finished Good | F28: 2025/2026 | G28: WAREHOUSE | H28: AGL | I28: TEMP-0-0 | J28: 46058 | K28: 2025/2026-16-4917-MOROMBAFCS/XEA09F01 | L28: 08GS0099 | M28: MOROMBAFCS/XEA09F01 | N28: 238 | O28: 1 | P28: 13 | Q28: 1 | R28: 60 KG JUTE BAG | S28: 73 | T28: =S28/60 -> 1.2166667 | U28: Kg | V28: Yes | W28: 2020/2021-002003#0053950 | Z28: IBERO KENYA | AA28: Sukari Ind. Estate Northern Bypass Ruiru, NAIROBI, NAIROBI, KENYA | AD28: W260202WF9 | AE28: C/D--C/D
A29: ARABICA | B29: AB | C29: AB | D29: 10070 (AB/PB FAQ) | E29: Finished Good | F29: 2025/2026 | G29: WAREHOUSE | H29: AGL | I29: TEMP-0-0 | J29: 46077 | K29: 2025/2026-19-4913-NYAGUTAFCS/XEA15F01 | L29: 15GS0058 | M29: NYAGUTAFCS/XEA15F01 | N29: 219 | O29: 0 | P29: 11 | Q29: 1 | R29: 60 KG JUTE BAG | S29: 11 | T29: =S29/60 -> 0.18333333 | U29: Kg | V29: Yes | W29: 2020/2021-002078#0056075 | Z29: IBERO KENYA | AA29: Sukari Ind. Estate Northern Bypass Ruiru, NAIROBI, NAIROBI, KENYA | AD29: W260223ZRX | AE29: C/D--C/D
A30: ARABICA | B30: AB | C30: AB | D30: 10070 (AB/PB FAQ) | E30: Finished Good | F30: 2025/2026 | G30: WAREHOUSE | H30: AGL | I30: TEMP-0-0 | J30: 46091 | K30: 2025/2026-21-6091-P/BULK | L30: 19IM1026 | M30: P/BULK | N30: 205 | O30: 0 | P30: 2 | Q30: 0 | R30: 60 KG JUTE BAG | S30: 2 | T30: =S30/60 -> 0.033333333 | U30: Kg | V30: Yes | W30: 2020/2021-002109#0057549 | Z30: IBERO KENYA | AA30: Sukari Ind. Estate Northern Bypass Ruiru, NAIROBI, NAIROBI, KENYA | AB30: RAINFOREST ALLIANCE | AD30: W260309HWW | AE30: C/D--C/D
A31: ARABICA | B31: AB | C31: AB | D31: 10070 (AB/PB FAQ) | E31: Finished Good | F31: 2025/2026 | G31: WAREHOUSE | H31: AGL | I31: TEMP-0-0 | J31: 46091 | K31: 2025/2026-21-6102-KABNGETUNY/XCE05F01 | L31: 18IM0091 | M31: KABNGETUNY/XCE05F01 | N31: 205 | O31: 0 | P31: 14 | Q31: 1 | R31: 60 KG JUTE BAG | S31: 14 | T31: =S31/60 -> 0.23333333 | U31: Kg | V31: Yes | W31: 2020/2021-002109#0057557 | Z31: IBERO KENYA | AA31: Sukari Ind. Estate Northern Bypass Ruiru, NAIROBI, NAIROBI, KENYA | AB31: RAINFOREST ALLIANCE | AD31: W260309MZM | AE31: C--C
A32: ARABICA | B32: AB | C32: AB | D32: 10070 (AB/PB FAQ) | E32: Finished Good | F32: 2025/2026 | G32: WAREHOUSE | H32: AGL | I32: TEMP-0-0 | J32: 46105 | K32: 2025/2026-23-5988-LENGONFCS/ZA.0020 | L32: 21HM0003 | M32: LENGONFCS/ZA.0020 | N32: 191 | O32: 0 | P32: 3 | Q32: 1 | R32: 60 KG JUTE BAG | S32: 3 | T32: =S32/60 -> 0.05 | U32: Kg | V32: Yes | W32: 2020/2021-002167#0059416 | Z32: IBERO KENYA | AA32: Sukari Ind. Estate Northern Bypass Ruiru, NAIROBI, NAIROBI, KENYA | AD32: W260323GVL | AE32: C/D--C/D
A33: ARABICA | B33: AB | C33: AB | D33: 10070 (AB/PB FAQ) | E33: Finished Good | F33: 2025/2026 | G33: WAREHOUSE | H33: AGL | I33: TEMP-0-0 | J33: 46287 | K33: 2025/2026-41-3338-49KK0006/MOINDICOFFEEFARM/EB.013 | L33: 49KK0006 | M33: 49KK0006/MOINDICOFFEEFARM/EB.0139 | N33: 9 | O33: 8 | P33: 53 | Q33: 9 | R33: 60 KG JUTE BAG | S33: 533 | T33: =S33/60 -> 8.8833333 | U33: Kg | V33: Yes | W33: 2020/2021-002334#0063577 | Z33: IBERO KENYA | AA33: Sukari Ind. Estate Northern Bypass Ruiru, NAIROBI, NAIROBI, KENYA | AD33: W26092142T | AE33: C/D--C/D
A34: ARABICA | B34: AB | C34: AB | D34: 10070 (AB/PB FAQ) | E34: Finished Good | F34: 2025/2026 | G34: WAREHOUSE | H34: AGL | I34: TEMP-0-0 | J34: 46287 | K34: 2025/2026-41-3339-49KK0044/NGIGEPN/CI.0059 | L34: 49KK0044 | M34: 49KK0044/NGIGEPN/CI.0059 | N34: 9 | O34: 3 | P34: 4 | Q34: 3 | R34: 60 KG JUTE BAG | S34: 184 | T34: =S34/60 -> 3.0666667 | U34: Kg | V34: Yes | W34: 2020/2021-002334#0063578 | Z34: IBERO KENYA | AA34: Sukari Ind. Estate Northern Bypass Ruiru, NAIROBI, NAIROBI, KENYA | AD34: W260921VG6 | AE34: C/D--C/D
A35: ARABICA | B35: AB | C35: AB | D35: 10070 (AB/PB FAQ) | E35: Finished Good | F35: 2025/2026 | G35: WAREHOUSE | H35: AGL | I35: TEMP-0-0 | J35: 46287 | K35: 2025/2026-41-3342-49KK0097/BWOGOESTATE/29CF00140 | L35: 49KK0097 | M35: 49KK0097/BWOGOESTATE/29CF00140 | N35: 9 | O35: 36 | P35: 22 | Q35: 37 | R35: 60 KG JUTE BAG | S35: 2182 | T35: =S35/60 -> 36.366667 | U35: Kg | V35: Yes | W35: 2020/2021-002334#0063579 | Z35: IBERO KENYA | AA35: Sukari Ind. Estate Northern Bypass Ruiru, NAIROBI, NAIROBI, KENYA | AD35: W260919REJ | AE35: C/D--C/D
A36: ARABICA | B36: AB | C36: AB | D36: 10070 (AB/PB FAQ) | E36: Finished Good | F36: 2025/2026 | G36: WAREHOUSE | H36: AGL | I36: TEMP-0-0 | J36: 46287 | K36: 2025/2026-41-3344-49KK0105/MICROSESTATE/35CE130 | L36: 49KK0105 | M36: 49KK0105/MICROSESTATE/35CE130 | N36: 9 | O36: 3 | P36: 21 | Q36: 4 | R36: 60 KG JUTE BAG | S36: 201 | T36: =S36/60 -> 3.35 | U36: Kg | V36: Yes | W36: 2020/2021-002334#0063580 | Z36: IBERO KENYA | AA36: Sukari Ind. Estate Northern Bypass Ruiru, NAIROBI, NAIROBI, KENYA | AD36: W260919FFT | AE36: C/D--C/D
A37: ARABICA | B37: AB | C37: AB | D37: 10070 (AB/PB FAQ) | E37: Finished Good | F37: 2025/2026 | G37: WAREHOUSE | H37: AGL | I37: TEMP-0-0 | J37: 46287 | K37: 2025/2026-41-3346-49KK0035/ALFREDKIPKEMOI/29ZAO022 | L37: 49KK0035 | M37: 49KK0035/ALFREDKIPKEMOI/29ZAO022 | N37: 9 | O37: 12 | P37: 26 | Q37: 13 | R37: 60 KG JUTE BAG | S37: 746 | T37: =S37/60 -> 12.433333 | U37: Kg | V37: Yes | W37: 2020/2021-002334#0063581 | Z37: IBERO KENYA | AA37: Sukari Ind. Estate Northern Bypass Ruiru, NAIROBI, NAIROBI, KENYA | AD37: W260919J3E | AE37: C/D--C/D
A38: ARABICA | B38: AB | C38: AB | D38: 10070 (AB/PB FAQ) | E38: Finished Good | F38: 2025/2026 | G38: WAREHOUSE | H38: AGL | I38: TEMP-0-0 | J38: 46287 | K38: 2025/2026-41-3347-49KK2005/C/BULK | L38: 49KK2005 | M38: 49KK2005/C/BULK | N38: 9 | O38: 10 | P38: 11 | Q38: 11 | R38: 60 KG JUTE BAG | S38: 611 | T38: =S38/60 -> 10.183333 | U38: Kg | V38: Yes | W38: 2020/2021-002334#0063582 | Z38: IBERO KENYA | AA38: Sukari Ind. Estate Northern Bypass Ruiru, NAIROBI, NAIROBI, KENYA | AD38: W260921NMB | AE38: C/D--C/D
A39: ARABICA | B39: AB | C39: AB | D39: 10070 (AB/PB FAQ) | E39: Finished Good | F39: 2025/2026 | G39: WAREHOUSE | H39: AGL | I39: TEMP-0-0 | J39: 46287 | K39: 2025/2026-41-3348-49KK0041/SERENGFCS/XCE37F01 | L39: 49KK0041 | M39: 49KK0041/SERENGFCS/XCE37F01 | N39: 9 | O39: 7 | P39: 31 | Q39: 8 | R39: 60 KG JUTE BAG | S39: 451 | T39: =S39/60 -> 7.5166667 | U39: Kg | V39: Yes | W39: 2020/2021-002334#0063583 | Z39: IBERO KENYA | AA39: Sukari Ind. Estate Northern Bypass Ruiru, NAIROBI, NAIROBI, KENYA | AD39: W260919SB8 | AE39: C/D--C/D
A40: ARABICA | B40: AB | C40: AB | D40: 10070 (AB/PB FAQ) | E40: Finished Good | F40: 2025/2026 | G40: WAREHOUSE | H40: AGL | I40: TEMP-0-0 | J40: 46287 | K40: 2025/2026-41-3351-47KK0061/SOIMOIFCS/XCE111F01 | L40: 47KK0061 | M40: 47KK0061/SOIMOIFCS/XCE111F01 | N40: 9 | O40: 22 | P40: 51 | Q40: 23 | R40: 60 KG JUTE BAG | S40: 1371 | T40: =S40/60 -> 22.85 | U40: Kg | V40: Yes | W40: 2020/2021-002334#0063584 | Z40: IBERO KENYA | AA40: Sukari Ind. Estate Northern Bypass Ruiru, NAIROBI, NAIROBI, KENYA | AD40: W260919BFF | AE40: C/D--C/D
A41: ARABICA | B41: AB | C41: AB | D41: 10070 (AB/PB FAQ) | E41: Finished Good | F41: 2025/2026 | G41: WAREHOUSE | H41: AGL | I41: TEMP-0-0 | J41: 46287 | K41: 2025/2026-41-3352-49KK0081/CHOMISIANFCS/XCE142F01 | L41: 49KK0081 | M41: 49KK0081/CHOMISIANFCS/XCE142F01 | N41: 9 | O41: 30 | P41: 49 | Q41: 31 | R41: 60 KG JUTE BAG | S41: 1849 | T41: =S41/60 -> 30.816667 | U41: Kg | V41: Yes | W41: 2020/2021-002334#0063585 | Z41: IBERO KENYA | AA41: Sukari Ind. Estate Northern Bypass Ruiru, NAIROBI, NAIROBI, KENYA | AD41: W260919DC7 | AE41: C/D--C/D
A42: ARABICA | B42: AB | C42: AB | D42: 10070 (AB/PB FAQ) | E42: Finished Good | F42: 2025/2026 | G42: WAREHOUSE | H42: AGL | I42: TEMP-0-0 | J42: 46287 | K42: 2025/2026-41-3353-49KK0061/KAPIASFCS/XCE84F01 | L42: 49KK0061 | M42: 49KK0061/KAPIASFCS/XCE84F01 | N42: 9 | O42: 29 | P42: 1 | Q42: 29 | R42: 60 KG JUTE BAG | S42: 1741 | T42: =S42/60 -> 29.016667 | U42: Kg | V42: Yes | W42: 2020/2021-002334#0063586 | Z42: IBERO KENYA | AA42: Sukari Ind. Estate Northern Bypass Ruiru, NAIROBI, NAIROBI, KENYA | AD42: W260919TDM | AE42: C/D--C/D
A43: ARABICA | B43: AB | C43: AB | D43: 10070 (AB/PB FAQ) | E43: Finished Good | F43: 2025/2026 | G43: WAREHOUSE | H43: AGL | I43: TEMP-0-0 | J43: 46287 | K43: 2025/2026-41-3354-49KK0066/ITBOESTATE/EB.0071 | L43: 49KK0066 | M43: 49KK0066/ITBOESTATE/EB.0071 | N43: 9 | O43: 22 | P43: 20 | Q43: 23 | R43: 60 KG JUTE BAG | S43: 1340 | T43: =S43/60 -> 22.333333 | U43: Kg | V43: Yes | W43: 2020/2021-002334#0063587 | Z43: IBERO KENYA | AA43: Sukari Ind. Estate Northern Bypass Ruiru, NAIROBI, NAIROBI, KENYA | AD43: W260919NV6 | AE43: C/D--C/D
... A54: ARABICA | B54: AB | C54: AB | D54: 10070 (AB/PB FAQ) | E54: Finished Good | F54: 2025/2026 | G54: WAREHOUSE | H54: AGL | I54: TEMP-0-0 | J54: 46287 | K54: 2025/2026-41-5974-BARIKONGO/XAA03F03 | L54: 48KM0022 | M54: BARIKONGO/XAA03F03 | N54: 9 | O54: 4 | P54: 30 | Q54: 5 | R54: 60 KG JUTE BAG | S54: 270 | T54: =S54/60 -> 4.5 | U54: Kg | V54: Yes | W54: 2020/2021-002334#0063643 | Z54: IBERO KENYA | AA54: Sukari Ind. Estate Northern Bypass Ruiru, NAIROBI, NAIROBI, KENYA | AD54: W26092165W | AE54: C--C
A55: ARABICA | B55: AB | C55: AB | D55: 10070 (AB/PB FAQ) | E55: Finished Good | F55: 2025/2026 | G55: WAREHOUSE | H55: AGL | I55: TEMP-0-0 | J55: 46287 | K55: 2025/2026-41-6631-P/BULK | L55: 49KN1008 | M55: P/BULK | N55: 9 | O55: 17 | P55: 54 | Q55: 18 | R55: 60 KG JUTE BAG | S55: 1074 | T55: =S55/60 -> 17.9 | U55: Kg | V55: Yes | W55: 2020/2021-002334#0063657 | Z55: IBERO KENYA | AA55: Sukari Ind. Estate Northern Bypass Ruiru, NAIROBI, NAIROBI, KENYA | AB55: FAIRTRADE, CAFÉ PRACTICES | AD55: W2609198VN | AE55: C/D--C/D
A56: ARABICA | B56: AB | C56: AB | D56: 10070 (AB/PB FAQ) | E56: Finished Good | F56: 2025/2026 | G56: WAREHOUSE | H56: AGL | I56: TEMP-0-0 | J56: 46287 | K56: 2025/2026-41-6638-P/BULK | L56: 49KN1005 | M56: P/BULK | N56: 9 | O56: 21 | P56: 41 | Q56: 22 | R56: 60 KG JUTE BAG | S56: 1301 | T56: =S56/60 -> 21.683333 | U56: Kg | V56: Yes | W56: 2020/2021-002334#0063658 | Z56: IBERO KENYA | AA56: Sukari Ind. Estate Northern Bypass Ruiru, NAIROBI, NAIROBI, KENYA | AB56: RAINFOREST ALLIANCE, FAIRTRADE, CAFÉ PRACTICES | AD56: W2609199EF | AE56: C--C
A57: ARABICA | B57: AB | C57: AB | D57: 10070 (AB/PB FAQ) | E57: Finished Good | F57: 2025/2026 | G57: WAREHOUSE | H57: AGL | I57: TEMP-0-0 | J57: 46287 | K57: 2025/2026-41-7324-BECILLA/35CE069 | L57: 49HM0014 | M57: BECILLA/35CE069 | N57: 9 | O57: 3 | P57: 24 | Q57: 4 | R57: 60 KG JUTE BAG | S57: 204 | T57: =S57/60 -> 3.4 | U57: Kg | V57: Yes | W57: 2020/2021-002334#0063673 | Z57: IBERO KENYA | AA57: Sukari Ind. Estate Northern Bypass Ruiru, NAIROBI, NAIROBI, KENYA | AD57: W260918798 | AE57: C/D--C/D
A58: ARABICA | B58: AB | C58: AB | D58: 10070 (AB/PB FAQ) | E58: Finished Good | F58: 2025/2026 | G58: WAREHOUSE | H58: AGL | I58: TEMP-0-0 | J58: 46287 | K58: 2025/2026-41-7329-KARIUAFCS-IRERA/XAB92F01 | L58: 45FH0005 | M58: KARIUAFCS-IRERA/XAB92F01 | N58: 9 | O58: 9 | P58: 1 | Q58: 9 | R58: 60 KG JUTE BAG | S58: 541 | T58: =S58/60 -> 9.0166667 | U58: Kg | V58: Yes | W58: 2020/2021-002334#0063674 | Z58: IBERO KENYA | AA58: Sukari Ind. Estate Northern Bypass Ruiru, NAIROBI, NAIROBI, KENYA | AB58: RAINFOREST ALLIANCE | AD58: W260921VM2 | AE58: C/D--C/D
A59: ARABICA | B59: AB | C59: AB | D59: 10070 (AB/PB FAQ) | E59: Finished Good | F59: 2025/2026 | G59: WAREHOUSE | H59: AGL | I59: TEMP-0-0 | J59: 46287 | K59: 2025/2026-41-7331-MENUFCS/XDA13F01 | L59: 49KF0046 | M59: MENUFCS/XDA13F01 | N59: 9 | O59: 74 | P59: 20 | Q59: 75 | R59: 60 KG JUTE BAG | S59: 4460 | T59: =S59/60 -> 74.333333 | U59: Kg | V59: Yes | W59: 2020/2021-002334#0063675 | Z59: IBERO KENYA | AA59: Sukari Ind. Estate Northern Bypass Ruiru, NAIROBI, NAIROBI, KENYA | AB59: RAINFOREST ALLIANCE | AD59: W2609179CB | AE59: C/D--C/D
A60: ARABICA | B60: AB | C60: AB | D60: 10070 (AB/PB FAQ) | E60: Finished Good | F60: 2025/2026 | G60: WAREHOUSE | H60: AGL | I60: TEMP-0-0 | J60: 46287 | K60: 2025/2026-41-7332-WOODVALE/BF0257 | L60: 49LE0051 | M60: WOODVALE/BF0257 | N60: 9 | O60: 9 | P60: 53 | Q60: 10 | R60: 60 KG JUTE BAG | S60: 593 | T60: =S60/60 -> 9.8833333 | U60: Kg | V60: Yes | W60: 2020/2021-002334#0063676 | Z60: IBERO KENYA | AA60: Sukari Ind. Estate Northern Bypass Ruiru, NAIROBI, NAIROBI, KENYA | AD60: W260917MAG | AE60: C/D--C/D
A61: ARABICA | B61: AB | C61: AB | D61: 10070 (AB/PB FAQ) | E61: Finished Good | F61: 2025/2026 | G61: WAREHOUSE | H61: IBERO EXPORT WAREHOUSE | I61: B-02/03-2 | J61: 46294 | K61: 2025/2026-40-8309-48KK0063/KONDARMAKETFCS/XCE150F0 | L61: 48KK0063 | M61: 48KK0063/KONDARMAKETFCS/XCE150F01 | N61: 2 | O61: 59 | P61: 51.9 | Q61: 69 | R61: 60 KG JUTE BAG | S61: 3591.9 | T61: =S61/60 -> 59.865 | U61: Kg | V61: No | Z61: IBERO KENYA | AA61: Sukari Ind. Estate Northern Bypass Ruiru, NAIROBI, NAIROBI, KENYA | AD61: W260914G4J | AE61: C/D--C/D
A62: ARABICA | B62: AB | C62: AB | D62: 10070 (AB/PB FAQ) | E62: Finished Good | F62: 2025/2026 | G62: WAREHOUSE | H62: IBERO EXPORT WAREHOUSE | I62: B-02/03-3 | J62: 46294 | K62: 2025/2026-40-8312-48KK0008/CHEBARUSFCS/XCE88F01 | L62: 48KK0008 | M62: 48KK0008/CHEBARUSFCS/XCE88F01 | N62: 2 | O62: 76 | P62: 48.6 | Q62: 76 | R62: 60 KG JUTE BAG | S62: 4608.6 | T62: =S62/60 -> 76.81 | U62: Kg | V62: No | Z62: IBERO KENYA | AA62: Sukari Ind. Estate Northern Bypass Ruiru, NAIROBI, NAIROBI, KENYA | AD62: W260914Y9B | AE62: C/D--C/D
A63: ARABICA | B63: AB | C63: AB | D63: 10070 (AB/PB FAQ) | E63: Finished Good | F63: 2025/2026 | G63: WAREHOUSE | H63: IBERO EXPORT WAREHOUSE | I63: B-02/03-4 | J63: 46294 | K63: 2025/2026-40-4902-K/SIEKA/XEA16F02 | L63: 49GS0021 | M63: K/SIEKA/XEA16F02 | N63: 2 | O63: 23 | P63: 7.4 | Q63: 24 | R63: 60 KG JUTE BAG | S63: 1387.4 | T63: =S63/60 -> 23.123333 | U63: Kg | V63: No | Z63: IBERO KENYA | AA63: Sukari Ind. Estate Northern Bypass Ruiru, NAIROBI, NAIROBI, KENYA | AD63: W260910LHT | AE63: C/D--C/D
A64: ARABICA | B64: AB | C64: AB | D64: 10070 (AB/PB FAQ) | E64: Finished Good | F64: 2025/2026 | G64: WAREHOUSE | H64: IBERO EXPORT WAREHOUSE | I64: B-02/03-5 | J64: 46294 | K64: 2025/2026-40-4904-MOGONGAFCS/XEA02F01 | L64: 48GS0044 | M64: MOGONGAFCS/XEA02F01 | N64: 2 | O64: 36 | P64: 15.7 | Q64: 37 | R64: 60 KG JUTE BAG | S64: 2175.7 | T64: =S64/60 -> 36.261667 | U64: Kg | V64: No | Z64: IBERO KENYA | AA64: Sukari Ind. Estate Northern Bypass Ruiru, NAIROBI, NAIROBI, KENYA | AD64: W260910KLW | AE64: C/D--C/D
A65: ARABICA | B65: AB | C65: AB | D65: 10070 (AB/PB FAQ) | E65: Finished Good | F65: 2025/2026 | G65: WAREHOUSE | H65: IBERO EXPORT WAREHOUSE | I65: C-11-2 | J65: 46293 | K65: 2025/2026-40-4905-M/EGETONTO/XEA26F05 | L65: 49GS0028 | M65: M/EGETONTO/XEA26F05 | N65: 3 | O65: 15 | P65: 28.6 | Q65: 16 | R65: 60 KG JUTE BAG | S65: 928.6 | T65: =S65/60 -> 15.476667 | U65: Kg | V65: No | Z65: IBERO KENYA | AA65: Sukari Ind. Estate Northern Bypass Ruiru, NAIROBI, NAIROBI, KENYA | AD65: W260910HAB | AE65: C/D--C/D
A66: ARABICA | B66: AB | C66: AB | D66: 10070 (AB/PB FAQ) | E66: Finished Good | F66: 2025/2026 | G66: WAREHOUSE | H66: IBERO EXPORT WAREHOUSE | I66: C-11-3 | J66: 46293 | K66: 2025/2026-40-4909-AB/BULK | L66: 49GS2006 | M66: AB/BULK | N66: 3 | O66: 36 | P66: 21.7 | Q66: 37 | R66: 60 KG JUTE BAG | S66: 2181.7 | T66: =S66/60 -> 36.361667 | U66: Kg | V66: No | Z66: IBERO KENYA | AA66: Sukari Ind. Estate Northern Bypass Ruiru, NAIROBI, NAIROBI, KENYA | AD66: W260910PFA | AE66: C/D--C/D
A67: ARABICA | B67: AB | C67: AB | D67: 10070 (AB/PB FAQ) | E67: Finished Good | F67: 2025/2026 | G67: WAREHOUSE | H67: IBERO EXPORT WAREHOUSE | I67: C-11-5 | J67: 46293 | K67: 2025/2026-40-4908-N/NGEGE/XEA13F03 | L67: 49GS0025 | M67: N/NGEGE/XEA13F03 | N67: 3 | O67: 26 | P67: 35.7 | Q67: 27 | R67: 60 KG JUTE BAG | S67: 1595.7 | T67: =S67/60 -> 26.595 | U67: Kg | V67: No | Z67: IBERO KENYA | AA67: Sukari Ind. Estate Northern Bypass Ruiru, NAIROBI, NAIROBI, KENYA | AD67: W260910HFM | AE67: C/D--C/D
A68: ARABICA | B68: AB | C68: AB | D68: 10070 (AB/PB FAQ) | E68: Finished Good | F68: 2025/2026 | G68: WAREHOUSE | H68: IBERO EXPORT WAREHOUSE | I68: C-11-6 | J68: 46293 | K68: 2025/2026-40-4903-MAGWAGWAFCS/XEA26F01 | L68: 49GS0044 | M68: MAGWAGWAFCS/XEA26F01 | N68: 3 | O68: 11 | P68: 8.1 | Q68: 11 | R68: 60 KG JUTE BAG | S68: 668.1 | T68: =S68/60 -> 11.135 | U68: Kg | V68: No | Z68: IBERO KENYA | AA68: Sukari Ind. Estate Northern Bypass Ruiru, NAIROBI, NAIROBI, KENYA | AD68: W2609105H2 | AE68: C/D--C/D
A69: ARABICA | B69: AB | C69: AB | D69: 10070 (AB/PB FAQ) | E69: Finished Good | F69: 2025/2026 | G69: WAREHOUSE | H69: KENYA CO-OPERATIVE COFFEE EXPORTERS | I69: TEMP-0-0 | J69: 46287 | K69: 2025/2026-41-6426-CHUJUN/36CGE0027 | L69: 47US0012 | M69: CHUJUN/36CGE0027 | N69: 9 | O69: 3 | P69: 39 | Q69: 4 | R69: 60 KG JUTE BAG | S69: 219 | T69: =S69/60 -> 3.65 | U69: Kg | V69: Yes | W69: 2020/2021-002336#0063716 | Z69: IBERO KENYA | AA69: Sukari Ind. Estate Northern Bypass Ruiru, NAIROBI, NAIROBI, KENYA | AD69: W260916GYC | AE69: C/D--C/D
A70: ARABICA | B70: AB | C70: AB | D70: 10070 (AB/PB FAQ) | E70: Finished Good | F70: 2025/2026 | G70: WAREHOUSE | H70: MAXA AFRICA LOGISTICS LTD | I70: TEMP-0-0 | J70: 46287 | K70: 2025/2026-41-6632-OLOCHOY/29CF0060 | L70: 34HC0014 | M70: OLOCHOY/29CF0060 | N70: 9 | O70: 7 | P70: 55 | Q70: 8 | R70: 60 KG JUTE BAG | S70: 475 | T70: =S70/60 -> 7.9166667 | U70: Kg | V70: Yes | W70: 2020/2021-002333#0063554 | Z70: IBERO KENYA | AA70: Sukari Ind. Estate Northern Bypass Ruiru, NAIROBI, NAIROBI, KENYA | AD70: W260921BA8 | AE70: C/D--C/D
A71: ARABICA | B71: AB | C71: AB | D71: 10070 (AB/PB FAQ) | E71: Finished Good | F71: 2025/2026 | G71: WAREHOUSE | H71: MAXA AFRICA LOGISTICS LTD | I71: TEMP-0-0 | J71: 46287 | K71: 2025/2026-41-7033-MENUFCS/XDA13 | L71: 49KF0045 | M71: MENUFCS/XDA13 | N71: 9 | O71: 75 | P71: 23 | Q71: 76 | R71: 60 KG JUTE BAG | S71: 4523 | T71: =S71/60 -> 75.383333 | U71: Kg | V71: Yes | W71: 2020/2021-002333#0063559 | Z71: IBERO KENYA | AA71: Sukari Ind. Estate Northern Bypass Ruiru, NAIROBI, NAIROBI, KENYA | AB71: RAINFOREST ALLIANCE | AD71: W260918VZA | AE71: C/D--C/D
A72: ARABICA | B72: AB | C72: AB | D72: 10070 (AB/PB FAQ) | E72: Finished Good | F72: 2025/2026 | G72: WAREHOUSE | H72: MITCHEL COTTS FREIGHT KENYA LIMITED | I72: TEMP-0-0 | J72: 46287 | K72: 2025/2026-41-4905-M/NYABONGE/XEA008F02 | L72: 49GS0036 | M72: M/NYABONGE/XEA008F02 | N72: 9 | O72: 40 | P72: 30 | Q72: 41 | R72: 60 KG JUTE BAG | S72: 2430 | T72: =S72/60 -> 40.5 | U72: Kg | V72: Yes | W72: 2020/2021-002337#0063726 | Z72: IBERO KENYA | AA72: Sukari Ind. Estate Northern Bypass Ruiru, NAIROBI, NAIROBI, KENYA | AD72: W260918NAY | AE72: C/D--C/D
A73: ARABICA | B73: AB | C73: AB | D73: 10070 (AB/PB FAQ) | E73: Finished Good | F73: 2025/2026 | G73: WAREHOUSE | H73: MITCHEL COTTS FREIGHT KENYA LIMITED | I73: TEMP-0-0 | J73: 46287 | K73: 2025/2026-41-4907-AB/BULK | L73: 50GS2005 | M73: AB/BULK | N73: 9 | O73: 38 | P73: 36 | Q73: 39 | R73: 60 KG JUTE BAG | S73: 2316 | T73: =S73/60 -> 38.6 | U73: Kg | V73: Yes | W73: 2020/2021-002337#0063727 | Z73: IBERO KENYA | AA73: Sukari Ind. Estate Northern Bypass Ruiru, NAIROBI, NAIROBI, KENYA | AD73: W260918AXT | AE73: C/D--C/D
A74: ARABICA | B74: AB | C74: AB | D74: 10070 (AB/PB FAQ) | E74: Finished Good | F74: 2025/2026 | G74: WAREHOUSE | H74: MITCHEL COTTS FREIGHT KENYA LIMITED | I74: TEMP-0-0 | J74: 46287 | K74: 2025/2026-41-8016-LELGOKIPLANGAT/ZA.020 | L74: 50ED0020 | M74: LELGOKIPLANGAT/ZA.020 | N74: 9 | O74: 6 | P74: 37 | Q74: 7 | R74: 60 KG JUTE BAG | S74: 397 | T74: =S74/60 -> 6.6166667 | U74: Kg | V74: Yes | W74: 2020/2021-002337#0063729 | Z74: IBERO KENYA | AA74: Sukari Ind. Estate Northern Bypass Ruiru, NAIROBI, NAIROBI, KENYA | AD74: W26092197P | AE74: C/D--C/D
A75: ARABICA | B75: AB | C75: AB | D75: 10070 (AB/PB FAQ) | E75: Finished Good | F75: 2025/2026 | G75: WAREHOUSE | H75: MITCHEL COTTS FREIGHT KENYA LIMITED | I75: TEMP-0-0 | J75: 46287 | K75: 2025/2026-41-8311-49KK0013/CHBARUSFCS/XCEXCE88F01 | L75: 49KK0013 | M75: 49KK0013/CHBARUSFCS/XCEXCE88F01 | N75: 9 | O75: 62 | P75: 0 | Q75: 63 | R75: 60 KG JUTE BAG | S75: 3720 | T75: =S75/60 -> 62 | U75: Kg | V75: Yes | W75: 2020/2021-002337#0063733 | Z75: IBERO KENYA | AA75: Sukari Ind. Estate Northern Bypass Ruiru, NAIROBI, NAIROBI, KENYA | AD75: W260921TKY | AE75: C/D--C/D
A76: ARABICA | B76: AB | C76: AB | D76: 10070 (AB/PB FAQ) | E76: Finished Good | F76: 2025/2026 | G76: WAREHOUSE | H76: MITCHEL COTTS FREIGHT KENYA LIMITED | I76: TEMP-0-0 | J76: 46287 | K76: 2025/2026-41-8313-48GR0002/HIGHLANDCOFFEEESTATE/ | L76: 48GR0002 | M76: 48GR0002/HIGHLANDCOFFEEESTATE/ | N76: 9 | O76: 6 | P76: 42 | Q76: 7 | R76: 60 KG JUTE BAG | S76: 402 | T76: =S76/60 -> 6.7 | U76: Kg | V76: Yes | W76: 2020/2021-002337#0063734 | Z76: IBERO KENYA | AA76: Sukari Ind. Estate Northern Bypass Ruiru, NAIROBI, NAIROBI, KENYA | AD76: W260921D8Q | AE76: C/D--C/D
A77: ARABICA | B77: AB | C77: AB | D77: 10070 (AB/PB FAQ) | E77: Finished Good | F77: 2025/2026 | G77: WAREHOUSE | H77: NEW KPCU | I77: TEMP-0-0 | J77: 46063 | K77: 2025/2026-17-5644-ADEQUATEVENTURES46EF004 | L77: 15KP0043 | M77: ADEQUATEVENTURES46EF004 | N77: 233 | O77: 1 | P77: 0 | Q77: 0 | R77: 60 KG JUTE BAG | S77: 60 | T77: =S77/60 -> 1 | U77: Kg | V77: Yes | W77: 2020/2021-002019#0054573 | Z77: IBERO KENYA | AA77: Sukari Ind. Estate Northern Bypass Ruiru, NAIROBI, NAIROBI, KENYA | AD77: W2602098B9 | AE77: C/D--C/D
A78: ARABICA | B78: AB | C78: AB | D78: 10070 (AB/PB FAQ) | E78: Finished Good | F78: 2025/2026 | G78: WAREHOUSE | H78: NEW KPCU | I78: TEMP-0-0 | J78: 46070 | K78: 2025/2026-18-5662-P/BULK | L78: 17KP1006 | M78: P/BULK | N78: 226 | O78: 1 | P78: 0 | Q78: 1 | R78: 60 KG JUTE BAG | S78: 60 | T78: =S78/60 -> 1 | U78: Kg | V78: Yes | W78: 2020/2021-002026#0054674 | Z78: IBERO KENYA | AA78: Sukari Ind. Estate Northern Bypass Ruiru, NAIROBI, NAIROBI, KENYA | AD78: W260216RPG | AE78: C/D--C/D
A79: ARABICA | B79: AB | C79: AB | D79: 10070 (AB/PB FAQ) | E79: Finished Good | F79: 2025/2026 | G79: WAREHOUSE | H79: NEW KPCU | I79: TEMP-0-0 | J79: 46098 | K79: 2025/2026-22-5653-WASASHAESTATE | L79: 17KP0145 | M79: WASASHAESTATE | N79: 198 | O79: 1 | P79: 0 | Q79: 1 | R79: 60 KG JUTE BAG | S79: 60 | T79: =S79/60 -> 1 | U79: Kg | V79: Yes | W79: 2020/2021-002082#0056448 | Z79: IBERO KENYA | AA79: Sukari Ind. Estate Northern Bypass Ruiru, NAIROBI, NAIROBI, KENYA | AD79: W260316RBH | AE79: C/D--C/D
A80: ARABICA | B80: AB | C80: AB | D80: 10070 (AB/PB FAQ) | E80: Finished Good | F80: 2025/2026 | G80: WAREHOUSE | H80: NEW KPCU | I80: TEMP-0-0 | J80: 46287 | K80: 2025/2026-41-5657-45MM0002/KIRAAFARMLTD/BB0013 | L80: 45MM0002 | M80: 45MM0002/KIRAAFARMLTD/BB0013 | N80: 9 | O80: 5 | P80: 12 | Q80: 6 | R80: 60 KG JUTE BAG | S80: 312 | T80: =S80/60 -> 5.2 | U80: Kg | V80: Yes | W80: 2020/2021-002335#0063698 | Z80: IBERO KENYA | AA80: Sukari Ind. Estate Northern Bypass Ruiru, NAIROBI, NAIROBI, KENYA | AB80: RAINFOREST ALLIANCE | AD80: W260921L5Y | AE80: C/D--C/D
A81: ARABICA | B81: AB | C81: AB | D81: 10070 (AB/PB FAQ) | E81: Finished Good | F81: 2025/2026 | G81: WAREHOUSE | H81: NEW KPCU | I81: TEMP-0-0 | J81: 46287 | K81: 2025/2026-41-5668-49MM1001/P/BULK | L81: 49MM1001 | M81: 49MM1001/P/BULK | N81: 9 | O81: 27 | P81: 39 | Q81: 28 | R81: 60 KG JUTE BAG | S81: 1659 | T81: =S81/60 -> 27.65 | U81: Kg | V81: Yes | W81: 2020/2021-002335#0063699 | Z81: IBERO KENYA | AA81: Sukari Ind. Estate Northern Bypass Ruiru, NAIROBI, NAIROBI, KENYA | AD81: W260921EA4 | AE81: C/D--C/D
A82: ARABICA | B82: AB | C82: AB | D82: 10070 (AB/PB FAQ) | E82: Finished Good | F82: 2025/2026 | G82: WAREHOUSE | H82: NEW KPCU | I82: TEMP-0-0 | J82: 46287 | K82: 2025/2026-41-5669-45MM0003/KIRAAFARMLTD/BB0013 | L82: 45MM0003 | M82: 45MM0003/KIRAAFARMLTD/BB0013 | N82: 9 | O82: 4 | P82: 59 | Q82: 5 | R82: 60 KG JUTE BAG | S82: 299 | T82: =S82/60 -> 4.9833333 | U82: Kg | V82: Yes | W82: 2020/2021-002335#0063700 | Z82: IBERO KENYA | AA82: Sukari Ind. Estate Northern Bypass Ruiru, NAIROBI, NAIROBI, KENYA | AB82: RAINFOREST ALLIANCE | AD82: W260921VX4 | AE82: C/D--C/D
A83: ARABICA | B83: AB | C83: AB | D83: 10100 (AB/PB Minus) | E83: Finished Good | F83: 2025/2026 | G83: WAREHOUSE | H83: AGL | I83: TEMP-0-0 | J83: 46007 | K83: 2025/2026-11-6012-THANGATHI/XAC40F02 | L83: 09IM0054 | M83: THANGATHI/XAC40F02 | N83: 289 | O83: 0 | P83: 12 | Q83: 1 | R83: 60 KG JUTE BAG | S83: 12 | T83: =S83/60 -> 0.2 | U83: Kg | V83: Yes | W83: 2020/2021-001951#0052126 | Z83: IBERO KENYA | AA83: Sukari Ind. Estate Northern Bypass Ruiru, NAIROBI, NAIROBI, KENYA | AB83: FAIRTRADE | AD83: W2512159EV | AE83: D---D-
A84: ARABICA | B84: AB | C84: AB | D84: 10100 (AB/PB Minus) | E84: Finished Good | F84: 2025/2026 | G84: WAREHOUSE | H84: AGL | I84: TEMP-0-0 | J84: 46283 | K84: 2025/2026-40-6639-AB/CLEANBULK | L84: 48KN2006 | M84: AB/CLEANBULK | N84: 13 | O84: 2 | P84: 42 | Q84: 3 | R84: 60 KG JUTE BAG | S84: 162 | T84: =S84/60 -> 2.7 | U84: Kg | V84: Yes | W84: 2020/2021-002325#0063443 | Z84: IBERO KENYA | AA84: Sukari Ind. Estate Northern Bypass Ruiru, NAIROBI, NAIROBI, KENYA | AD84: W260912LUA | AE84: D=--D=
A85: ARABICA | B85: AB | C85: AB | D85: 10100 (AB/PB Minus) | E85: Finished Good | F85: 2025/2026 | G85: WAREHOUSE | H85: AGL | I85: TEMP-0-0 | J85: 46287 | K85: 2025/2026-41-4129-KATHAMBARAFCSMAKURI/XBC31F01 | L85: 47MU0028 | M85: KATHAMBARAFCSMAKURI/XBC31F01 | N85: 9 | O85: 14 | P85: 5 | Q85: 14 | R85: 60 KG JUTE BAG | S85: 845 | T85: =S85/60 -> 14.083333 | U85: Kg | V85: Yes | W85: 2020/2021-002334#0063614 | Z85: IBERO KENYA | AA85: Sukari Ind. Estate Northern Bypass Ruiru, NAIROBI, NAIROBI, KENYA | AD85: W260918Q2G | AE85: D=--D=
A86: ARABICA | B86: AB | C86: AB | D86: 10100 (AB/PB Minus) | E86: Finished Good | F86: 2025/2026 | G86: WAREHOUSE | H86: AGL | I86: TEMP-0-0 | J86: 46287 | K86: 2025/2026-41-4130-P/BULKPARCHMENTBULK/PBULK | L86: 47MU1004 | M86: P/BULKPARCHMENTBULK/PBULK | N86: 9 | O86: 19 | P86: 10 | Q86: 20 | R86: 60 KG JUTE BAG | S86: 1150 | T86: =S86/60 -> 19.166667 | U86: Kg | V86: Yes | W86: 2020/2021-002334#0063615 | Z86: IBERO KENYA | AA86: Sukari Ind. Estate Northern Bypass Ruiru, NAIROBI, NAIROBI, KENYA | AD86: W260918V62 | AE86: D=--D=
A87: ARABICA | B87: AB | C87: AB | D87: 10100 (AB/PB Minus) | E87: Finished Good | F87: 2025/2026 | G87: WAREHOUSE | H87: AGL | I87: TEMP-0-0 | J87: 46287 | K87: 2025/2026-41-5954-KIGUTHA/AA.0045 | L87: 43KF0008 | M87: KIGUTHA/AA.0045 | N87: 9 | O87: 5 | P87: 2 | Q87: 5 | R87: 60 KG JUTE BAG | S87: 302 | T87: =S87/60 -> 5.0333333 | U87: Kg | V87: Yes | W87: 2020/2021-002334#0063640 | Z87: IBERO KENYA | AA87: Sukari Ind. Estate Northern Bypass Ruiru, NAIROBI, NAIROBI, KENYA | AD87: W260918V3S | AE87: D=--D=
A88: ARABICA | B88: AB | C88: AB | D88: 10100 (AB/PB Minus) | E88: Finished Good | F88: 2025/2026 | G88: WAREHOUSE | H88: AGL | I88: TEMP-0-0 | J88: 46287 | K88: 2025/2026-41-5978-AB/BULK | L88: 49KF2007 | M88: AB/BULK | N88: 9 | O88: 15 | P88: 24 | Q88: 16 | R88: 60 KG JUTE BAG | S88: 924 | T88: =S88/60 -> 15.4 | U88: Kg | V88: Yes | W88: 2020/2021-002334#0063644 | Z88: IBERO KENYA | AA88: Sukari Ind. Estate Northern Bypass Ruiru, NAIROBI, NAIROBI, KENYA | AD88: W260918B32 | AE88: D---D-
A89: ARABICA | B89: AB | C89: AB | D89: 10100 (AB/PB Minus) | E89: Finished Good | F89: 2025/2026 | G89: WAREHOUSE | H89: AGL | I89: TEMP-0-0 | J89: 46287 | K89: 2025/2026-41-5989-KIAMBENE/XBB08F06 | L89: 50MM1003 | M89: KIAMBENE/XBB08F06 | N89: 9 | O89: 13 | P89: 9 | Q89: 14 | R89: 60 KG JUTE BAG | S89: 789 | T89: =S89/60 -> 13.15 | U89: Kg | V89: Yes | W89: 2020/2021-002334#0063645 | Z89: IBERO KENYA | AA89: Sukari Ind. Estate Northern Bypass Ruiru, NAIROBI, NAIROBI, KENYA | AD89: W260916JXD | AE89: D=--D=
A90: ARABICA | B90: AB | C90: AB | D90: 10100 (AB/PB Minus) | E90: Finished Good | F90: 2025/2026 | G90: WAREHOUSE | H90: AGL | I90: TEMP-0-0 | J90: 46287 | K90: 2025/2026-41-7372-NTHIMBIRIFCS-NTONGORO/XBB42F01 | L90: 49MM1008 | M90: NTHIMBIRIFCS-NTONGORO/XBB42F01 | N90: 9 | O90: 18 | P90: 41 | Q90: 19 | R90: 60 KG JUTE BAG | S90: 1121 | T90: =S90/60 -> 18.683333 | U90: Kg | V90: Yes | W90: 2020/2021-002334#0063680 | Z90: IBERO KENYA | AA90: Sukari Ind. Estate Northern Bypass Ruiru, NAIROBI, NAIROBI, KENYA | AB90: RAINFOREST ALLIANCE, EUDR Aligned | AD90: W260921F7L | AE90: D---D-
A91: ARABICA | B91: AB | C91: AB | D91: 10100 (AB/PB Minus) | E91: Finished Good | F91: 2025/2026 | G91: WAREHOUSE | H91: AGL | I91: TEMP-0-0 | J91: 46294 | K91: 2026/2027-DS10423-5-MARACOFFEE | L91: 49MM0018 | M91: MARACOFFEE | N91: 2 | O91: 113 | P91: 0 | Q91: 113 | R91: 60 KG JUTE BAG | S91: 6780 | T91: =S91/60 -> 113 | U91: Kg | V91: No | Z91: MARA COFFEE EXPORTERS | AA91: P. O BOX, TRANSMARA, N/A, N/A, KENYA | AD91: CC-90592(AB) | AE91: D--D
A92: ARABICA | B92: AB | C92: AB | D92: 10100 (AB/PB Minus) | E92: Finished Good | F92: 2025/2026 | G92: WAREHOUSE | H92: IBERO EXPORT WAREHOUSE | I92: B-04-1 | J92: 46290 | K92: 2025/2026-40-6453-KANJALU/XBA.0025 | L92: 43MM0023 | M92: KANJALU/XBA.0025 | N92: 6 | O92: 4 | P92: 40.5 | Q92: 5 | R92: 60 KG JUTE BAG | S92: 280.5 | T92: =S92/60 -> 4.675 | U92: Kg | V92: No | Z92: IBERO KENYA | AA92: Sukari Ind. Estate Northern Bypass Ruiru, NAIROBI, NAIROBI, KENYA | AD92: W2609146NA | AE92: D+--D+
A93: ARABICA | B93: AB | C93: AB | D93: 10100 (AB/PB Minus) | E93: Finished Good | F93: 2025/2026 | G93: WAREHOUSE | H93: KENYA CO-OPERATIVE COFFEE EXPORTERS | I93: TEMP-0-0 | J93: 46287 | K93: 2025/2026-41-6425-GITHAKA/AB.0234 | L93: 43KF0015 | M93: GITHAKA/AB.0234 | N93: 9 | O93: 57 | P93: 52 | Q93: 58 | R93: 60 KG JUTE BAG | S93: 3472 | T93: =S93/60 -> 57.866667 | U93: Kg | V93: Yes | W93: 2020/2021-002336#0063715 | Z93: IBERO KENYA | AA93: Sukari Ind. Estate Northern Bypass Ruiru, NAIROBI, NAIROBI, KENYA | AD93: W260917NH5 | AE93: D--D
A94: ARABICA | B94: AB | C94: AB | D94: 10100 (AB/PB Minus) | E94: Finished Good | F94: 2025/2026 | G94: WAREHOUSE | H94: MAXA AFRICA LOGISTICS LTD | I94: TEMP-0-0 | J94: 46287 | K94: 2025/2026-41-6628-P/BULK | L94: 48CL1001 | M94: P/BULK | N94: 9 | O94: 19 | P94: 20 | Q94: 20 | R94: 60 KG JUTE BAG | S94: 1160 | T94: =S94/60 -> 19.333333 | U94: Kg | V94: Yes | W94: 2020/2021-002333#0063553 | Z94: IBERO KENYA | AA94: Sukari Ind. Estate Northern Bypass Ruiru, NAIROBI, NAIROBI, KENYA | AD94: W260918PAP | AE94: D--D
A95: ARABICA | B95: AB | C95: AB | D95: 10100 (AB/PB Minus) | E95: Finished Good | F95: 2025/2026 | G95: WAREHOUSE | H95: MAXA AFRICA LOGISTICS LTD | I95: TEMP-0-0 | J95: 46287 | K95: 2025/2026-41-6681-P/BULK | L95: 47CL1004 | M95: P/BULK | N95: 9 | O95: 26 | P95: 47 | Q95: 27 | R95: 60 KG JUTE BAG | S95: 1607 | T95: =S95/60 -> 26.783333 | U95: Kg | V95: Yes | W95: 2020/2021-002333#0063556 | Z95: IBERO KENYA | AA95: Sukari Ind. Estate Northern Bypass Ruiru, NAIROBI, NAIROBI, KENYA | AD95: W260918L32 | AE95: D---D-
A96: ARABICA | B96: AB | C96: AB | D96: 10100 (AB/PB Minus) | E96: Finished Good | F96: 2025/2026 | G96: WAREHOUSE | H96: NEW KPCU | I96: TEMP-0-0 | J96: 46287 | K96: 2025/2026-41-5646-45MM0001/KIRAAFARMLTD/BB0013 | L96: 45MM0001 | M96: 45MM0001/KIRAAFARMLTD/BB0013 | N96: 9 | O96: 12 | P96: 19 | Q96: 13 | R96: 60 KG JUTE BAG | S96: 739 | T96: =S96/60 -> 12.316667 | U96: Kg | V96: Yes | W96: 2020/2021-002335#0063694 | Z96: IBERO KENYA | AA96: Sukari Ind. Estate Northern Bypass Ruiru, NAIROBI, NAIROBI, KENYA | AB96: RAINFOREST ALLIANCE | AD96: W260921K2U | AE96: D---D-
A97: ARABICA | B97: AB | C97: AB | D97: 10100 (AB/PB Minus) | E97: Finished Good | F97: 2025/2026 | G97: WAREHOUSE | H97: NEW KPCU | I97: TEMP-0-0 | J97: 46287 | K97: 2025/2026-41-5648-49KP1009/P/BULK | L97: 49KP1009 | M97: 49KP1009/P/BULK | N97: 9 | O97: 20 | P97: 3 | Q97: 20 | R97: 60 KG JUTE BAG | S97: 1203 | T97: =S97/60 -> 20.05 | U97: Kg | V97: Yes | W97: 2020/2021-002335#0063695 | Z97: IBERO KENYA | AA97: Sukari Ind. Estate Northern Bypass Ruiru, NAIROBI, NAIROBI, KENYA | AD97: W2609217RJ | AE97: D---D-
A98: ARABICA | B98: AB | C98: AB | D98: 10100 (AB/PB Minus) | E98: Finished Good | F98: 2025/2026 | G98: WAREHOUSE | H98: NEW KPCU | I98: TEMP-0-0 | J98: 46287 | K98: 2025/2026-41-5651-BULK | L98: 49MM2011 | M98: BULK | N98: 9 | O98: 4 | P98: 23 | Q98: 5 | R98: 60 KG JUTE BAG | S98: 263 | T98: =S98/60 -> 4.3833333 | U98: Kg | V98: Yes | W98: 2020/2021-002335#0063696 | Z98: IBERO KENYA | AA98: Sukari Ind. Estate Northern Bypass Ruiru, NAIROBI, NAIROBI, KENYA | AD98: W260921S9X | AE98: D=--D=
