Workbook

Sheet Variables
B1: Arabica - Commercial | C1: Arabica - Micro-Lots | D1: Robusta
A3: Parameter | B3: Arabica (Commercial) | C3: Arabica (Micro-Lots) | D3: Robusta | E3: Unit
A5: Avg value of Coffee | B5: =443*1000/60 -> 7383.3333 | C5: =505*16.67 -> 8418.35 | D5: N/A | E5: USD/MT
A6: Avg NY value | B6: 290.8 | C6: 290.8 | D6: N/A | E6: USD cents/lb
A7: Cost of financing per annum | B7: =(3.08+3.36822)/100 -> 0.0644822 | C7: =(3.08+3.36822)/100 -> 0.0644822 | D7: N/A | E7: % p.a.
A8: Cost of storage (USD/MT/Day) | B8: =0.05*16.67 -> 0.8335 | C8: =0.05*16.67 -> 0.8335 | D8: N/A | E8: USD/MT/day
A9: Cost of Insurance per annum | B9: 0.0008313 | C9: 0.0008313 | D9: N/A | E9: % p.a.
A11: Parameter | B11: Value | E11: Unit
A13: Days before shipment to ship contract | B13: 15 | E13: days
A14: Days before shipment for sample approval | B14: 30 | E14: days
A15: Days to move coffee to warehouse | B15: 7 | E15: days
A16: Days to process coffee | B16: 5 | E16: days
A17: Days to stuff coffee | B17: 3 | E17: days
A18: Days to ship after stuffing | B18: 7 | E18: days
A19: Days to dispatch docs after sailing | B19: 5 | E19: days

Sheet KENYA
A1: Origin Country | B1: Type (Arabica / Robusta) | C1: Subtype (Commercial / Micro-Lots) | D1: Contract Date | E1: Shipment Start Date | F1: Shipment End Date | G1: Sale Contract Ref | H1: Contract Status (Open / Cancelled / Closed) | I1: Reason for Open Contracts Status | J1: Buyer | K1: Parcel No | L1: Bags | M1: Description | N1: Quality Basket / Grade | O1: Certification | P1: Packaging Type | Q1: Differential | R1: Sample Type | S1: Destination | T1: USD Value of Shipment | U1: PSS Date | V1: PSS Status | W1: Sample Approval Date | X1: Sample Approval Status | Y1: Bulk Instruction Date | Z1: Expected Shipment Period | AA1: Trade & QC Days Lost | AB1: Stuffing Date | AC1: Operational Days Lost | AD1: Shipping Line | AE1: Vessel | AF1: ETD | AG1: ETA | AH1: Landing Port | AI1: B/L No | AJ1: Waybill No | AK1: Sailing Date | AL1: Shipping Advice Sent Date | AM1: Docs Dispatch Date | AN1: Shipment Status | AO1: Notes / Description | AP1: Inspection & Release Days Lost | AQ1: Traffic Days Lost | AR1: USD Loss/Gain from Docs | AS1: P&L Impact on Sample Approval | AT1: USD Saved/Lost on Processing | AU1: USD Saved/Lost on Shipping | AV1: Days Late / Early | AW1: Cost | AX1: C&F Agent | AY1: Estimated Flat Price | AZ1: Shipping Instructions Received | BA1: Bulk Ref | BB1: Samples Received from Warehouse | BC1: Payment Received | BD1: Purchase Ref | BE1: Client Ref | BF1: Ibero
A2: Kenya | B2: Arabica | C2: Commercial | D2: 44945 | E2: 45292 | F2: 45322 | G2: 3785573 | H2: =IF(ISNUMBER(SEARCH("cancel",AN2)),"Cancelled",IF(AND(AK2<>"",AL2<>"",AM2<>""),"Closed","Open")) -> Closed | I2: =IF(AND(AK2<>"",AL2<>"",AM2<>""),"All dates received",_xlfn.TEXTJOIN(" and ",TRUE(),IF(AK2="","No sailing date",""),IF(AL2="","No shipping advice sent",""),IF(AM2="","No docs dispatch date",""))) -> All dates received | J2: Thirty Second | K2: 4653 | L2: 320 | M2: AA/AB Highlands, SAS, Packed in 60kg Ecotact bags, CIF Sydney | N2: AA/AB TOP | R2: SAS | S2: Sydney | T2: =IF($H2="Cancelled","",IFERROR(((Q2+INDEX(Variables!$B$6:$D$6,IFERROR(MATCH(IF($B2="Robusta","Robusta",(IF($B2="","Arabica",$B2))&" - "&(IF($C2="","Commercial",$C2))),Variables!$B$1:$D$1,0),1)))*22.0462)*(L2/16.67),"")) -> 123067.26 | U2: 45203 | V2: =IF(ISNUMBER(U2),"Sent","") -> Sent | W2: 45212 | X2: =IF(ISNUMBER(W2),"Approved","") -> Approved | Z2: =IF($H2="Cancelled","",IFERROR(IF(F2="","",F2-Variables!$B$13),"")) -> 45307 | AA2: =IF($H2="Cancelled","",IFERROR(IF(W2="","",(AVERAGE(E2:F2)-W2)-Variables!$B$14),"")) -> 65 | AB2: 45070 | AC2: =IF($H2="Cancelled","",IFERROR(IF(AB2="","",IF(AND(W2="",Y2=""),"",IF(Y2>W2,Y2+Variables!$B$15+Variables!$B$16+Variables!$B$17-AB2,W2+Variables!$B$16+Variables!$B$17-AB2))),"")) -> 150 | AD2: ONE FCL/FCL | AE2: Kota Kamil | AI2: ONEYMBAE00007500 | AJ2: 3090318965 | AK2: 45317 | AL2: 45320 | AM2: 45328 | AN2: Documents dispatched | AP2: =IF($H2="Cancelled","",IFERROR(IF(OR(AK2="",AB2=""),"",(AB2+Variables!$B$18-AK2)),"")) -> -240 | AQ2: =IF($H2="Cancelled","",IFERROR(IF(OR(AM2="",AK2=""),"",(AK2+Variables!$B$19)-AM2),"")) -> -6 | AR2: =IF($H2="Cancelled","",IFERROR(T2*INDEX(Variables!$B$7:$D$7,IFERROR(MATCH(IF($B2="Robusta","Robusta",(IF($B2="","Arabica",$B2))&" - "&(IF($C2="","Commercial",$C2))),Variables!$B$1:$D$1,0),1))*(AQ2/365),"")) -> -130.449 | AS2: =IF($H2="Cancelled","",IFERROR((T2*INDEX(Variables!$B$7:$D$7,IFERROR(MATCH(IF($B2="Robusta","Robusta",(IF($B2="","Arabica",$B2))&" - "&(IF($C2="","Commercial",$C2))),Variables!$B$1:$D$1,0),1))*IFERROR(IF(W2="","",(AVERAGE(E2:F2)-W2)-Variables!$B$14),"")/365)+(L2/16.67*INDEX(Variables!$B$8:$D$8,IFERROR(MATCH(IF($B2="Robusta","Robusta",(IF($B2="","Arabica",$B2))&" - "&(IF($C2="","Commercial",$C2))),Variables!$B$1:$D$1,0),1))*IFERROR(IF(W2="","",(AVERAGE(E2:F2)-W2)-Variables!$B$14),""))+(T2*INDEX(Variables!$B$9:$D$9,IFERROR(MATCH(IF($B2="Robusta","Robusta",(IF($B2="","Arabica",$B2))&" - "&(IF($C2="","Commercial",$C2))),Variables!$B$1:$D$1,0),1))*IFERROR(IF(W2="","",(AVERAGE(E2:F2)-W2)-Variables!$B$14),"")/365),"")) -> 2471.4163 | AT2: =IF($H2="Cancelled","",IFERROR((T2*INDEX(Variables!$B$7:$D$7,IFERROR(MATCH(IF($B2="Robusta","Robusta",(IF($B2="","Arabica",$B2))&" - "&(IF($C2="","Commercial",$C2))),Variables!$B$1:$D$1,0),1))*AC2/365)+(L2/16.67*INDEX(Variables!$B$8:$D$8,IFERROR(MATCH(IF($B2="Robusta","Robusta",(IF($B2="","Arabica",$B2))&" - "&(IF($C2="","Commercial",$C2))),Variables!$B$1:$D$1,0),1))*AC2)+(T2*INDEX(Variables!$B$9:$D$9,IFERROR(MATCH(IF($B2="Robusta","Robusta",(IF($B2="","Arabica",$B2))&" - "&(IF($C2="","Commercial",$C2))),Variables!$B$1:$D$1,0),1))*AC2/365),"")) -> 5703.2685 | AU2: =IF($H2="Cancelled","",IFERROR((T2*INDEX(Variables!$B$7:$D$7,IFERROR(MATCH(IF($B2="Robusta","Robusta",(IF($B2="","Arabica",$B2))&" - "&(IF($C2="","Commercial",$C2))),Variables!$B$1:$D$1,0),1))*AP2/365)+(L2/16.67*INDEX(Variables!$B$8:$D$8,IFERROR(MATCH(IF($B2="Robusta","Robusta",(IF($B2="","Arabica",$B2))&" - "&(IF($C2="","Commercial",$C2))),Variables!$B$1:$D$1,0),1))*AP2)+(T2*INDEX(Variables!$B$9:$D$9,IFERROR(MATCH(IF($B2="Robusta","Robusta",(IF($B2="","Arabica",$B2))&" - "&(IF($C2="","Commercial",$C2))),Variables!$B$1:$D$1,0),1))*AP2/365),"")) -> -9125.2296 | AV2: =IF($H2="Cancelled","",IFERROR(IF(AK2="","",F2-AK2),"")) -> 5 | AW2: =IF($H2="Cancelled","",IFERROR(IF(AV2="","",(T2*INDEX(Variables!$B$7:$D$7,IFERROR(MATCH(IF($B2="Robusta","Robusta",(IF($B2="","Arabica",$B2))&" - "&(IF($C2="","Commercial",$C2))),Variables!$B$1:$D$1,0),1))*(AV2/365))+(T2*INDEX(Variables!$B$9:$D$9,IFERROR(MATCH(IF($B2="Robusta","Robusta",(IF($B2="","Arabica",$B2))&" - "&(IF($C2="","Commercial",$C2))),Variables!$B$1:$D$1,0),1))*(AV2/365))+(INDEX(Variables!$B$8:$D$8,IFERROR(MATCH(IF($B2="Robusta","Robusta",(IF($B2="","Arabica",$B2))&" - "&(IF($C2="","Commercial",$C2))),Variables!$B$1:$D$1,0),1))*L2/16.67)),"")) -> 126.10895
A3: Kenya | B3: Arabica | C3: Commercial | D3: 44945 | E3: 45292 | F3: 45322 | G3: 3785574 | H3: =IF(ISNUMBER(SEARCH("cancel",AN3)),"Cancelled",IF(AND(AK3<>"",AL3<>"",AM3<>""),"Closed","Open")) -> Closed | I3: =IF(AND(AK3<>"",AL3<>"",AM3<>""),"All dates received",_xlfn.TEXTJOIN(" and ",TRUE(),IF(AK3="","No sailing date",""),IF(AL3="","No shipping advice sent",""),IF(AM3="","No docs dispatch date",""))) -> All dates received | J3: Thirty Second | K3: 4654 | L3: 320 | M3: AA/AB Highlands, SAS, Packed in 60kg Ecotact bags, CIF Sydney | N3: AA/AB TOP | R3: SAS | S3: Sydney | T3: =IF($H3="Cancelled","",IFERROR(((Q3+INDEX(Variables!$B$6:$D$6,IFERROR(MATCH(IF($B3="Robusta","Robusta",(IF($B3="","Arabica",$B3))&" - "&(IF($C3="","Commercial",$C3))),Variables!$B$1:$D$1,0),1)))*22.0462)*(L3/16.67),"")) -> 123067.26 | U3: 45281 | V3: =IF(ISNUMBER(U3),"Sent","") -> Sent | W3: 45296 | X3: =IF(ISNUMBER(W3),"Approved","") -> Approved | Z3: =IF($H3="Cancelled","",IFERROR(IF(F3="","",F3-Variables!$B$13),"")) -> 45307 | AA3: =IF($H3="Cancelled","",IFERROR(IF(W3="","",(AVERAGE(E3:F3)-W3)-Variables!$B$14),"")) -> -19 | AB3: 45071 | AC3: =IF($H3="Cancelled","",IFERROR(IF(AB3="","",IF(AND(W3="",Y3=""),"",IF(Y3>W3,Y3+Variables!$B$15+Variables!$B$16+Variables!$B$17-AB3,W3+Variables!$B$16+Variables!$B$17-AB3))),"")) -> 233 | AD3: ONE FCL/FCL | AE3: Kota kamil | AI3: ONEYMBAE00008600 | AJ3: 3090318965 | AK3: 45317 | AL3: 45320 | AM3: 45328 | AN3: Documents dispatched | AP3: =IF($H3="Cancelled","",IFERROR(IF(OR(AK3="",AB3=""),"",(AB3+Variables!$B$18-AK3)),"")) -> -239 | AQ3: =IF($H3="Cancelled","",IFERROR(IF(OR(AM3="",AK3=""),"",(AK3+Variables!$B$19)-AM3),"")) -> -6 | AR3: =IF($H3="Cancelled","",IFERROR(T3*INDEX(Variables!$B$7:$D$7,IFERROR(MATCH(IF($B3="Robusta","Robusta",(IF($B3="","Arabica",$B3))&" - "&(IF($C3="","Commercial",$C3))),Variables!$B$1:$D$1,0),1))*(AQ3/365),"")) -> -130.449 | AS3: =IF($H3="Cancelled","",IFERROR((T3*INDEX(Variables!$B$7:$D$7,IFERROR(MATCH(IF($B3="Robusta","Robusta",(IF($B3="","Arabica",$B3))&" - "&(IF($C3="","Commercial",$C3))),Variables!$B$1:$D$1,0),1))*IFERROR(IF(W3="","",(AVERAGE(E3:F3)-W3)-Variables!$B$14),"")/365)+(L3/16.67*INDEX(Variables!$B$8:$D$8,IFERROR(MATCH(IF($B3="Robusta","Robusta",(IF($B3="","Arabica",$B3))&" - "&(IF($C3="","Commercial",$C3))),Variables!$B$1:$D$1,0),1))*IFERROR(IF(W3="","",(AVERAGE(E3:F3)-W3)-Variables!$B$14),""))+(T3*INDEX(Variables!$B$9:$D$9,IFERROR(MATCH(IF($B3="Robusta","Robusta",(IF($B3="","Arabica",$B3))&" - "&(IF($C3="","Commercial",$C3))),Variables!$B$1:$D$1,0),1))*IFERROR(IF(W3="","",(AVERAGE(E3:F3)-W3)-Variables!$B$14),"")/365),"")) -> -722.41401 | AT3: =IF($H3="Cancelled","",IFERROR((T3*INDEX(Variables!$B$7:$D$7,IFERROR(MATCH(IF($B3="Robusta","Robusta",(IF($B3="","Arabica",$B3))&" - "&(IF($C3="","Commercial",$C3))),Variables!$B$1:$D$1,0),1))*AC3/365)+(L3/16.67*INDEX(Variables!$B$8:$D$8,IFERROR(MATCH(IF($B3="Robusta","Robusta",(IF($B3="","Arabica",$B3))&" - "&(IF($C3="","Commercial",$C3))),Variables!$B$1:$D$1,0),1))*AC3)+(T3*INDEX(Variables!$B$9:$D$9,IFERROR(MATCH(IF($B3="Robusta","Robusta",(IF($B3="","Arabica",$B3))&" - "&(IF($C3="","Commercial",$C3))),Variables!$B$1:$D$1,0),1))*AC3/365),"")) -> 8859.0771 | AU3: =IF($H3="Cancelled","",IFERROR((T3*INDEX(Variables!$B$7:$D$7,IFERROR(MATCH(IF($B3="Robusta","Robusta",(IF($B3="","Arabica",$B3))&" - "&(IF($C3="","Commercial",$C3))),Variables!$B$1:$D$1,0),1))*AP3/365)+(L3/16.67*INDEX(Variables!$B$8:$D$8,IFERROR(MATCH(IF($B3="Robusta","Robusta",(IF($B3="","Arabica",$B3))&" - "&(IF($C3="","Commercial",$C3))),Variables!$B$1:$D$1,0),1))*AP3)+(T3*INDEX(Variables!$B$9:$D$9,IFERROR(MATCH(IF($B3="Robusta","Robusta",(IF($B3="","Arabica",$B3))&" - "&(IF($C3="","Commercial",$C3))),Variables!$B$1:$D$1,0),1))*AP3/365),"")) -> -9087.2078 | AV3: =IF($H3="Cancelled","",IFERROR(IF(AK3="","",F3-AK3),"")) -> 5 | AW3: =IF($H3="Cancelled","",IFERROR(IF(AV3="","",(T3*INDEX(Variables!$B$7:$D$7,IFERROR(MATCH(IF($B3="Robusta","Robusta",(IF($B3="","Arabica",$B3))&" - "&(IF($C3="","Commercial",$C3))),Variables!$B$1:$D$1,0),1))*(AV3/365))+(T3*INDEX(Variables!$B$9:$D$9,IFERROR(MATCH(IF($B3="Robusta","Robusta",(IF($B3="","Arabica",$B3))&" - "&(IF($C3="","Commercial",$C3))),Variables!$B$1:$D$1,0),1))*(AV3/365))+(INDEX(Variables!$B$8:$D$8,IFERROR(MATCH(IF($B3="Robusta","Robusta",(IF($B3="","Arabica",$B3))&" - "&(IF($C3="","Commercial",$C3))),Variables!$B$1:$D$1,0),1))*L3/16.67)),"")) -> 126.10895
A4: Kenya | B4: Arabica | C4: Commercial | D4: 44945 | E4: 45323 | F4: 45351 | G4: 3785575 | H4: =IF(ISNUMBER(SEARCH("cancel",AN4)),"Cancelled",IF(AND(AK4<>"",AL4<>"",AM4<>""),"Closed","Open")) -> Closed | I4: =IF(AND(AK4<>"",AL4<>"",AM4<>""),"All dates received",_xlfn.TEXTJOIN(" and ",TRUE(),IF(AK4="","No sailing date",""),IF(AL4="","No shipping advice sent",""),IF(AM4="","No docs dispatch date",""))) -> All dates received | J4: Thirty Second | K4: 4655 | L4: 320 | M4: AA/AB Highlands, SAS, Packed in 60kg Ecotact bags, CIF Sydney | N4: AA/AB TOP | R4: SAS | S4: Sydney | T4: =IF($H4="Cancelled","",IFERROR(((Q4+INDEX(Variables!$B$6:$D$6,IFERROR(MATCH(IF($B4="Robusta","Robusta",(IF($B4="","Arabica",$B4))&" - "&(IF($C4="","Commercial",$C4))),Variables!$B$1:$D$1,0),1)))*22.0462)*(L4/16.67),"")) -> 123067.26 | U4: 45281 | V4: =IF(ISNUMBER(U4),"Sent","") -> Sent | W4: 45303 | X4: =IF(ISNUMBER(W4),"Approved","") -> Approved | Z4: =IF($H4="Cancelled","",IFERROR(IF(F4="","",F4-Variables!$B$13),"")) -> 45336 | AA4: =IF($H4="Cancelled","",IFERROR(IF(W4="","",(AVERAGE(E4:F4)-W4)-Variables!$B$14),"")) -> 4 | AB4: 45072 | AC4: =IF($H4="Cancelled","",IFERROR(IF(AB4="","",IF(AND(W4="",Y4=""),"",IF(Y4>W4,Y4+Variables!$B$15+Variables!$B$16+Variables!$B$17-AB4,W4+Variables!$B$16+Variables!$B$17-AB4))),"")) -> 239 | AD4: ONE FCL/FCL | AE4: Kota Karim | AI4: ONEYMBAE00099900 | AJ4: 1802448513 | AK4: 45331 | AL4: 45334 | AM4: 45342 | AN4: Documents dispatched | AP4: =IF($H4="Cancelled","",IFERROR(IF(OR(AK4="",AB4=""),"",(AB4+Variables!$B$18-AK4)),"")) -> -252 | AQ4: =IF($H4="Cancelled","",IFERROR(IF(OR(AM4="",AK4=""),"",(AK4+Variables!$B$19)-AM4),"")) -> -6 | AR4: =IF($H4="Cancelled","",IFERROR(T4*INDEX(Variables!$B$7:$D$7,IFERROR(MATCH(IF($B4="Robusta","Robusta",(IF($B4="","Arabica",$B4))&" - "&(IF($C4="","Commercial",$C4))),Variables!$B$1:$D$1,0),1))*(AQ4/365),"")) -> -130.449 | AS4: =IF($H4="Cancelled","",IFERROR((T4*INDEX(Variables!$B$7:$D$7,IFERROR(MATCH(IF($B4="Robusta","Robusta",(IF($B4="","Arabica",$B4))&" - "&(IF($C4="","Commercial",$C4))),Variables!$B$1:$D$1,0),1))*IFERROR(IF(W4="","",(AVERAGE(E4:F4)-W4)-Variables!$B$14),"")/365)+(L4/16.67*INDEX(Variables!$B$8:$D$8,IFERROR(MATCH(IF($B4="Robusta","Robusta",(IF($B4="","Arabica",$B4))&" - "&(IF($C4="","Commercial",$C4))),Variables!$B$1:$D$1,0),1))*IFERROR(IF(W4="","",(AVERAGE(E4:F4)-W4)-Variables!$B$14),""))+(T4*INDEX(Variables!$B$9:$D$9,IFERROR(MATCH(IF($B4="Robusta","Robusta",(IF($B4="","Arabica",$B4))&" - "&(IF($C4="","Commercial",$C4))),Variables!$B$1:$D$1,0),1))*IFERROR(IF(W4="","",(AVERAGE(E4:F4)-W4)-Variables!$B$14),"")/365),"")) -> 152.08716 | AT4: =IF($H4="Cancelled","",IFERROR((T4*INDEX(Variables!$B$7:$D$7,IFERROR(MATCH(IF($B4="Robusta","Robusta",(IF($B4="","Arabica",$B4))&" - "&(IF($C4="","Commercial",$C4))),Variables!$B$1:$D$1,0),1))*AC4/365)+(L4/16.67*INDEX(Variables!$B$8:$D$8,IFERROR(MATCH(IF($B4="Robusta","Robusta",(IF($B4="","Arabica",$B4))&" - "&(IF($C4="","Commercial",$C4))),Variables!$B$1:$D$1,0),1))*AC4)+(T4*INDEX(Variables!$B$9:$D$9,IFERROR(MATCH(IF($B4="Robusta","Robusta",(IF($B4="","Arabica",$B4))&" - "&(IF($C4="","Commercial",$C4))),Variables!$B$1:$D$1,0),1))*AC4/365),"")) -> 9087.2078 | AU4: =IF($H4="Cancelled","",IFERROR((T4*INDEX(Variables!$B$7:$D$7,IFERROR(MATCH(IF($B4="Robusta","Robusta",(IF($B4="","Arabica",$B4))&" - "&(IF($C4="","Commercial",$C4))),Variables!$B$1:$D$1,0),1))*AP4/365)+(L4/16.67*INDEX(Variables!$B$8:$D$8,IFERROR(MATCH(IF($B4="Robusta","Robusta",(IF($B4="","Arabica",$B4))&" - "&(IF($C4="","Commercial",$C4))),Variables!$B$1:$D$1,0),1))*AP4)+(T4*INDEX(Variables!$B$9:$D$9,IFERROR(MATCH(IF($B4="Robusta","Robusta",(IF($B4="","Arabica",$B4))&" - "&(IF($C4="","Commercial",$C4))),Variables!$B$1:$D$1,0),1))*AP4/365),"")) -> -9581.4911 | AV4: =IF($H4="Cancelled","",IFERROR(IF(AK4="","",F4-AK4),"")) -> 20 | AW4: =IF($H4="Cancelled","",IFERROR(IF(AV4="","",(T4*INDEX(Variables!$B$7:$D$7,IFERROR(MATCH(IF($B4="Robusta","Robusta",(IF($B4="","Arabica",$B4))&" - "&(IF($C4="","Commercial",$C4))),Variables!$B$1:$D$1,0),1))*(AV4/365))+(T4*INDEX(Variables!$B$9:$D$9,IFERROR(MATCH(IF($B4="Robusta","Robusta",(IF($B4="","Arabica",$B4))&" - "&(IF($C4="","Commercial",$C4))),Variables!$B$1:$D$1,0),1))*(AV4/365))+(INDEX(Variables!$B$8:$D$8,IFERROR(MATCH(IF($B4="Robusta","Robusta",(IF($B4="","Arabica",$B4))&" - "&(IF($C4="","Commercial",$C4))),Variables!$B$1:$D$1,0),1))*L4/16.67)),"")) -> 456.4358
A5: Kenya | B5: Arabica | C5: Commercial | D5: 44945 | E5: 45352 | F5: 45382 | G5: 3785576 | H5: =IF(ISNUMBER(SEARCH("cancel",AN5)),"Cancelled",IF(AND(AK5<>"",AL5<>"",AM5<>""),"Closed","Open")) -> Closed | I5: =IF(AND(AK5<>"",AL5<>"",AM5<>""),"All dates received",_xlfn.TEXTJOIN(" and ",TRUE(),IF(AK5="","No sailing date",""),IF(AL5="","No shipping advice sent",""),IF(AM5="","No docs dispatch date",""))) -> All dates received | J5: Thirty Second | K5: 4656 | L5: 320 | M5: AA/AB Highlands, SAS, Packed in 60kg Ecotact bags, CIF Sydney | N5: AA/AB TOP | R5: SAS | S5: Sydney | T5: =IF($H5="Cancelled","",IFERROR(((Q5+INDEX(Variables!$B$6:$D$6,IFERROR(MATCH(IF($B5="Robusta","Robusta",(IF($B5="","Arabica",$B5))&" - "&(IF($C5="","Commercial",$C5))),Variables!$B$1:$D$1,0),1)))*22.0462)*(L5/16.67),"")) -> 123067.26 | U5: 45281 | V5: =IF(ISNUMBER(U5),"Sent","") -> Sent | W5: 45303 | X5: =IF(ISNUMBER(W5),"Approved","") -> Approved | Z5: =IF($H5="Cancelled","",IFERROR(IF(F5="","",F5-Variables!$B$13),"")) -> 45367 | AA5: =IF($H5="Cancelled","",IFERROR(IF(W5="","",(AVERAGE(E5:F5)-W5)-Variables!$B$14),"")) -> 34 | AB5: 45072 | AC5: =IF($H5="Cancelled","",IFERROR(IF(AB5="","",IF(AND(W5="",Y5=""),"",IF(Y5>W5,Y5+Variables!$B$15+Variables!$B$16+Variables!$B$17-AB5,W5+Variables!$B$16+Variables!$B$17-AB5))),"")) -> 239 | AD5: ONE FCL/FCL | AE5: Kota Lagu | AI5: ONEYMBAE00272900 | AJ5: 8945906211 | AK5: 45357 | AL5: 45357 | AM5: 45366 | AN5: Documents dispatched | AP5: =IF($H5="Cancelled","",IFERROR(IF(OR(AK5="",AB5=""),"",(AB5+Variables!$B$18-AK5)),"")) -> -278 | AQ5: =IF($H5="Cancelled","",IFERROR(IF(OR(AM5="",AK5=""),"",(AK5+Variables!$B$19)-AM5),"")) -> -4 | AR5: =IF($H5="Cancelled","",IFERROR(T5*INDEX(Variables!$B$7:$D$7,IFERROR(MATCH(IF($B5="Robusta","Robusta",(IF($B5="","Arabica",$B5))&" - "&(IF($C5="","Commercial",$C5))),Variables!$B$1:$D$1,0),1))*(AQ5/365),"")) -> -86.966 | AS5: =IF($H5="Cancelled","",IFERROR((T5*INDEX(Variables!$B$7:$D$7,IFERROR(MATCH(IF($B5="Robusta","Robusta",(IF($B5="","Arabica",$B5))&" - "&(IF($C5="","Commercial",$C5))),Variables!$B$1:$D$1,0),1))*IFERROR(IF(W5="","",(AVERAGE(E5:F5)-W5)-Variables!$B$14),"")/365)+(L5/16.67*INDEX(Variables!$B$8:$D$8,IFERROR(MATCH(IF($B5="Robusta","Robusta",(IF($B5="","Arabica",$B5))&" - "&(IF($C5="","Commercial",$C5))),Variables!$B$1:$D$1,0),1))*IFERROR(IF(W5="","",(AVERAGE(E5:F5)-W5)-Variables!$B$14),""))+(T5*INDEX(Variables!$B$9:$D$9,IFERROR(MATCH(IF($B5="Robusta","Robusta",(IF($B5="","Arabica",$B5))&" - "&(IF($C5="","Commercial",$C5))),Variables!$B$1:$D$1,0),1))*IFERROR(IF(W5="","",(AVERAGE(E5:F5)-W5)-Variables!$B$14),"")/365),"")) -> 1292.7409 | AT5: =IF($H5="Cancelled","",IFERROR((T5*INDEX(Variables!$B$7:$D$7,IFERROR(MATCH(IF($B5="Robusta","Robusta",(IF($B5="","Arabica",$B5))&" - "&(IF($C5="","Commercial",$C5))),Variables!$B$1:$D$1,0),1))*AC5/365)+(L5/16.67*INDEX(Variables!$B$8:$D$8,IFERROR(MATCH(IF($B5="Robusta","Robusta",(IF($B5="","Arabica",$B5))&" - "&(IF($C5="","Commercial",$C5))),Variables!$B$1:$D$1,0),1))*AC5)+(T5*INDEX(Variables!$B$9:$D$9,IFERROR(MATCH(IF($B5="Robusta","Robusta",(IF($B5="","Arabica",$B5))&" - "&(IF($C5="","Commercial",$C5))),Variables!$B$1:$D$1,0),1))*AC5/365),"")) -> 9087.2078 | AU5: =IF($H5="Cancelled","",IFERROR((T5*INDEX(Variables!$B$7:$D$7,IFERROR(MATCH(IF($B5="Robusta","Robusta",(IF($B5="","Arabica",$B5))&" - "&(IF($C5="","Commercial",$C5))),Variables!$B$1:$D$1,0),1))*AP5/365)+(L5/16.67*INDEX(Variables!$B$8:$D$8,IFERROR(MATCH(IF($B5="Robusta","Robusta",(IF($B5="","Arabica",$B5))&" - "&(IF($C5="","Commercial",$C5))),Variables!$B$1:$D$1,0),1))*AP5)+(T5*INDEX(Variables!$B$9:$D$9,IFERROR(MATCH(IF($B5="Robusta","Robusta",(IF($B5="","Arabica",$B5))&" - "&(IF($C5="","Commercial",$C5))),Variables!$B$1:$D$1,0),1))*AP5/365),"")) -> -10570.058 | AV5: =IF($H5="Cancelled","",IFERROR(IF(AK5="","",F5-AK5),"")) -> 25 | AW5: =IF($H5="Cancelled","",IFERROR(IF(AV5="","",(T5*INDEX(Variables!$B$7:$D$7,IFERROR(MATCH(IF($B5="Robusta","Robusta",(IF($B5="","Arabica",$B5))&" - "&(IF($C5="","Commercial",$C5))),Variables!$B$1:$D$1,0),1))*(AV5/365))+(T5*INDEX(Variables!$B$9:$D$9,IFERROR(MATCH(IF($B5="Robusta","Robusta",(IF($B5="","Arabica",$B5))&" - "&(IF($C5="","Commercial",$C5))),Variables!$B$1:$D$1,0),1))*(AV5/365))+(INDEX(Variables!$B$8:$D$8,IFERROR(MATCH(IF($B5="Robusta","Robusta",(IF($B5="","Arabica",$B5))&" - "&(IF($C5="","Commercial",$C5))),Variables!$B$1:$D$1,0),1))*L5/16.67)),"")) -> 566.54475
A6: Kenya | B6: Arabica | C6: Commercial | D6: 45069 | E6: 45292 | F6: 45322 | G6: 3785999 | H6: =IF(ISNUMBER(SEARCH("cancel",AN6)),"Cancelled",IF(AND(AK6<>"",AL6<>"",AM6<>""),"Closed","Open")) -> Closed | I6: =IF(AND(AK6<>"",AL6<>"",AM6<>""),"All dates received",_xlfn.TEXTJOIN(" and ",TRUE(),IF(AK6="","No sailing date",""),IF(AL6="","No shipping advice sent",""),IF(AM6="","No docs dispatch date",""))) -> All dates received | J6: BR | K6: 4703A | L6: 360 | M6: AB RA Certified | N6: ABC Certified | R6: SAS | S6: Hamburg | T6: =IF($H6="Cancelled","",IFERROR(((Q6+INDEX(Variables!$B$6:$D$6,IFERROR(MATCH(IF($B6="Robusta","Robusta",(IF($B6="","Arabica",$B6))&" - "&(IF($C6="","Commercial",$C6))),Variables!$B$1:$D$1,0),1)))*22.0462)*(L6/16.67),"")) -> 138450.67 | U6: 45281 | V6: =IF(ISNUMBER(U6),"Sent","") -> Sent | W6: 45287 | X6: =IF(ISNUMBER(W6),"Approved","") -> Approved | Z6: =IF($H6="Cancelled","",IFERROR(IF(F6="","",F6-Variables!$B$13),"")) -> 45307 | AA6: =IF($H6="Cancelled","",IFERROR(IF(W6="","",(AVERAGE(E6:F6)-W6)-Variables!$B$14),"")) -> -10 | AB6: 45331 | AC6: =IF($H6="Cancelled","",IFERROR(IF(AB6="","",IF(AND(W6="",Y6=""),"",IF(Y6>W6,Y6+Variables!$B$15+Variables!$B$16+Variables!$B$17-AB6,W6+Variables!$B$16+Variables!$B$17-AB6))),"")) -> -36 | AD6: MSC FCL/FCL | AE6: MSC Martina | AI6: MEDUM2614326 | AJ6: 3421511435 | AK6: 45331 | AL6: 45334 | AM6: 45336 | AN6: Documents dispatched | AP6: =IF($H6="Cancelled","",IFERROR(IF(OR(AK6="",AB6=""),"",(AB6+Variables!$B$18-AK6)),"")) -> 7 | AQ6: =IF($H6="Cancelled","",IFERROR(IF(OR(AM6="",AK6=""),"",(AK6+Variables!$B$19)-AM6),"")) -> 0 | AR6: =IF($H6="Cancelled","",IFERROR(T6*INDEX(Variables!$B$7:$D$7,IFERROR(MATCH(IF($B6="Robusta","Robusta",(IF($B6="","Arabica",$B6))&" - "&(IF($C6="","Commercial",$C6))),Variables!$B$1:$D$1,0),1))*(AQ6/365),"")) -> 0 | AS6: =IF($H6="Cancelled","",IFERROR((T6*INDEX(Variables!$B$7:$D$7,IFERROR(MATCH(IF($B6="Robusta","Robusta",(IF($B6="","Arabica",$B6))&" - "&(IF($C6="","Commercial",$C6))),Variables!$B$1:$D$1,0),1))*IFERROR(IF(W6="","",(AVERAGE(E6:F6)-W6)-Variables!$B$14),"")/365)+(L6/16.67*INDEX(Variables!$B$8:$D$8,IFERROR(MATCH(IF($B6="Robusta","Robusta",(IF($B6="","Arabica",$B6))&" - "&(IF($C6="","Commercial",$C6))),Variables!$B$1:$D$1,0),1))*IFERROR(IF(W6="","",(AVERAGE(E6:F6)-W6)-Variables!$B$14),""))+(T6*INDEX(Variables!$B$9:$D$9,IFERROR(MATCH(IF($B6="Robusta","Robusta",(IF($B6="","Arabica",$B6))&" - "&(IF($C6="","Commercial",$C6))),Variables!$B$1:$D$1,0),1))*IFERROR(IF(W6="","",(AVERAGE(E6:F6)-W6)-Variables!$B$14),"")/365),"")) -> -427.74514 | AT6: =IF($H6="Cancelled","",IFERROR((T6*INDEX(Variables!$B$7:$D$7,IFERROR(MATCH(IF($B6="Robusta","Robusta",(IF($B6="","Arabica",$B6))&" - "&(IF($C6="","Commercial",$C6))),Variables!$B$1:$D$1,0),1))*AC6/365)+(L6/16.67*INDEX(Variables!$B$8:$D$8,IFERROR(MATCH(IF($B6="Robusta","Robusta",(IF($B6="","Arabica",$B6))&" - "&(IF($C6="","Commercial",$C6))),Variables!$B$1:$D$1,0),1))*AC6)+(T6*INDEX(Variables!$B$9:$D$9,IFERROR(MATCH(IF($B6="Robusta","Robusta",(IF($B6="","Arabica",$B6))&" - "&(IF($C6="","Commercial",$C6))),Variables!$B$1:$D$1,0),1))*AC6/365),"")) -> -1539.8825 | AU6: =IF($H6="Cancelled","",IFERROR((T6*INDEX(Variables!$B$7:$D$7,IFERROR(MATCH(IF($B6="Robusta","Robusta",(IF($B6="","Arabica",$B6))&" - "&(IF($C6="","Commercial",$C6))),Variables!$B$1:$D$1,0),1))*AP6/365)+(L6/16.67*INDEX(Variables!$B$8:$D$8,IFERROR(MATCH(IF($B6="Robusta","Robusta",(IF($B6="","Arabica",$B6))&" - "&(IF($C6="","Commercial",$C6))),Variables!$B$1:$D$1,0),1))*AP6)+(T6*INDEX(Variables!$B$9:$D$9,IFERROR(MATCH(IF($B6="Robusta","Robusta",(IF($B6="","Arabica",$B6))&" - "&(IF($C6="","Commercial",$C6))),Variables!$B$1:$D$1,0),1))*AP6/365),"")) -> 299.4216 | AV6: =IF($H6="Cancelled","",IFERROR(IF(AK6="","",F6-AK6),"")) -> -9 | AW6: =IF($H6="Cancelled","",IFERROR(IF(AV6="","",(T6*INDEX(Variables!$B$7:$D$7,IFERROR(MATCH(IF($B6="Robusta","Robusta",(IF($B6="","Arabica",$B6))&" - "&(IF($C6="","Commercial",$C6))),Variables!$B$1:$D$1,0),1))*(AV6/365))+(T6*INDEX(Variables!$B$9:$D$9,IFERROR(MATCH(IF($B6="Robusta","Robusta",(IF($B6="","Arabica",$B6))&" - "&(IF($C6="","Commercial",$C6))),Variables!$B$1:$D$1,0),1))*(AV6/365))+(INDEX(Variables!$B$8:$D$8,IFERROR(MATCH(IF($B6="Robusta","Robusta",(IF($B6="","Arabica",$B6))&" - "&(IF($C6="","Commercial",$C6))),Variables!$B$1:$D$1,0),1))*L6/16.67)),"")) -> -204.97062
A7: Kenya | B7: Arabica | C7: Commercial | D7: 45069 | E7: 45292 | F7: 45322 | G7: 3785999 | H7: =IF(ISNUMBER(SEARCH("cancel",AN7)),"Cancelled",IF(AND(AK7<>"",AL7<>"",AM7<>""),"Closed","Open")) -> Closed | I7: =IF(AND(AK7<>"",AL7<>"",AM7<>""),"All dates received",_xlfn.TEXTJOIN(" and ",TRUE(),IF(AK7="","No sailing date",""),IF(AL7="","No shipping advice sent",""),IF(AM7="","No docs dispatch date",""))) -> All dates received | J7: BR | K7: 4703B | L7: 360 | M7: AB RA Certified | N7: ABC Certified | R7: SAS | S7: Hamburg | T7: =IF($H7="Cancelled","",IFERROR(((Q7+INDEX(Variables!$B$6:$D$6,IFERROR(MATCH(IF($B7="Robusta","Robusta",(IF($B7="","Arabica",$B7))&" - "&(IF($C7="","Commercial",$C7))),Variables!$B$1:$D$1,0),1)))*22.0462)*(L7/16.67),"")) -> 138450.67 | U7: 45281 | V7: =IF(ISNUMBER(U7),"Sent","") -> Sent | W7: 45287 | X7: =IF(ISNUMBER(W7),"Approved","") -> Approved | Z7: =IF($H7="Cancelled","",IFERROR(IF(F7="","",F7-Variables!$B$13),"")) -> 45307 | AA7: =IF($H7="Cancelled","",IFERROR(IF(W7="","",(AVERAGE(E7:F7)-W7)-Variables!$B$14),"")) -> -10 | AB7: 45336 | AC7: =IF($H7="Cancelled","",IFERROR(IF(AB7="","",IF(AND(W7="",Y7=""),"",IF(Y7>W7,Y7+Variables!$B$15+Variables!$B$16+Variables!$B$17-AB7,W7+Variables!$B$16+Variables!$B$17-AB7))),"")) -> -41 | AD7: MSC FCL/FCL | AE7: MSC Martina | AI7: MEDUM2614334 | AJ7: 3421511435 | AK7: 45331 | AL7: 45334 | AM7: 45336 | AN7: Documents dispatched | AP7: =IF($H7="Cancelled","",IFERROR(IF(OR(AK7="",AB7=""),"",(AB7+Variables!$B$18-AK7)),"")) -> 12 | AQ7: =IF($H7="Cancelled","",IFERROR(IF(OR(AM7="",AK7=""),"",(AK7+Variables!$B$19)-AM7),"")) -> 0 | AR7: =IF($H7="Cancelled","",IFERROR(T7*INDEX(Variables!$B$7:$D$7,IFERROR(MATCH(IF($B7="Robusta","Robusta",(IF($B7="","Arabica",$B7))&" - "&(IF($C7="","Commercial",$C7))),Variables!$B$1:$D$1,0),1))*(AQ7/365),"")) -> 0 | AS7: =IF($H7="Cancelled","",IFERROR((T7*INDEX(Variables!$B$7:$D$7,IFERROR(MATCH(IF($B7="Robusta","Robusta",(IF($B7="","Arabica",$B7))&" - "&(IF($C7="","Commercial",$C7))),Variables!$B$1:$D$1,0),1))*IFERROR(IF(W7="","",(AVERAGE(E7:F7)-W7)-Variables!$B$14),"")/365)+(L7/16.67*INDEX(Variables!$B$8:$D$8,IFERROR(MATCH(IF($B7="Robusta","Robusta",(IF($B7="","Arabica",$B7))&" - "&(IF($C7="","Commercial",$C7))),Variables!$B$1:$D$1,0),1))*IFERROR(IF(W7="","",(AVERAGE(E7:F7)-W7)-Variables!$B$14),""))+(T7*INDEX(Variables!$B$9:$D$9,IFERROR(MATCH(IF($B7="Robusta","Robusta",(IF($B7="","Arabica",$B7))&" - "&(IF($C7="","Commercial",$C7))),Variables!$B$1:$D$1,0),1))*IFERROR(IF(W7="","",(AVERAGE(E7:F7)-W7)-Variables!$B$14),"")/365),"")) -> -427.74514 | AT7: =IF($H7="Cancelled","",IFERROR((T7*INDEX(Variables!$B$7:$D$7,IFERROR(MATCH(IF($B7="Robusta","Robusta",(IF($B7="","Arabica",$B7))&" - "&(IF($C7="","Commercial",$C7))),Variables!$B$1:$D$1,0),1))*AC7/365)+(L7/16.67*INDEX(Variables!$B$8:$D$8,IFERROR(MATCH(IF($B7="Robusta","Robusta",(IF($B7="","Arabica",$B7))&" - "&(IF($C7="","Commercial",$C7))),Variables!$B$1:$D$1,0),1))*AC7)+(T7*INDEX(Variables!$B$9:$D$9,IFERROR(MATCH(IF($B7="Robusta","Robusta",(IF($B7="","Arabica",$B7))&" - "&(IF($C7="","Commercial",$C7))),Variables!$B$1:$D$1,0),1))*AC7/365),"")) -> -1753.7551 | AU7: =IF($H7="Cancelled","",IFERROR((T7*INDEX(Variables!$B$7:$D$7,IFERROR(MATCH(IF($B7="Robusta","Robusta",(IF($B7="","Arabica",$B7))&" - "&(IF($C7="","Commercial",$C7))),Variables!$B$1:$D$1,0),1))*AP7/365)+(L7/16.67*INDEX(Variables!$B$8:$D$8,IFERROR(MATCH(IF($B7="Robusta","Robusta",(IF($B7="","Arabica",$B7))&" - "&(IF($C7="","Commercial",$C7))),Variables!$B$1:$D$1,0),1))*AP7)+(T7*INDEX(Variables!$B$9:$D$9,IFERROR(MATCH(IF($B7="Robusta","Robusta",(IF($B7="","Arabica",$B7))&" - "&(IF($C7="","Commercial",$C7))),Variables!$B$1:$D$1,0),1))*AP7/365),"")) -> 513.29416 | AV7: =IF($H7="Cancelled","",IFERROR(IF(AK7="","",F7-AK7),"")) -> -9 | AW7: =IF($H7="Cancelled","",IFERROR(IF(AV7="","",(T7*INDEX(Variables!$B$7:$D$7,IFERROR(MATCH(IF($B7="Robusta","Robusta",(IF($B7="","Arabica",$B7))&" - "&(IF($C7="","Commercial",$C7))),Variables!$B$1:$D$1,0),1))*(AV7/365))+(T7*INDEX(Variables!$B$9:$D$9,IFERROR(MATCH(IF($B7="Robusta","Robusta",(IF($B7="","Arabica",$B7))&" - "&(IF($C7="","Commercial",$C7))),Variables!$B$1:$D$1,0),1))*(AV7/365))+(INDEX(Variables!$B$8:$D$8,IFERROR(MATCH(IF($B7="Robusta","Robusta",(IF($B7="","Arabica",$B7))&" - "&(IF($C7="","Commercial",$C7))),Variables!$B$1:$D$1,0),1))*L7/16.67)),"")) -> -204.97062
A8: Kenya | B8: Arabica | C8: Commercial | D8: 45133 | E8: 45292 | F8: 45322 | G8: 3786046 | H8: =IF(ISNUMBER(SEARCH("cancel",AN8)),"Cancelled",IF(AND(AK8<>"",AL8<>"",AM8<>""),"Closed","Open")) -> Open | I8: =IF(AND(AK8<>"",AL8<>"",AM8<>""),"All dates received",_xlfn.TEXTJOIN(" and ",TRUE(),IF(AK8="","No sailing date",""),IF(AL8="","No shipping advice sent",""),IF(AM8="","No docs dispatch date",""))) -> No shipping advice sent | J8: Jobin | L8: 320 | M8: Congo Kivu 4 | N8: AA | R8: SAS | S8: Hamburg | T8: =IF($H8="Cancelled","",IFERROR(((Q8+INDEX(Variables!$B$6:$D$6,IFERROR(MATCH(IF($B8="Robusta","Robusta",(IF($B8="","Arabica",$B8))&" - "&(IF($C8="","Commercial",$C8))),Variables!$B$1:$D$1,0),1)))*22.0462)*(L8/16.67),"")) -> 123067.26 | U8: 45265 | V8: =IF(ISNUMBER(U8),"Sent","") -> Sent | W8: 45271 | X8: =IF(ISNUMBER(W8),"Approved","") -> Approved | Z8: =IF($H8="Cancelled","",IFERROR(IF(F8="","",F8-Variables!$B$13),"")) -> 45307 | AA8: =IF($H8="Cancelled","",IFERROR(IF(W8="","",(AVERAGE(E8:F8)-W8)-Variables!$B$14),"")) -> 6 | AB8: 45390 | AC8: =IF($H8="Cancelled","",IFERROR(IF(AB8="","",IF(AND(W8="",Y8=""),"",IF(Y8>W8,Y8+Variables!$B$15+Variables!$B$16+Variables!$B$17-AB8,W8+Variables!$B$16+Variables!$B$17-AB8))),"")) -> -111 | AD8: MSC FCL/FCL | AE8: MSC Aria III | AI8: MEDUM2628615 | AJ8: N/A | AK8: 45343 | AM8: 45379 | AN8: Documents dispatched | AP8: =IF($H8="Cancelled","",IFERROR(IF(OR(AK8="",AB8=""),"",(AB8+Variables!$B$18-AK8)),"")) -> 54 | AQ8: =IF($H8="Cancelled","",IFERROR(IF(OR(AM8="",AK8=""),"",(AK8+Variables!$B$19)-AM8),"")) -> -31 | AR8: =IF($H8="Cancelled","",IFERROR(T8*INDEX(Variables!$B$7:$D$7,IFERROR(MATCH(IF($B8="Robusta","Robusta",(IF($B8="","Arabica",$B8))&" - "&(IF($C8="","Commercial",$C8))),Variables!$B$1:$D$1,0),1))*(AQ8/365),"")) -> -673.9865 | AS8: =IF($H8="Cancelled","",IFERROR((T8*INDEX(Variables!$B$7:$D$7,IFERROR(MATCH(IF($B8="Robusta","Robusta",(IF($B8="","Arabica",$B8))&" - "&(IF($C8="","Commercial",$C8))),Variables!$B$1:$D$1,0),1))*IFERROR(IF(W8="","",(AVERAGE(E8:F8)-W8)-Variables!$B$14),"")/365)+(L8/16.67*INDEX(Variables!$B$8:$D$8,IFERROR(MATCH(IF($B8="Robusta","Robusta",(IF($B8="","Arabica",$B8))&" - "&(IF($C8="","Commercial",$C8))),Variables!$B$1:$D$1,0),1))*IFERROR(IF(W8="","",(AVERAGE(E8:F8)-W8)-Variables!$B$14),""))+(T8*INDEX(Variables!$B$9:$D$9,IFERROR(MATCH(IF($B8="Robusta","Robusta",(IF($B8="","Arabica",$B8))&" - "&(IF($C8="","Commercial",$C8))),Variables!$B$1:$D$1,0),1))*IFERROR(IF(W8="","",(AVERAGE(E8:F8)-W8)-Variables!$B$14),"")/365),"")) -> 228.13074 | AT8: =IF($H8="Cancelled","",IFERROR((T8*INDEX(Variables!$B$7:$D$7,IFERROR(MATCH(IF($B8="Robusta","Robusta",(IF($B8="","Arabica",$B8))&" - "&(IF($C8="","Commercial",$C8))),Variables!$B$1:$D$1,0),1))*AC8/365)+(L8/16.67*INDEX(Variables!$B$8:$D$8,IFERROR(MATCH(IF($B8="Robusta","Robusta",(IF($B8="","Arabica",$B8))&" - "&(IF($C8="","Commercial",$C8))),Variables!$B$1:$D$1,0),1))*AC8)+(T8*INDEX(Variables!$B$9:$D$9,IFERROR(MATCH(IF($B8="Robusta","Robusta",(IF($B8="","Arabica",$B8))&" - "&(IF($C8="","Commercial",$C8))),Variables!$B$1:$D$1,0),1))*AC8/365),"")) -> -4220.4187 | AU8: =IF($H8="Cancelled","",IFERROR((T8*INDEX(Variables!$B$7:$D$7,IFERROR(MATCH(IF($B8="Robusta","Robusta",(IF($B8="","Arabica",$B8))&" - "&(IF($C8="","Commercial",$C8))),Variables!$B$1:$D$1,0),1))*AP8/365)+(L8/16.67*INDEX(Variables!$B$8:$D$8,IFERROR(MATCH(IF($B8="Robusta","Robusta",(IF($B8="","Arabica",$B8))&" - "&(IF($C8="","Commercial",$C8))),Variables!$B$1:$D$1,0),1))*AP8)+(T8*INDEX(Variables!$B$9:$D$9,IFERROR(MATCH(IF($B8="Robusta","Robusta",(IF($B8="","Arabica",$B8))&" - "&(IF($C8="","Commercial",$C8))),Variables!$B$1:$D$1,0),1))*AP8/365),"")) -> 2053.1767 | AV8: =IF($H8="Cancelled","",IFERROR(IF(AK8="","",F8-AK8),"")) -> -21 | AW8: =IF($H8="Cancelled","",IFERROR(IF(AV8="","",(T8*INDEX(Variables!$B$7:$D$7,IFERROR(MATCH(IF($B8="Robusta","Robusta",(IF($B8="","Arabica",$B8))&" - "&(IF($C8="","Commercial",$C8))),Variables!$B$1:$D$1,0),1))*(AV8/365))+(T8*INDEX(Variables!$B$9:$D$9,IFERROR(MATCH(IF($B8="Robusta","Robusta",(IF($B8="","Arabica",$B8))&" - "&(IF($C8="","Commercial",$C8))),Variables!$B$1:$D$1,0),1))*(AV8/365))+(INDEX(Variables!$B$8:$D$8,IFERROR(MATCH(IF($B8="Robusta","Robusta",(IF($B8="","Arabica",$B8))&" - "&(IF($C8="","Commercial",$C8))),Variables!$B$1:$D$1,0),1))*L8/16.67)),"")) -> -446.45759
A9: Kenya | B9: Arabica | C9: Commercial | D9: 45133 | E9: 45323 | F9: 45351 | G9: 3786047 | H9: =IF(ISNUMBER(SEARCH("cancel",AN9)),"Cancelled",IF(AND(AK9<>"",AL9<>"",AM9<>""),"Closed","Open")) -> Closed | I9: =IF(AND(AK9<>"",AL9<>"",AM9<>""),"All dates received",_xlfn.TEXTJOIN(" and ",TRUE(),IF(AK9="","No sailing date",""),IF(AL9="","No shipping advice sent",""),IF(AM9="","No docs dispatch date",""))) -> All dates received | J9: Jobin | L9: 320 | M9: Congo Kivu 4 | N9: AA | R9: SAS | S9: Lehavre | T9: =IF($H9="Cancelled","",IFERROR(((Q9+INDEX(Variables!$B$6:$D$6,IFERROR(MATCH(IF($B9="Robusta","Robusta",(IF($B9="","Arabica",$B9))&" - "&(IF($C9="","Commercial",$C9))),Variables!$B$1:$D$1,0),1)))*22.0462)*(L9/16.67),"")) -> 123067.26 | V9: =IF(ISNUMBER(U9),"Sent","") | W9: 45307 | X9: =IF(ISNUMBER(W9),"Approved","") -> Approved | Y9: 45379 | Z9: =IF($H9="Cancelled","",IFERROR(IF(F9="","",F9-Variables!$B$13),"")) -> 45336 | AA9: =IF($H9="Cancelled","",IFERROR(IF(W9="","",(AVERAGE(E9:F9)-W9)-Variables!$B$14),"")) -> 0 | AB9: 45390 | AC9: =IF($H9="Cancelled","",IFERROR(IF(AB9="","",IF(AND(W9="",Y9=""),"",IF(Y9>W9,Y9+Variables!$B$15+Variables!$B$16+Variables!$B$17-AB9,W9+Variables!$B$16+Variables!$B$17-AB9))),"")) -> 4 | AD9: MSC FCL/FCL | AE9: Msc Precision | AI9: MEDUM2649587 | AJ9: N/A | AK9: 45468 | AL9: 45471 | AM9: 45474 | AN9: Documents dispatched | AP9: =IF($H9="Cancelled","",IFERROR(IF(OR(AK9="",AB9=""),"",(AB9+Variables!$B$18-AK9)),"")) -> -71 | AQ9: =IF($H9="Cancelled","",IFERROR(IF(OR(AM9="",AK9=""),"",(AK9+Variables!$B$19)-AM9),"")) -> -1 | AR9: =IF($H9="Cancelled","",IFERROR(T9*INDEX(Variables!$B$7:$D$7,IFERROR(MATCH(IF($B9="Robusta","Robusta",(IF($B9="","Arabica",$B9))&" - "&(IF($C9="","Commercial",$C9))),Variables!$B$1:$D$1,0),1))*(AQ9/365),"")) -> -21.7415 | AS9: =IF($H9="Cancelled","",IFERROR((T9*INDEX(Variables!$B$7:$D$7,IFERROR(MATCH(IF($B9="Robusta","Robusta",(IF($B9="","Arabica",$B9))&" - "&(IF($C9="","Commercial",$C9))),Variables!$B$1:$D$1,0),1))*IFERROR(IF(W9="","",(AVERAGE(E9:F9)-W9)-Variables!$B$14),"")/365)+(L9/16.67*INDEX(Variables!$B$8:$D$8,IFERROR(MATCH(IF($B9="Robusta","Robusta",(IF($B9="","Arabica",$B9))&" - "&(IF($C9="","Commercial",$C9))),Variables!$B$1:$D$1,0),1))*IFERROR(IF(W9="","",(AVERAGE(E9:F9)-W9)-Variables!$B$14),""))+(T9*INDEX(Variables!$B$9:$D$9,IFERROR(MATCH(IF($B9="Robusta","Robusta",(IF($B9="","Arabica",$B9))&" - "&(IF($C9="","Commercial",$C9))),Variables!$B$1:$D$1,0),1))*IFERROR(IF(W9="","",(AVERAGE(E9:F9)-W9)-Variables!$B$14),"")/365),"")) -> 0 | AT9: =IF($H9="Cancelled","",IFERROR((T9*INDEX(Variables!$B$7:$D$7,IFERROR(MATCH(IF($B9="Robusta","Robusta",(IF($B9="","Arabica",$B9))&" - "&(IF($C9="","Commercial",$C9))),Variables!$B$1:$D$1,0),1))*AC9/365)+(L9/16.67*INDEX(Variables!$B$8:$D$8,IFERROR(MATCH(IF($B9="Robusta","Robusta",(IF($B9="","Arabica",$B9))&" - "&(IF($C9="","Commercial",$C9))),Variables!$B$1:$D$1,0),1))*AC9)+(T9*INDEX(Variables!$B$9:$D$9,IFERROR(MATCH(IF($B9="Robusta","Robusta",(IF($B9="","Arabica",$B9))&" - "&(IF($C9="","Commercial",$C9))),Variables!$B$1:$D$1,0),1))*AC9/365),"")) -> 152.08716 | AU9: =IF($H9="Cancelled","",IFERROR((T9*INDEX(Variables!$B$7:$D$7,IFERROR(MATCH(IF($B9="Robusta","Robusta",(IF($B9="","Arabica",$B9))&" - "&(IF($C9="","Commercial",$C9))),Variables!$B$1:$D$1,0),1))*AP9/365)+(L9/16.67*INDEX(Variables!$B$8:$D$8,IFERROR(MATCH(IF($B9="Robusta","Robusta",(IF($B9="","Arabica",$B9))&" - "&(IF($C9="","Commercial",$C9))),Variables!$B$1:$D$1,0),1))*AP9)+(T9*INDEX(Variables!$B$9:$D$9,IFERROR(MATCH(IF($B9="Robusta","Robusta",(IF($B9="","Arabica",$B9))&" - "&(IF($C9="","Commercial",$C9))),Variables!$B$1:$D$1,0),1))*AP9/365),"")) -> -2699.5471 | AV9: =IF($H9="Cancelled","",IFERROR(IF(AK9="","",F9-AK9),"")) -> -117 | AW9: =IF($H9="Cancelled","",IFERROR(IF(AV9="","",(T9*INDEX(Variables!$B$7:$D$7,IFERROR(MATCH(IF($B9="Robusta","Robusta",(IF($B9="","Arabica",$B9))&" - "&(IF($C9="","Commercial",$C9))),Variables!$B$1:$D$1,0),1))*(AV9/365))+(T9*INDEX(Variables!$B$9:$D$9,IFERROR(MATCH(IF($B9="Robusta","Robusta",(IF($B9="","Arabica",$B9))&" - "&(IF($C9="","Commercial",$C9))),Variables!$B$1:$D$1,0),1))*(AV9/365))+(INDEX(Variables!$B$8:$D$8,IFERROR(MATCH(IF($B9="Robusta","Robusta",(IF($B9="","Arabica",$B9))&" - "&(IF($C9="","Commercial",$C9))),Variables!$B$1:$D$1,0),1))*L9/16.67)),"")) -> -2560.5494
A10: Kenya | B10: Arabica | C10: Commercial | D10: 45134 | E10: 45352 | F10: 45382 | G10: 3786053 | H10: =IF(ISNUMBER(SEARCH("cancel",AN10)),"Cancelled",IF(AND(AK10<>"",AL10<>"",AM10<>""),"Closed","Open")) -> Closed | I10: =IF(AND(AK10<>"",AL10<>"",AM10<>""),"All dates received",_xlfn.TEXTJOIN(" and ",TRUE(),IF(AK10="","No sailing date",""),IF(AL10="","No shipping advice sent",""),IF(AM10="","No docs dispatch date",""))) -> All dates received | J10: Dong Suh | K10: 4719 | L10: 840 | M10: ABC FAQ | N10: ABC Minus | R10: SAS | S10: Busan | T10: =IF($H10="Cancelled","",IFERROR(((Q10+INDEX(Variables!$B$6:$D$6,IFERROR(MATCH(IF($B10="Robusta","Robusta",(IF($B10="","Arabica",$B10))&" - "&(IF($C10="","Commercial",$C10))),Variables!$B$1:$D$1,0),1)))*22.0462)*(L10/16.67),"")) -> 323051.55 | U10: 45328 | V10: =IF(ISNUMBER(U10),"Sent","") -> Sent | W10: 45359 | X10: =IF(ISNUMBER(W10),"Approved","") -> Approved | Z10: =IF($H10="Cancelled","",IFERROR(IF(F10="","",F10-Variables!$B$13),"")) -> 45367 | AA10: =IF($H10="Cancelled","",IFERROR(IF(W10="","",(AVERAGE(E10:F10)-W10)-Variables!$B$14),"")) -> -22 | AB10: 45397 | AC10: =IF($H10="Cancelled","",IFERROR(IF(AB10="","",IF(AND(W10="",Y10=""),"",IF(Y10>W10,Y10+Variables!$B$15+Variables!$B$16+Variables!$B$17-AB10,W10+Variables!$B$16+Variables!$B$17-AB10))),"")) -> -30 | AD10: Maersk/ONE FCL/FCL | AE10: Kota Karim | AI10: ONEYMBAE00232500 | AJ10: 6427984430 | AK10: 45384 | AL10: 45386 | AM10: 45397 | AN10: Documents dispatched | AP10: =IF($H10="Cancelled","",IFERROR(IF(OR(AK10="",AB10=""),"",(AB10+Variables!$B$18-AK10)),"")) -> 20 | AQ10: =IF($H10="Cancelled","",IFERROR(IF(OR(AM10="",AK10=""),"",(AK10+Variables!$B$19)-AM10),"")) -> -8 | AR10: =IF($H10="Cancelled","",IFERROR(T10*INDEX(Variables!$B$7:$D$7,IFERROR(MATCH(IF($B10="Robusta","Robusta",(IF($B10="","Arabica",$B10))&" - "&(IF($C10="","Commercial",$C10))),Variables!$B$1:$D$1,0),1))*(AQ10/365),"")) -> -456.5715 | AS10: =IF($H10="Cancelled","",IFERROR((T10*INDEX(Variables!$B$7:$D$7,IFERROR(MATCH(IF($B10="Robusta","Robusta",(IF($B10="","Arabica",$B10))&" - "&(IF($C10="","Commercial",$C10))),Variables!$B$1:$D$1,0),1))*IFERROR(IF(W10="","",(AVERAGE(E10:F10)-W10)-Variables!$B$14),"")/365)+(L10/16.67*INDEX(Variables!$B$8:$D$8,IFERROR(MATCH(IF($B10="Robusta","Robusta",(IF($B10="","Arabica",$B10))&" - "&(IF($C10="","Commercial",$C10))),Variables!$B$1:$D$1,0),1))*IFERROR(IF(W10="","",(AVERAGE(E10:F10)-W10)-Variables!$B$14),""))+(T10*INDEX(Variables!$B$9:$D$9,IFERROR(MATCH(IF($B10="Robusta","Robusta",(IF($B10="","Arabica",$B10))&" - "&(IF($C10="","Commercial",$C10))),Variables!$B$1:$D$1,0),1))*IFERROR(IF(W10="","",(AVERAGE(E10:F10)-W10)-Variables!$B$14),"")/365),"")) -> -2195.7584 | AT10: =IF($H10="Cancelled","",IFERROR((T10*INDEX(Variables!$B$7:$D$7,IFERROR(MATCH(IF($B10="Robusta","Robusta",(IF($B10="","Arabica",$B10))&" - "&(IF($C10="","Commercial",$C10))),Variables!$B$1:$D$1,0),1))*AC10/365)+(L10/16.67*INDEX(Variables!$B$8:$D$8,IFERROR(MATCH(IF($B10="Robusta","Robusta",(IF($B10="","Arabica",$B10))&" - "&(IF($C10="","Commercial",$C10))),Variables!$B$1:$D$1,0),1))*AC10)+(T10*INDEX(Variables!$B$9:$D$9,IFERROR(MATCH(IF($B10="Robusta","Robusta",(IF($B10="","Arabica",$B10))&" - "&(IF($C10="","Commercial",$C10))),Variables!$B$1:$D$1,0),1))*AC10/365),"")) -> -2994.216 | AU10: =IF($H10="Cancelled","",IFERROR((T10*INDEX(Variables!$B$7:$D$7,IFERROR(MATCH(IF($B10="Robusta","Robusta",(IF($B10="","Arabica",$B10))&" - "&(IF($C10="","Commercial",$C10))),Variables!$B$1:$D$1,0),1))*AP10/365)+(L10/16.67*INDEX(Variables!$B$8:$D$8,IFERROR(MATCH(IF($B10="Robusta","Robusta",(IF($B10="","Arabica",$B10))&" - "&(IF($C10="","Commercial",$C10))),Variables!$B$1:$D$1,0),1))*AP10)+(T10*INDEX(Variables!$B$9:$D$9,IFERROR(MATCH(IF($B10="Robusta","Robusta",(IF($B10="","Arabica",$B10))&" - "&(IF($C10="","Commercial",$C10))),Variables!$B$1:$D$1,0),1))*AP10/365),"")) -> 1996.144 | AV10: =IF($H10="Cancelled","",IFERROR(IF(AK10="","",F10-AK10),"")) -> -2 | AW10: =IF($H10="Cancelled","",IFERROR(IF(AV10="","",(T10*INDEX(Variables!$B$7:$D$7,IFERROR(MATCH(IF($B10="Robusta","Robusta",(IF($B10="","Arabica",$B10))&" - "&(IF($C10="","Commercial",$C10))),Variables!$B$1:$D$1,0),1))*(AV10/365))+(T10*INDEX(Variables!$B$9:$D$9,IFERROR(MATCH(IF($B10="Robusta","Robusta",(IF($B10="","Arabica",$B10))&" - "&(IF($C10="","Commercial",$C10))),Variables!$B$1:$D$1,0),1))*(AV10/365))+(INDEX(Variables!$B$8:$D$8,IFERROR(MATCH(IF($B10="Robusta","Robusta",(IF($B10="","Arabica",$B10))&" - "&(IF($C10="","Commercial",$C10))),Variables!$B$1:$D$1,0),1))*L10/16.67)),"")) -> -73.614397
A11: Kenya | B11: Arabica | C11: Commercial | D11: 45134 | E11: 45383 | F11: 45412 | G11: 3786051 | H11: =IF(ISNUMBER(SEARCH("cancel",AN11)),"Cancelled",IF(AND(AK11<>"",AL11<>"",AM11<>""),"Closed","Open")) -> Closed | I11: =IF(AND(AK11<>"",AL11<>"",AM11<>""),"All dates received",_xlfn.TEXTJOIN(" and ",TRUE(),IF(AK11="","No sailing date",""),IF(AL11="","No shipping advice sent",""),IF(AM11="","No docs dispatch date",""))) -> All dates received | J11: Dong Suh | K11: 4834 | L11: 840 | M11: AB FAQ | N11: ABC FAQ | R11: SAS | S11: Busan | T11: =IF($H11="Cancelled","",IFERROR(((Q11+INDEX(Variables!$B$6:$D$6,IFERROR(MATCH(IF($B11="Robusta","Robusta",(IF($B11="","Arabica",$B11))&" - "&(IF($C11="","Commercial",$C11))),Variables!$B$1:$D$1,0),1)))*22.0462)*(L11/16.67),"")) -> 323051.55 | U11: 45362 | V11: =IF(ISNUMBER(U11),"Sent","") -> Sent | W11: 45421 | X11: =IF(ISNUMBER(W11),"Approved","") -> Approved | Z11: =IF($H11="Cancelled","",IFERROR(IF(F11="","",F11-Variables!$B$13),"")) -> 45397 | AA11: =IF($H11="Cancelled","",IFERROR(IF(W11="","",(AVERAGE(E11:F11)-W11)-Variables!$B$14),"")) -> -53.5 | AB11: 45398 | AC11: =IF($H11="Cancelled","",IFERROR(IF(AB11="","",IF(AND(W11="",Y11=""),"",IF(Y11>W11,Y11+Variables!$B$15+Variables!$B$16+Variables!$B$17-AB11,W11+Variables!$B$16+Variables!$B$17-AB11))),"")) -> 31 | AD11: ONE FCL/FCL | AE11: Kota Krim | AI11: ONEYMBAE00665800 | AJ11: 7766 8468 8718 | AK11: 45437 | AL11: 45439 | AM11: 45447 | AN11: Documents dispatched | AP11: =IF($H11="Cancelled","",IFERROR(IF(OR(AK11="",AB11=""),"",(AB11+Variables!$B$18-AK11)),"")) -> -32 | AQ11: =IF($H11="Cancelled","",IFERROR(IF(OR(AM11="",AK11=""),"",(AK11+Variables!$B$19)-AM11),"")) -> -5 | AR11: =IF($H11="Cancelled","",IFERROR(T11*INDEX(Variables!$B$7:$D$7,IFERROR(MATCH(IF($B11="Robusta","Robusta",(IF($B11="","Arabica",$B11))&" - "&(IF($C11="","Commercial",$C11))),Variables!$B$1:$D$1,0),1))*(AQ11/365),"")) -> -285.35719 | AS11: =IF($H11="Cancelled","",IFERROR((T11*INDEX(Variables!$B$7:$D$7,IFERROR(MATCH(IF($B11="Robusta","Robusta",(IF($B11="","Arabica",$B11))&" - "&(IF($C11="","Commercial",$C11))),Variables!$B$1:$D$1,0),1))*IFERROR(IF(W11="","",(AVERAGE(E11:F11)-W11)-Variables!$B$14),"")/365)+(L11/16.67*INDEX(Variables!$B$8:$D$8,IFERROR(MATCH(IF($B11="Robusta","Robusta",(IF($B11="","Arabica",$B11))&" - "&(IF($C11="","Commercial",$C11))),Variables!$B$1:$D$1,0),1))*IFERROR(IF(W11="","",(AVERAGE(E11:F11)-W11)-Variables!$B$14),""))+(T11*INDEX(Variables!$B$9:$D$9,IFERROR(MATCH(IF($B11="Robusta","Robusta",(IF($B11="","Arabica",$B11))&" - "&(IF($C11="","Commercial",$C11))),Variables!$B$1:$D$1,0),1))*IFERROR(IF(W11="","",(AVERAGE(E11:F11)-W11)-Variables!$B$14),"")/365),"")) -> -5339.6851 | AT11: =IF($H11="Cancelled","",IFERROR((T11*INDEX(Variables!$B$7:$D$7,IFERROR(MATCH(IF($B11="Robusta","Robusta",(IF($B11="","Arabica",$B11))&" - "&(IF($C11="","Commercial",$C11))),Variables!$B$1:$D$1,0),1))*AC11/365)+(L11/16.67*INDEX(Variables!$B$8:$D$8,IFERROR(MATCH(IF($B11="Robusta","Robusta",(IF($B11="","Arabica",$B11))&" - "&(IF($C11="","Commercial",$C11))),Variables!$B$1:$D$1,0),1))*AC11)+(T11*INDEX(Variables!$B$9:$D$9,IFERROR(MATCH(IF($B11="Robusta","Robusta",(IF($B11="","Arabica",$B11))&" - "&(IF($C11="","Commercial",$C11))),Variables!$B$1:$D$1,0),1))*AC11/365),"")) -> 3094.0232 | AU11: =IF($H11="Cancelled","",IFERROR((T11*INDEX(Variables!$B$7:$D$7,IFERROR(MATCH(IF($B11="Robusta","Robusta",(IF($B11="","Arabica",$B11))&" - "&(IF($C11="","Commercial",$C11))),Variables!$B$1:$D$1,0),1))*AP11/365)+(L11/16.67*INDEX(Variables!$B$8:$D$8,IFERROR(MATCH(IF($B11="Robusta","Robusta",(IF($B11="","Arabica",$B11))&" - "&(IF($C11="","Commercial",$C11))),Variables!$B$1:$D$1,0),1))*AP11)+(T11*INDEX(Variables!$B$9:$D$9,IFERROR(MATCH(IF($B11="Robusta","Robusta",(IF($B11="","Arabica",$B11))&" - "&(IF($C11="","Commercial",$C11))),Variables!$B$1:$D$1,0),1))*AP11/365),"")) -> -3193.8304 | AV11: =IF($H11="Cancelled","",IFERROR(IF(AK11="","",F11-AK11),"")) -> -25 | AW11: =IF($H11="Cancelled","",IFERROR(IF(AV11="","",(T11*INDEX(Variables!$B$7:$D$7,IFERROR(MATCH(IF($B11="Robusta","Robusta",(IF($B11="","Arabica",$B11))&" - "&(IF($C11="","Commercial",$C11))),Variables!$B$1:$D$1,0),1))*(AV11/365))+(T11*INDEX(Variables!$B$9:$D$9,IFERROR(MATCH(IF($B11="Robusta","Robusta",(IF($B11="","Arabica",$B11))&" - "&(IF($C11="","Commercial",$C11))),Variables!$B$1:$D$1,0),1))*(AV11/365))+(INDEX(Variables!$B$8:$D$8,IFERROR(MATCH(IF($B11="Robusta","Robusta",(IF($B11="","Arabica",$B11))&" - "&(IF($C11="","Commercial",$C11))),Variables!$B$1:$D$1,0),1))*L11/16.67)),"")) -> -1403.18
A12: Kenya | B12: Arabica | C12: Commercial | D12: 45134 | E12: 45383 | F12: 45412 | G12: 3786054 | H12: =IF(ISNUMBER(SEARCH("cancel",AN12)),"Cancelled",IF(AND(AK12<>"",AL12<>"",AM12<>""),"Closed","Open")) -> Closed | I12: =IF(AND(AK12<>"",AL12<>"",AM12<>""),"All dates received",_xlfn.TEXTJOIN(" and ",TRUE(),IF(AK12="","No sailing date",""),IF(AL12="","No shipping advice sent",""),IF(AM12="","No docs dispatch date",""))) -> All dates received | J12: Dong Suh | K12: 4835 | L12: 840 | M12: ABC FAQ | N12: ABC Minus | R12: SAS | S12: Busan | T12: =IF($H12="Cancelled","",IFERROR(((Q12+INDEX(Variables!$B$6:$D$6,IFERROR(MATCH(IF($B12="Robusta","Robusta",(IF($B12="","Arabica",$B12))&" - "&(IF($C12="","Commercial",$C12))),Variables!$B$1:$D$1,0),1)))*22.0462)*(L12/16.67),"")) -> 323051.55 | U12: 45362 | V12: =IF(ISNUMBER(U12),"Sent","") -> Sent | W12: 45421 | X12: =IF(ISNUMBER(W12),"Approved","") -> Approved | Z12: =IF($H12="Cancelled","",IFERROR(IF(F12="","",F12-Variables!$B$13),"")) -> 45397 | AA12: =IF($H12="Cancelled","",IFERROR(IF(W12="","",(AVERAGE(E12:F12)-W12)-Variables!$B$14),"")) -> -53.5 | AB12: 45397 | AC12: =IF($H12="Cancelled","",IFERROR(IF(AB12="","",IF(AND(W12="",Y12=""),"",IF(Y12>W12,Y12+Variables!$B$15+Variables!$B$16+Variables!$B$17-AB12,W12+Variables!$B$16+Variables!$B$17-AB12))),"")) -> 32 | AD12: Evergreen FCL/FCL | AE12: Ever Dainty | AI12: 321400001449 | AJ12: 7769 3681 8540 | AK12: 45445 | AL12: 45448 | AM12: 45462 | AN12: Documents dispatched | AP12: =IF($H12="Cancelled","",IFERROR(IF(OR(AK12="",AB12=""),"",(AB12+Variables!$B$18-AK12)),"")) -> -41 | AQ12: =IF($H12="Cancelled","",IFERROR(IF(OR(AM12="",AK12=""),"",(AK12+Variables!$B$19)-AM12),"")) -> -12 | AR12: =IF($H12="Cancelled","",IFERROR(T12*INDEX(Variables!$B$7:$D$7,IFERROR(MATCH(IF($B12="Robusta","Robusta",(IF($B12="","Arabica",$B12))&" - "&(IF($C12="","Commercial",$C12))),Variables!$B$1:$D$1,0),1))*(AQ12/365),"")) -> -684.85725 | AS12: =IF($H12="Cancelled","",IFERROR((T12*INDEX(Variables!$B$7:$D$7,IFERROR(MATCH(IF($B12="Robusta","Robusta",(IF($B12="","Arabica",$B12))&" - "&(IF($C12="","Commercial",$C12))),Variables!$B$1:$D$1,0),1))*IFERROR(IF(W12="","",(AVERAGE(E12:F12)-W12)-Variables!$B$14),"")/365)+(L12/16.67*INDEX(Variables!$B$8:$D$8,IFERROR(MATCH(IF($B12="Robusta","Robusta",(IF($B12="","Arabica",$B12))&" - "&(IF($C12="","Commercial",$C12))),Variables!$B$1:$D$1,0),1))*IFERROR(IF(W12="","",(AVERAGE(E12:F12)-W12)-Variables!$B$14),""))+(T12*INDEX(Variables!$B$9:$D$9,IFERROR(MATCH(IF($B12="Robusta","Robusta",(IF($B12="","Arabica",$B12))&" - "&(IF($C12="","Commercial",$C12))),Variables!$B$1:$D$1,0),1))*IFERROR(IF(W12="","",(AVERAGE(E12:F12)-W12)-Variables!$B$14),"")/365),"")) -> -5339.6851 | AT12: =IF($H12="Cancelled","",IFERROR((T12*INDEX(Variables!$B$7:$D$7,IFERROR(MATCH(IF($B12="Robusta","Robusta",(IF($B12="","Arabica",$B12))&" - "&(IF($C12="","Commercial",$C12))),Variables!$B$1:$D$1,0),1))*AC12/365)+(L12/16.67*INDEX(Variables!$B$8:$D$8,IFERROR(MATCH(IF($B12="Robusta","Robusta",(IF($B12="","Arabica",$B12))&" - "&(IF($C12="","Commercial",$C12))),Variables!$B$1:$D$1,0),1))*AC12)+(T12*INDEX(Variables!$B$9:$D$9,IFERROR(MATCH(IF($B12="Robusta","Robusta",(IF($B12="","Arabica",$B12))&" - "&(IF($C12="","Commercial",$C12))),Variables!$B$1:$D$1,0),1))*AC12/365),"")) -> 3193.8304 | AU12: =IF($H12="Cancelled","",IFERROR((T12*INDEX(Variables!$B$7:$D$7,IFERROR(MATCH(IF($B12="Robusta","Robusta",(IF($B12="","Arabica",$B12))&" - "&(IF($C12="","Commercial",$C12))),Variables!$B$1:$D$1,0),1))*AP12/365)+(L12/16.67*INDEX(Variables!$B$8:$D$8,IFERROR(MATCH(IF($B12="Robusta","Robusta",(IF($B12="","Arabica",$B12))&" - "&(IF($C12="","Commercial",$C12))),Variables!$B$1:$D$1,0),1))*AP12)+(T12*INDEX(Variables!$B$9:$D$9,IFERROR(MATCH(IF($B12="Robusta","Robusta",(IF($B12="","Arabica",$B12))&" - "&(IF($C12="","Commercial",$C12))),Variables!$B$1:$D$1,0),1))*AP12/365),"")) -> -4092.0951 | AV12: =IF($H12="Cancelled","",IFERROR(IF(AK12="","",F12-AK12),"")) -> -33 | AW12: =IF($H12="Cancelled","",IFERROR(IF(AV12="","",(T12*INDEX(Variables!$B$7:$D$7,IFERROR(MATCH(IF($B12="Robusta","Robusta",(IF($B12="","Arabica",$B12))&" - "&(IF($C12="","Commercial",$C12))),Variables!$B$1:$D$1,0),1))*(AV12/365))+(T12*INDEX(Variables!$B$9:$D$9,IFERROR(MATCH(IF($B12="Robusta","Robusta",(IF($B12="","Arabica",$B12))&" - "&(IF($C12="","Commercial",$C12))),Variables!$B$1:$D$1,0),1))*(AV12/365))+(INDEX(Variables!$B$8:$D$8,IFERROR(MATCH(IF($B12="Robusta","Robusta",(IF($B12="","Arabica",$B12))&" - "&(IF($C12="","Commercial",$C12))),Variables!$B$1:$D$1,0),1))*L12/16.67)),"")) -> -1865.6376
A13: Kenya | B13: Arabica | C13: Commercial | D13: 45134 | E13: 45413 | F13: 45443 | G13: 3786052 | H13: =IF(ISNUMBER(SEARCH("cancel",AN13)),"Cancelled",IF(AND(AK13<>"",AL13<>"",AM13<>""),"Closed","Open")) -> Closed | I13: =IF(AND(AK13<>"",AL13<>"",AM13<>""),"All dates received",_xlfn.TEXTJOIN(" and ",TRUE(),IF(AK13="","No sailing date",""),IF(AL13="","No shipping advice sent",""),IF(AM13="","No docs dispatch date",""))) -> All dates received | J13: Dong Suh | K13: 4962 | L13: 560 | M13: AB FAQ | N13: ABC FAQ | R13: SAS | S13: Busan | T13: =IF($H13="Cancelled","",IFERROR(((Q13+INDEX(Variables!$B$6:$D$6,IFERROR(MATCH(IF($B13="Robusta","Robusta",(IF($B13="","Arabica",$B13))&" - "&(IF($C13="","Commercial",$C13))),Variables!$B$1:$D$1,0),1)))*22.0462)*(L13/16.67),"")) -> 215367.7 | U13: 45390 | V13: =IF(ISNUMBER(U13),"Sent","") -> Sent | X13: =IF(ISNUMBER(W13),"Approved","") | Z13: =IF($H13="Cancelled","",IFERROR(IF(F13="","",F13-Variables!$B$13),"")) -> 45428 | AA13: =IF($H13="Cancelled","",IFERROR(IF(W13="","",(AVERAGE(E13:F13)-W13)-Variables!$B$14),"")) | AB13: 45401 | AC13: =IF($H13="Cancelled","",IFERROR(IF(AB13="","",IF(AND(W13="",Y13=""),"",IF(Y13>W13,Y13+Variables!$B$15+Variables!$B$16+Variables!$B$17-AB13,W13+Variables!$B$16+Variables!$B$17-AB13))),"")) | AD13: ONE FCL/FCL | AE13: New Jersey Trader | AI13: ONEYMBAE00994600 | AJ13: 25 8936 6216 | AK13: 45462 | AL13: 45464 | AM13: 45477 | AN13: Documents dispatched | AP13: =IF($H13="Cancelled","",IFERROR(IF(OR(AK13="",AB13=""),"",(AB13+Variables!$B$18-AK13)),"")) -> -54 | AQ13: =IF($H13="Cancelled","",IFERROR(IF(OR(AM13="",AK13=""),"",(AK13+Variables!$B$19)-AM13),"")) -> -10 | AR13: =IF($H13="Cancelled","",IFERROR(T13*INDEX(Variables!$B$7:$D$7,IFERROR(MATCH(IF($B13="Robusta","Robusta",(IF($B13="","Arabica",$B13))&" - "&(IF($C13="","Commercial",$C13))),Variables!$B$1:$D$1,0),1))*(AQ13/365),"")) -> -380.47625 | AS13: =IF($H13="Cancelled","",IFERROR((T13*INDEX(Variables!$B$7:$D$7,IFERROR(MATCH(IF($B13="Robusta","Robusta",(IF($B13="","Arabica",$B13))&" - "&(IF($C13="","Commercial",$C13))),Variables!$B$1:$D$1,0),1))*IFERROR(IF(W13="","",(AVERAGE(E13:F13)-W13)-Variables!$B$14),"")/365)+(L13/16.67*INDEX(Variables!$B$8:$D$8,IFERROR(MATCH(IF($B13="Robusta","Robusta",(IF($B13="","Arabica",$B13))&" - "&(IF($C13="","Commercial",$C13))),Variables!$B$1:$D$1,0),1))*IFERROR(IF(W13="","",(AVERAGE(E13:F13)-W13)-Variables!$B$14),""))+(T13*INDEX(Variables!$B$9:$D$9,IFERROR(MATCH(IF($B13="Robusta","Robusta",(IF($B13="","Arabica",$B13))&" - "&(IF($C13="","Commercial",$C13))),Variables!$B$1:$D$1,0),1))*IFERROR(IF(W13="","",(AVERAGE(E13:F13)-W13)-Variables!$B$14),"")/365),"")) | AT13: =IF($H13="Cancelled","",IFERROR((T13*INDEX(Variables!$B$7:$D$7,IFERROR(MATCH(IF($B13="Robusta","Robusta",(IF($B13="","Arabica",$B13))&" - "&(IF($C13="","Commercial",$C13))),Variables!$B$1:$D$1,0),1))*AC13/365)+(L13/16.67*INDEX(Variables!$B$8:$D$8,IFERROR(MATCH(IF($B13="Robusta","Robusta",(IF($B13="","Arabica",$B13))&" - "&(IF($C13="","Commercial",$C13))),Variables!$B$1:$D$1,0),1))*AC13)+(T13*INDEX(Variables!$B$9:$D$9,IFERROR(MATCH(IF($B13="Robusta","Robusta",(IF($B13="","Arabica",$B13))&" - "&(IF($C13="","Commercial",$C13))),Variables!$B$1:$D$1,0),1))*AC13/365),"")) | AU13: =IF($H13="Cancelled","",IFERROR((T13*INDEX(Variables!$B$7:$D$7,IFERROR(MATCH(IF($B13="Robusta","Robusta",(IF($B13="","Arabica",$B13))&" - "&(IF($C13="","Commercial",$C13))),Variables!$B$1:$D$1,0),1))*AP13/365)+(L13/16.67*INDEX(Variables!$B$8:$D$8,IFERROR(MATCH(IF($B13="Robusta","Robusta",(IF($B13="","Arabica",$B13))&" - "&(IF($C13="","Commercial",$C13))),Variables!$B$1:$D$1,0),1))*AP13)+(T13*INDEX(Variables!$B$9:$D$9,IFERROR(MATCH(IF($B13="Robusta","Robusta",(IF($B13="","Arabica",$B13))&" - "&(IF($C13="","Commercial",$C13))),Variables!$B$1:$D$1,0),1))*AP13/365),"")) -> -3593.0592 | AV13: =IF($H13="Cancelled","",IFERROR(IF(AK13="","",F13-AK13),"")) -> -19 | AW13: =IF($H13="Cancelled","",IFERROR(IF(AV13="","",(T13*INDEX(Variables!$B$7:$D$7,IFERROR(MATCH(IF($B13="Robusta","Robusta",(IF($B13="","Arabica",$B13))&" - "&(IF($C13="","Commercial",$C13))),Variables!$B$1:$D$1,0),1))*(AV13/365))+(T13*INDEX(Variables!$B$9:$D$9,IFERROR(MATCH(IF($B13="Robusta","Robusta",(IF($B13="","Arabica",$B13))&" - "&(IF($C13="","Commercial",$C13))),Variables!$B$1:$D$1,0),1))*(AV13/365))+(INDEX(Variables!$B$8:$D$8,IFERROR(MATCH(IF($B13="Robusta","Robusta",(IF($B13="","Arabica",$B13))&" - "&(IF($C13="","Commercial",$C13))),Variables!$B$1:$D$1,0),1))*L13/16.67)),"")) -> -704.22452
A14: Kenya | B14: Arabica | C14: Commercial | D14: 45134 | E14: 45413 | F14: 45443 | G14: 3786055 | H14: =IF(ISNUMBER(SEARCH("cancel",AN14)),"Cancelled",IF(AND(AK14<>"",AL14<>"",AM14<>""),"Closed","Open")) -> Closed | I14: =IF(AND(AK14<>"",AL14<>"",AM14<>""),"All dates received",_xlfn.TEXTJOIN(" and ",TRUE(),IF(AK14="","No sailing date",""),IF(AL14="","No shipping advice sent",""),IF(AM14="","No docs dispatch date",""))) -> All dates received | J14: Dong Suh | K14: 4963 | L14: 840 | M14: ABC FAQ | N14: ABC Minus | R14: SAS | S14: Busan | T14: =IF($H14="Cancelled","",IFERROR(((Q14+INDEX(Variables!$B$6:$D$6,IFERROR(MATCH(IF($B14="Robusta","Robusta",(IF($B14="","Arabica",$B14))&" - "&(IF($C14="","Commercial",$C14))),Variables!$B$1:$D$1,0),1)))*22.0462)*(L14/16.67),"")) -> 323051.55 | U14: 45390 | V14: =IF(ISNUMBER(U14),"Sent","") -> Sent | X14: =IF(ISNUMBER(W14),"Approved","") | Z14: =IF($H14="Cancelled","",IFERROR(IF(F14="","",F14-Variables!$B$13),"")) -> 45428 | AA14: =IF($H14="Cancelled","",IFERROR(IF(W14="","",(AVERAGE(E14:F14)-W14)-Variables!$B$14),"")) | AB14: 45405 | AC14: =IF($H14="Cancelled","",IFERROR(IF(AB14="","",IF(AND(W14="",Y14=""),"",IF(Y14>W14,Y14+Variables!$B$15+Variables!$B$16+Variables!$B$17-AB14,W14+Variables!$B$16+Variables!$B$17-AB14))),"")) | AD14: ONE FCL/FCL | AE14: New Jersey Trader | AI14: ONEYMBAE00993500 | AJ14: 25 8936 6216 | AK14: 45462 | AL14: 45464 | AM14: 45477 | AN14: Documents dispatched | AP14: =IF($H14="Cancelled","",IFERROR(IF(OR(AK14="",AB14=""),"",(AB14+Variables!$B$18-AK14)),"")) -> -50 | AQ14: =IF($H14="Cancelled","",IFERROR(IF(OR(AM14="",AK14=""),"",(AK14+Variables!$B$19)-AM14),"")) -> -10 | AR14: =IF($H14="Cancelled","",IFERROR(T14*INDEX(Variables!$B$7:$D$7,IFERROR(MATCH(IF($B14="Robusta","Robusta",(IF($B14="","Arabica",$B14))&" - "&(IF($C14="","Commercial",$C14))),Variables!$B$1:$D$1,0),1))*(AQ14/365),"")) -> -570.71438 | AS14: =IF($H14="Cancelled","",IFERROR((T14*INDEX(Variables!$B$7:$D$7,IFERROR(MATCH(IF($B14="Robusta","Robusta",(IF($B14="","Arabica",$B14))&" - "&(IF($C14="","Commercial",$C14))),Variables!$B$1:$D$1,0),1))*IFERROR(IF(W14="","",(AVERAGE(E14:F14)-W14)-Variables!$B$14),"")/365)+(L14/16.67*INDEX(Variables!$B$8:$D$8,IFERROR(MATCH(IF($B14="Robusta","Robusta",(IF($B14="","Arabica",$B14))&" - "&(IF($C14="","Commercial",$C14))),Variables!$B$1:$D$1,0),1))*IFERROR(IF(W14="","",(AVERAGE(E14:F14)-W14)-Variables!$B$14),""))+(T14*INDEX(Variables!$B$9:$D$9,IFERROR(MATCH(IF($B14="Robusta","Robusta",(IF($B14="","Arabica",$B14))&" - "&(IF($C14="","Commercial",$C14))),Variables!$B$1:$D$1,0),1))*IFERROR(IF(W14="","",(AVERAGE(E14:F14)-W14)-Variables!$B$14),"")/365),"")) | AT14: =IF($H14="Cancelled","",IFERROR((T14*INDEX(Variables!$B$7:$D$7,IFERROR(MATCH(IF($B14="Robusta","Robusta",(IF($B14="","Arabica",$B14))&" - "&(IF($C14="","Commercial",$C14))),Variables!$B$1:$D$1,0),1))*AC14/365)+(L14/16.67*INDEX(Variables!$B$8:$D$8,IFERROR(MATCH(IF($B14="Robusta","Robusta",(IF($B14="","Arabica",$B14))&" - "&(IF($C14="","Commercial",$C14))),Variables!$B$1:$D$1,0),1))*AC14)+(T14*INDEX(Variables!$B$9:$D$9,IFERROR(MATCH(IF($B14="Robusta","Robusta",(IF($B14="","Arabica",$B14))&" - "&(IF($C14="","Commercial",$C14))),Variables!$B$1:$D$1,0),1))*AC14/365),"")) | AU14: =IF($H14="Cancelled","",IFERROR((T14*INDEX(Variables!$B$7:$D$7,IFERROR(MATCH(IF($B14="Robusta","Robusta",(IF($B14="","Arabica",$B14))&" - "&(IF($C14="","Commercial",$C14))),Variables!$B$1:$D$1,0),1))*AP14/365)+(L14/16.67*INDEX(Variables!$B$8:$D$8,IFERROR(MATCH(IF($B14="Robusta","Robusta",(IF($B14="","Arabica",$B14))&" - "&(IF($C14="","Commercial",$C14))),Variables!$B$1:$D$1,0),1))*AP14)+(T14*INDEX(Variables!$B$9:$D$9,IFERROR(MATCH(IF($B14="Robusta","Robusta",(IF($B14="","Arabica",$B14))&" - "&(IF($C14="","Commercial",$C14))),Variables!$B$1:$D$1,0),1))*AP14/365),"")) -> -4990.3599 | AV14: =IF($H14="Cancelled","",IFERROR(IF(AK14="","",F14-AK14),"")) -> -19 | AW14: =IF($H14="Cancelled","",IFERROR(IF(AV14="","",(T14*INDEX(Variables!$B$7:$D$7,IFERROR(MATCH(IF($B14="Robusta","Robusta",(IF($B14="","Arabica",$B14))&" - "&(IF($C14="","Commercial",$C14))),Variables!$B$1:$D$1,0),1))*(AV14/365))+(T14*INDEX(Variables!$B$9:$D$9,IFERROR(MATCH(IF($B14="Robusta","Robusta",(IF($B14="","Arabica",$B14))&" - "&(IF($C14="","Commercial",$C14))),Variables!$B$1:$D$1,0),1))*(AV14/365))+(INDEX(Variables!$B$8:$D$8,IFERROR(MATCH(IF($B14="Robusta","Robusta",(IF($B14="","Arabica",$B14))&" - "&(IF($C14="","Commercial",$C14))),Variables!$B$1:$D$1,0),1))*L14/16.67)),"")) -> -1056.3368
A15: Kenya | B15: Arabica | C15: Commercial | D15: 45134 | E15: 45444 | F15: 45473 | G15: 3786056 | H15: =IF(ISNUMBER(SEARCH("cancel",AN15)),"Cancelled",IF(AND(AK15<>"",AL15<>"",AM15<>""),"Closed","Open")) -> Closed | I15: =IF(AND(AK15<>"",AL15<>"",AM15<>""),"All dates received",_xlfn.TEXTJOIN(" and ",TRUE(),IF(AK15="","No sailing date",""),IF(AL15="","No shipping advice sent",""),IF(AM15="","No docs dispatch date",""))) -> All dates received | J15: Dong Suh | K15: 5009 | L15: 840 | M15: ABC FAQ | N15: ABC Minus | R15: SAS | S15: Busan | T15: =IF($H15="Cancelled","",IFERROR(((Q15+INDEX(Variables!$B$6:$D$6,IFERROR(MATCH(IF($B15="Robusta","Robusta",(IF($B15="","Arabica",$B15))&" - "&(IF($C15="","Commercial",$C15))),Variables!$B$1:$D$1,0),1)))*22.0462)*(L15/16.67),"")) -> 323051.55 | U15: 45454 | V15: =IF(ISNUMBER(U15),"Sent","") -> Sent | W15: 45470 | X15: =IF(ISNUMBER(W15),"Approved","") -> Approved | Z15: =IF($H15="Cancelled","",IFERROR(IF(F15="","",F15-Variables!$B$13),"")) -> 45458 | AA15: =IF($H15="Cancelled","",IFERROR(IF(W15="","",(AVERAGE(E15:F15)-W15)-Variables!$B$14),"")) -> -41.5 | AB15: 45405 | AC15: =IF($H15="Cancelled","",IFERROR(IF(AB15="","",IF(AND(W15="",Y15=""),"",IF(Y15>W15,Y15+Variables!$B$15+Variables!$B$16+Variables!$B$17-AB15,W15+Variables!$B$16+Variables!$B$17-AB15))),"")) -> 73 | AD15: ONE FCL/FCL | AE15: Kota Kamil | AI15: ONEYMBAE01173300 | AJ15: 20 8259 2293 | AK15: 45489 | AL15: 45491 | AM15: 45510 | AN15: Documents dispatched | AP15: =IF($H15="Cancelled","",IFERROR(IF(OR(AK15="",AB15=""),"",(AB15+Variables!$B$18-AK15)),"")) -> -77 | AQ15: =IF($H15="Cancelled","",IFERROR(IF(OR(AM15="",AK15=""),"",(AK15+Variables!$B$19)-AM15),"")) -> -16 | AR15: =IF($H15="Cancelled","",IFERROR(T15*INDEX(Variables!$B$7:$D$7,IFERROR(MATCH(IF($B15="Robusta","Robusta",(IF($B15="","Arabica",$B15))&" - "&(IF($C15="","Commercial",$C15))),Variables!$B$1:$D$1,0),1))*(AQ15/365),"")) -> -913.143 | AS15: =IF($H15="Cancelled","",IFERROR((T15*INDEX(Variables!$B$7:$D$7,IFERROR(MATCH(IF($B15="Robusta","Robusta",(IF($B15="","Arabica",$B15))&" - "&(IF($C15="","Commercial",$C15))),Variables!$B$1:$D$1,0),1))*IFERROR(IF(W15="","",(AVERAGE(E15:F15)-W15)-Variables!$B$14),"")/365)+(L15/16.67*INDEX(Variables!$B$8:$D$8,IFERROR(MATCH(IF($B15="Robusta","Robusta",(IF($B15="","Arabica",$B15))&" - "&(IF($C15="","Commercial",$C15))),Variables!$B$1:$D$1,0),1))*IFERROR(IF(W15="","",(AVERAGE(E15:F15)-W15)-Variables!$B$14),""))+(T15*INDEX(Variables!$B$9:$D$9,IFERROR(MATCH(IF($B15="Robusta","Robusta",(IF($B15="","Arabica",$B15))&" - "&(IF($C15="","Commercial",$C15))),Variables!$B$1:$D$1,0),1))*IFERROR(IF(W15="","",(AVERAGE(E15:F15)-W15)-Variables!$B$14),"")/365),"")) -> -4141.9987 | AT15: =IF($H15="Cancelled","",IFERROR((T15*INDEX(Variables!$B$7:$D$7,IFERROR(MATCH(IF($B15="Robusta","Robusta",(IF($B15="","Arabica",$B15))&" - "&(IF($C15="","Commercial",$C15))),Variables!$B$1:$D$1,0),1))*AC15/365)+(L15/16.67*INDEX(Variables!$B$8:$D$8,IFERROR(MATCH(IF($B15="Robusta","Robusta",(IF($B15="","Arabica",$B15))&" - "&(IF($C15="","Commercial",$C15))),Variables!$B$1:$D$1,0),1))*AC15)+(T15*INDEX(Variables!$B$9:$D$9,IFERROR(MATCH(IF($B15="Robusta","Robusta",(IF($B15="","Arabica",$B15))&" - "&(IF($C15="","Commercial",$C15))),Variables!$B$1:$D$1,0),1))*AC15/365),"")) -> 7285.9255 | AU15: =IF($H15="Cancelled","",IFERROR((T15*INDEX(Variables!$B$7:$D$7,IFERROR(MATCH(IF($B15="Robusta","Robusta",(IF($B15="","Arabica",$B15))&" - "&(IF($C15="","Commercial",$C15))),Variables!$B$1:$D$1,0),1))*AP15/365)+(L15/16.67*INDEX(Variables!$B$8:$D$8,IFERROR(MATCH(IF($B15="Robusta","Robusta",(IF($B15="","Arabica",$B15))&" - "&(IF($C15="","Commercial",$C15))),Variables!$B$1:$D$1,0),1))*AP15)+(T15*INDEX(Variables!$B$9:$D$9,IFERROR(MATCH(IF($B15="Robusta","Robusta",(IF($B15="","Arabica",$B15))&" - "&(IF($C15="","Commercial",$C15))),Variables!$B$1:$D$1,0),1))*AP15/365),"")) -> -7685.1543 | AV15: =IF($H15="Cancelled","",IFERROR(IF(AK15="","",F15-AK15),"")) -> -16 | AW15: =IF($H15="Cancelled","",IFERROR(IF(AV15="","",(T15*INDEX(Variables!$B$7:$D$7,IFERROR(MATCH(IF($B15="Robusta","Robusta",(IF($B15="","Arabica",$B15))&" - "&(IF($C15="","Commercial",$C15))),Variables!$B$1:$D$1,0),1))*(AV15/365))+(T15*INDEX(Variables!$B$9:$D$9,IFERROR(MATCH(IF($B15="Robusta","Robusta",(IF($B15="","Arabica",$B15))&" - "&(IF($C15="","Commercial",$C15))),Variables!$B$1:$D$1,0),1))*(AV15/365))+(INDEX(Variables!$B$8:$D$8,IFERROR(MATCH(IF($B15="Robusta","Robusta",(IF($B15="","Arabica",$B15))&" - "&(IF($C15="","Commercial",$C15))),Variables!$B$1:$D$1,0),1))*L15/16.67)),"")) -> -882.91518
A16: Kenya | B16: Arabica | C16: Commercial | D16: 45134 | E16: 45444 | F16: 45473 | G16: 3786057 | H16: =IF(ISNUMBER(SEARCH("cancel",AN16)),"Cancelled",IF(AND(AK16<>"",AL16<>"",AM16<>""),"Closed","Open")) -> Closed | I16: =IF(AND(AK16<>"",AL16<>"",AM16<>""),"All dates received",_xlfn.TEXTJOIN(" and ",TRUE(),IF(AK16="","No sailing date",""),IF(AL16="","No shipping advice sent",""),IF(AM16="","No docs dispatch date",""))) -> All dates received | J16: Dong Suh | K16: 5008 | L16: 840 | M16: ABC FAQ | N16: ABC Minus | R16: SAS | S16: Busan | T16: =IF($H16="Cancelled","",IFERROR(((Q16+INDEX(Variables!$B$6:$D$6,IFERROR(MATCH(IF($B16="Robusta","Robusta",(IF($B16="","Arabica",$B16))&" - "&(IF($C16="","Commercial",$C16))),Variables!$B$1:$D$1,0),1)))*22.0462)*(L16/16.67),"")) -> 323051.55 | U16: 45454 | V16: =IF(ISNUMBER(U16),"Sent","") -> Sent | W16: 45470 | X16: =IF(ISNUMBER(W16),"Approved","") -> Approved | Z16: =IF($H16="Cancelled","",IFERROR(IF(F16="","",F16-Variables!$B$13),"")) -> 45458 | AA16: =IF($H16="Cancelled","",IFERROR(IF(W16="","",(AVERAGE(E16:F16)-W16)-Variables!$B$14),"")) -> -41.5 | AB16: 45406 | AC16: =IF($H16="Cancelled","",IFERROR(IF(AB16="","",IF(AND(W16="",Y16=""),"",IF(Y16>W16,Y16+Variables!$B$15+Variables!$B$16+Variables!$B$17-AB16,W16+Variables!$B$16+Variables!$B$17-AB16))),"")) -> 72 | AD16: Evergreen FCL/FCL | AE16: Ever Vow | AI16: 321400002241 | AJ16: 12 6709 7064 | AK16: 45497 | AL16: 45499 | AM16: 45518 | AN16: Documents dispatched | AP16: =IF($H16="Cancelled","",IFERROR(IF(OR(AK16="",AB16=""),"",(AB16+Variables!$B$18-AK16)),"")) -> -84 | AQ16: =IF($H16="Cancelled","",IFERROR(IF(OR(AM16="",AK16=""),"",(AK16+Variables!$B$19)-AM16),"")) -> -16 | AR16: =IF($H16="Cancelled","",IFERROR(T16*INDEX(Variables!$B$7:$D$7,IFERROR(MATCH(IF($B16="Robusta","Robusta",(IF($B16="","Arabica",$B16))&" - "&(IF($C16="","Commercial",$C16))),Variables!$B$1:$D$1,0),1))*(AQ16/365),"")) -> -913.143 | AS16: =IF($H16="Cancelled","",IFERROR((T16*INDEX(Variables!$B$7:$D$7,IFERROR(MATCH(IF($B16="Robusta","Robusta",(IF($B16="","Arabica",$B16))&" - "&(IF($C16="","Commercial",$C16))),Variables!$B$1:$D$1,0),1))*IFERROR(IF(W16="","",(AVERAGE(E16:F16)-W16)-Variables!$B$14),"")/365)+(L16/16.67*INDEX(Variables!$B$8:$D$8,IFERROR(MATCH(IF($B16="Robusta","Robusta",(IF($B16="","Arabica",$B16))&" - "&(IF($C16="","Commercial",$C16))),Variables!$B$1:$D$1,0),1))*IFERROR(IF(W16="","",(AVERAGE(E16:F16)-W16)-Variables!$B$14),""))+(T16*INDEX(Variables!$B$9:$D$9,IFERROR(MATCH(IF($B16="Robusta","Robusta",(IF($B16="","Arabica",$B16))&" - "&(IF($C16="","Commercial",$C16))),Variables!$B$1:$D$1,0),1))*IFERROR(IF(W16="","",(AVERAGE(E16:F16)-W16)-Variables!$B$14),"")/365),"")) -> -4141.9987 | AT16: =IF($H16="Cancelled","",IFERROR((T16*INDEX(Variables!$B$7:$D$7,IFERROR(MATCH(IF($B16="Robusta","Robusta",(IF($B16="","Arabica",$B16))&" - "&(IF($C16="","Commercial",$C16))),Variables!$B$1:$D$1,0),1))*AC16/365)+(L16/16.67*INDEX(Variables!$B$8:$D$8,IFERROR(MATCH(IF($B16="Robusta","Robusta",(IF($B16="","Arabica",$B16))&" - "&(IF($C16="","Commercial",$C16))),Variables!$B$1:$D$1,0),1))*AC16)+(T16*INDEX(Variables!$B$9:$D$9,IFERROR(MATCH(IF($B16="Robusta","Robusta",(IF($B16="","Arabica",$B16))&" - "&(IF($C16="","Commercial",$C16))),Variables!$B$1:$D$1,0),1))*AC16/365),"")) -> 7186.1183 | AU16: =IF($H16="Cancelled","",IFERROR((T16*INDEX(Variables!$B$7:$D$7,IFERROR(MATCH(IF($B16="Robusta","Robusta",(IF($B16="","Arabica",$B16))&" - "&(IF($C16="","Commercial",$C16))),Variables!$B$1:$D$1,0),1))*AP16/365)+(L16/16.67*INDEX(Variables!$B$8:$D$8,IFERROR(MATCH(IF($B16="Robusta","Robusta",(IF($B16="","Arabica",$B16))&" - "&(IF($C16="","Commercial",$C16))),Variables!$B$1:$D$1,0),1))*AP16)+(T16*INDEX(Variables!$B$9:$D$9,IFERROR(MATCH(IF($B16="Robusta","Robusta",(IF($B16="","Arabica",$B16))&" - "&(IF($C16="","Commercial",$C16))),Variables!$B$1:$D$1,0),1))*AP16/365),"")) -> -8383.8047 | AV16: =IF($H16="Cancelled","",IFERROR(IF(AK16="","",F16-AK16),"")) -> -24 | AW16: =IF($H16="Cancelled","",IFERROR(IF(AV16="","",(T16*INDEX(Variables!$B$7:$D$7,IFERROR(MATCH(IF($B16="Robusta","Robusta",(IF($B16="","Arabica",$B16))&" - "&(IF($C16="","Commercial",$C16))),Variables!$B$1:$D$1,0),1))*(AV16/365))+(T16*INDEX(Variables!$B$9:$D$9,IFERROR(MATCH(IF($B16="Robusta","Robusta",(IF($B16="","Arabica",$B16))&" - "&(IF($C16="","Commercial",$C16))),Variables!$B$1:$D$1,0),1))*(AV16/365))+(INDEX(Variables!$B$8:$D$8,IFERROR(MATCH(IF($B16="Robusta","Robusta",(IF($B16="","Arabica",$B16))&" - "&(IF($C16="","Commercial",$C16))),Variables!$B$1:$D$1,0),1))*L16/16.67)),"")) -> -1345.3728
A17: Kenya | B17: Arabica | C17: Commercial | D17: 45201 | E17: 45292 | F17: 45322 | G17: 3786061 | H17: =IF(ISNUMBER(SEARCH("cancel",AN17)),"Cancelled",IF(AND(AK17<>"",AL17<>"",AM17<>""),"Closed","Open")) -> Closed | I17: =IF(AND(AK17<>"",AL17<>"",AM17<>""),"All dates received",_xlfn.TEXTJOIN(" and ",TRUE(),IF(AK17="","No sailing date",""),IF(AL17="","No shipping advice sent",""),IF(AM17="","No docs dispatch date",""))) -> All dates received | J17: Jobin | L17: 640 | M17: Congo Kivu 4 | N17: AA | R17: SAS | S17: Lehavre | T17: =IF($H17="Cancelled","",IFERROR(((Q17+INDEX(Variables!$B$6:$D$6,IFERROR(MATCH(IF($B17="Robusta","Robusta",(IF($B17="","Arabica",$B17))&" - "&(IF($C17="","Commercial",$C17))),Variables!$B$1:$D$1,0),1)))*22.0462)*(L17/16.67),"")) -> 246134.52 | U17: 45265 | V17: =IF(ISNUMBER(U17),"Sent","") -> Sent | W17: 45271 | X17: =IF(ISNUMBER(W17),"Approved","") -> Approved | Z17: =IF($H17="Cancelled","",IFERROR(IF(F17="","",F17-Variables!$B$13),"")) -> 45307 | AA17: =IF($H17="Cancelled","",IFERROR(IF(W17="","",(AVERAGE(E17:F17)-W17)-Variables!$B$14),"")) -> 6 | AB17: 45408 | AC17: =IF($H17="Cancelled","",IFERROR(IF(AB17="","",IF(AND(W17="",Y17=""),"",IF(Y17>W17,Y17+Variables!$B$15+Variables!$B$16+Variables!$B$17-AB17,W17+Variables!$B$16+Variables!$B$17-AB17))),"")) -> -129 | AD17: MSC FCL/FCL | AE17: Msc Mediterranean | AI17: MEDUTZ276873 | AJ17: 96 6489 0793 | AK17: 45505 | AL17: 45509 | AM17: 45517 | AN17: Documents dispatched | AP17: =IF($H17="Cancelled","",IFERROR(IF(OR(AK17="",AB17=""),"",(AB17+Variables!$B$18-AK17)),"")) -> -90 | AQ17: =IF($H17="Cancelled","",IFERROR(IF(OR(AM17="",AK17=""),"",(AK17+Variables!$B$19)-AM17),"")) -> -7 | AR17: =IF($H17="Cancelled","",IFERROR(T17*INDEX(Variables!$B$7:$D$7,IFERROR(MATCH(IF($B17="Robusta","Robusta",(IF($B17="","Arabica",$B17))&" - "&(IF($C17="","Commercial",$C17))),Variables!$B$1:$D$1,0),1))*(AQ17/365),"")) -> -304.381 | AS17: =IF($H17="Cancelled","",IFERROR((T17*INDEX(Variables!$B$7:$D$7,IFERROR(MATCH(IF($B17="Robusta","Robusta",(IF($B17="","Arabica",$B17))&" - "&(IF($C17="","Commercial",$C17))),Variables!$B$1:$D$1,0),1))*IFERROR(IF(W17="","",(AVERAGE(E17:F17)-W17)-Variables!$B$14),"")/365)+(L17/16.67*INDEX(Variables!$B$8:$D$8,IFERROR(MATCH(IF($B17="Robusta","Robusta",(IF($B17="","Arabica",$B17))&" - "&(IF($C17="","Commercial",$C17))),Variables!$B$1:$D$1,0),1))*IFERROR(IF(W17="","",(AVERAGE(E17:F17)-W17)-Variables!$B$14),""))+(T17*INDEX(Variables!$B$9:$D$9,IFERROR(MATCH(IF($B17="Robusta","Robusta",(IF($B17="","Arabica",$B17))&" - "&(IF($C17="","Commercial",$C17))),Variables!$B$1:$D$1,0),1))*IFERROR(IF(W17="","",(AVERAGE(E17:F17)-W17)-Variables!$B$14),"")/365),"")) -> 456.26148 | AT17: =IF($H17="Cancelled","",IFERROR((T17*INDEX(Variables!$B$7:$D$7,IFERROR(MATCH(IF($B17="Robusta","Robusta",(IF($B17="","Arabica",$B17))&" - "&(IF($C17="","Commercial",$C17))),Variables!$B$1:$D$1,0),1))*AC17/365)+(L17/16.67*INDEX(Variables!$B$8:$D$8,IFERROR(MATCH(IF($B17="Robusta","Robusta",(IF($B17="","Arabica",$B17))&" - "&(IF($C17="","Commercial",$C17))),Variables!$B$1:$D$1,0),1))*AC17)+(T17*INDEX(Variables!$B$9:$D$9,IFERROR(MATCH(IF($B17="Robusta","Robusta",(IF($B17="","Arabica",$B17))&" - "&(IF($C17="","Commercial",$C17))),Variables!$B$1:$D$1,0),1))*AC17/365),"")) -> -9809.6218 | AU17: =IF($H17="Cancelled","",IFERROR((T17*INDEX(Variables!$B$7:$D$7,IFERROR(MATCH(IF($B17="Robusta","Robusta",(IF($B17="","Arabica",$B17))&" - "&(IF($C17="","Commercial",$C17))),Variables!$B$1:$D$1,0),1))*AP17/365)+(L17/16.67*INDEX(Variables!$B$8:$D$8,IFERROR(MATCH(IF($B17="Robusta","Robusta",(IF($B17="","Arabica",$B17))&" - "&(IF($C17="","Commercial",$C17))),Variables!$B$1:$D$1,0),1))*AP17)+(T17*INDEX(Variables!$B$9:$D$9,IFERROR(MATCH(IF($B17="Robusta","Robusta",(IF($B17="","Arabica",$B17))&" - "&(IF($C17="","Commercial",$C17))),Variables!$B$1:$D$1,0),1))*AP17/365),"")) -> -6843.9222 | AV17: =IF($H17="Cancelled","",IFERROR(IF(AK17="","",F17-AK17),"")) -> -183 | AW17: =IF($H17="Cancelled","",IFERROR(IF(AV17="","",(T17*INDEX(Variables!$B$7:$D$7,IFERROR(MATCH(IF($B17="Robusta","Robusta",(IF($B17="","Arabica",$B17))&" - "&(IF($C17="","Commercial",$C17))),Variables!$B$1:$D$1,0),1))*(AV17/365))+(T17*INDEX(Variables!$B$9:$D$9,IFERROR(MATCH(IF($B17="Robusta","Robusta",(IF($B17="","Arabica",$B17))&" - "&(IF($C17="","Commercial",$C17))),Variables!$B$1:$D$1,0),1))*(AV17/365))+(INDEX(Variables!$B$8:$D$8,IFERROR(MATCH(IF($B17="Robusta","Robusta",(IF($B17="","Arabica",$B17))&" - "&(IF($C17="","Commercial",$C17))),Variables!$B$1:$D$1,0),1))*L17/16.67)),"")) -> -8027.9751
A18: Kenya | B18: Arabica | C18: Commercial | D18: 45201 | E18: 45444 | F18: 45473 | G18: 3786060 | H18: =IF(ISNUMBER(SEARCH("cancel",AN18)),"Cancelled",IF(AND(AK18<>"",AL18<>"",AM18<>""),"Closed","Open")) -> Closed | I18: =IF(AND(AK18<>"",AL18<>"",AM18<>""),"All dates received",_xlfn.TEXTJOIN(" and ",TRUE(),IF(AK18="","No sailing date",""),IF(AL18="","No shipping advice sent",""),IF(AM18="","No docs dispatch date",""))) -> All dates received | J18: Serengeti | K18: 4990 | L18: 320 | M18: AB FAQ. SAS on replacement basis. | N18: AB/PB FAQ | R18: SAS | S18: New York | T18: =IF($H18="Cancelled","",IFERROR(((Q18+INDEX(Variables!$B$6:$D$6,IFERROR(MATCH(IF($B18="Robusta","Robusta",(IF($B18="","Arabica",$B18))&" - "&(IF($C18="","Commercial",$C18))),Variables!$B$1:$D$1,0),1)))*22.0462)*(L18/16.67),"")) -> 123067.26 | U18: 45411 | V18: =IF(ISNUMBER(U18),"Sent","") -> Sent | W18: 45453 | X18: =IF(ISNUMBER(W18),"Approved","") -> Approved | Z18: =IF($H18="Cancelled","",IFERROR(IF(F18="","",F18-Variables!$B$13),"")) -> 45458 | AA18: =IF($H18="Cancelled","",IFERROR(IF(W18="","",(AVERAGE(E18:F18)-W18)-Variables!$B$14),"")) -> -24.5 | AB18: 45412 | AC18: =IF($H18="Cancelled","",IFERROR(IF(AB18="","",IF(AND(W18="",Y18=""),"",IF(Y18>W18,Y18+Variables!$B$15+Variables!$B$16+Variables!$B$17-AB18,W18+Variables!$B$16+Variables!$B$17-AB18))),"")) -> 49 | AD18: CMA-CGM FCL/FCL | AE18: GH Tramontane | AI18: NBI0119317 | AJ18: N/A | AK18: 45475 | AL18: 45483 | AM18: 45490 | AN18: Documents dispatched | AP18: =IF($H18="Cancelled","",IFERROR(IF(OR(AK18="",AB18=""),"",(AB18+Variables!$B$18-AK18)),"")) -> -56 | AQ18: =IF($H18="Cancelled","",IFERROR(IF(OR(AM18="",AK18=""),"",(AK18+Variables!$B$19)-AM18),"")) -> -10 | AR18: =IF($H18="Cancelled","",IFERROR(T18*INDEX(Variables!$B$7:$D$7,IFERROR(MATCH(IF($B18="Robusta","Robusta",(IF($B18="","Arabica",$B18))&" - "&(IF($C18="","Commercial",$C18))),Variables!$B$1:$D$1,0),1))*(AQ18/365),"")) -> -217.415 | AS18: =IF($H18="Cancelled","",IFERROR((T18*INDEX(Variables!$B$7:$D$7,IFERROR(MATCH(IF($B18="Robusta","Robusta",(IF($B18="","Arabica",$B18))&" - "&(IF($C18="","Commercial",$C18))),Variables!$B$1:$D$1,0),1))*IFERROR(IF(W18="","",(AVERAGE(E18:F18)-W18)-Variables!$B$14),"")/365)+(L18/16.67*INDEX(Variables!$B$8:$D$8,IFERROR(MATCH(IF($B18="Robusta","Robusta",(IF($B18="","Arabica",$B18))&" - "&(IF($C18="","Commercial",$C18))),Variables!$B$1:$D$1,0),1))*IFERROR(IF(W18="","",(AVERAGE(E18:F18)-W18)-Variables!$B$14),""))+(T18*INDEX(Variables!$B$9:$D$9,IFERROR(MATCH(IF($B18="Robusta","Robusta",(IF($B18="","Arabica",$B18))&" - "&(IF($C18="","Commercial",$C18))),Variables!$B$1:$D$1,0),1))*IFERROR(IF(W18="","",(AVERAGE(E18:F18)-W18)-Variables!$B$14),"")/365),"")) -> -931.53385 | AT18: =IF($H18="Cancelled","",IFERROR((T18*INDEX(Variables!$B$7:$D$7,IFERROR(MATCH(IF($B18="Robusta","Robusta",(IF($B18="","Arabica",$B18))&" - "&(IF($C18="","Commercial",$C18))),Variables!$B$1:$D$1,0),1))*AC18/365)+(L18/16.67*INDEX(Variables!$B$8:$D$8,IFERROR(MATCH(IF($B18="Robusta","Robusta",(IF($B18="","Arabica",$B18))&" - "&(IF($C18="","Commercial",$C18))),Variables!$B$1:$D$1,0),1))*AC18)+(T18*INDEX(Variables!$B$9:$D$9,IFERROR(MATCH(IF($B18="Robusta","Robusta",(IF($B18="","Arabica",$B18))&" - "&(IF($C18="","Commercial",$C18))),Variables!$B$1:$D$1,0),1))*AC18/365),"")) -> 1863.0677 | AU18: =IF($H18="Cancelled","",IFERROR((T18*INDEX(Variables!$B$7:$D$7,IFERROR(MATCH(IF($B18="Robusta","Robusta",(IF($B18="","Arabica",$B18))&" - "&(IF($C18="","Commercial",$C18))),Variables!$B$1:$D$1,0),1))*AP18/365)+(L18/16.67*INDEX(Variables!$B$8:$D$8,IFERROR(MATCH(IF($B18="Robusta","Robusta",(IF($B18="","Arabica",$B18))&" - "&(IF($C18="","Commercial",$C18))),Variables!$B$1:$D$1,0),1))*AP18)+(T18*INDEX(Variables!$B$9:$D$9,IFERROR(MATCH(IF($B18="Robusta","Robusta",(IF($B18="","Arabica",$B18))&" - "&(IF($C18="","Commercial",$C18))),Variables!$B$1:$D$1,0),1))*AP18/365),"")) -> -2129.2202 | AV18: =IF($H18="Cancelled","",IFERROR(IF(AK18="","",F18-AK18),"")) -> -2 | AW18: =IF($H18="Cancelled","",IFERROR(IF(AV18="","",(T18*INDEX(Variables!$B$7:$D$7,IFERROR(MATCH(IF($B18="Robusta","Robusta",(IF($B18="","Arabica",$B18))&" - "&(IF($C18="","Commercial",$C18))),Variables!$B$1:$D$1,0),1))*(AV18/365))+(T18*INDEX(Variables!$B$9:$D$9,IFERROR(MATCH(IF($B18="Robusta","Robusta",(IF($B18="","Arabica",$B18))&" - "&(IF($C18="","Commercial",$C18))),Variables!$B$1:$D$1,0),1))*(AV18/365))+(INDEX(Variables!$B$8:$D$8,IFERROR(MATCH(IF($B18="Robusta","Robusta",(IF($B18="","Arabica",$B18))&" - "&(IF($C18="","Commercial",$C18))),Variables!$B$1:$D$1,0),1))*L18/16.67)),"")) -> -28.04358
A19: Kenya | B19: Arabica | C19: Commercial | D19: 45259 | E19: 45323 | F19: 45351 | G19: 3786063 | H19: =IF(ISNUMBER(SEARCH("cancel",AN19)),"Cancelled",IF(AND(AK19<>"",AL19<>"",AM19<>""),"Closed","Open")) -> Closed | I19: =IF(AND(AK19<>"",AL19<>"",AM19<>""),"All dates received",_xlfn.TEXTJOIN(" and ",TRUE(),IF(AK19="","No sailing date",""),IF(AL19="","No shipping advice sent",""),IF(AM19="","No docs dispatch date",""))) -> All dates received | J19: IAC US | K19: 4709 | L19: 320 | M19: AB Faq, Packed in 60kg Grain Pro bags, SAS | N19: AB FAQ | R19: SAS | S19: Shanghai | T19: =IF($H19="Cancelled","",IFERROR(((Q19+INDEX(Variables!$B$6:$D$6,IFERROR(MATCH(IF($B19="Robusta","Robusta",(IF($B19="","Arabica",$B19))&" - "&(IF($C19="","Commercial",$C19))),Variables!$B$1:$D$1,0),1)))*22.0462)*(L19/16.67),"")) -> 123067.26 | U19: 45310 | V19: =IF(ISNUMBER(U19),"Sent","") -> Sent | W19: 45315 | X19: =IF(ISNUMBER(W19),"Approved","") -> Approved | Z19: =IF($H19="Cancelled","",IFERROR(IF(F19="","",F19-Variables!$B$13),"")) -> 45336 | AA19: =IF($H19="Cancelled","",IFERROR(IF(W19="","",(AVERAGE(E19:F19)-W19)-Variables!$B$14),"")) -> -8 | AB19: 45412 | AC19: =IF($H19="Cancelled","",IFERROR(IF(AB19="","",IF(AND(W19="",Y19=""),"",IF(Y19>W19,Y19+Variables!$B$15+Variables!$B$16+Variables!$B$17-AB19,W19+Variables!$B$16+Variables!$B$17-AB19))),"")) -> -89 | AD19: ONE/CMA/Maersk FCL/FCL | AE19: Kota Kaya | AI19: ONEYMBAE00200700 | AJ19: 1825453221 | AK19: 45340 | AL19: 45341 | AM19: 45366 | AN19: Documents dispatched | AP19: =IF($H19="Cancelled","",IFERROR(IF(OR(AK19="",AB19=""),"",(AB19+Variables!$B$18-AK19)),"")) -> 79 | AQ19: =IF($H19="Cancelled","",IFERROR(IF(OR(AM19="",AK19=""),"",(AK19+Variables!$B$19)-AM19),"")) -> -21 | AR19: =IF($H19="Cancelled","",IFERROR(T19*INDEX(Variables!$B$7:$D$7,IFERROR(MATCH(IF($B19="Robusta","Robusta",(IF($B19="","Arabica",$B19))&" - "&(IF($C19="","Commercial",$C19))),Variables!$B$1:$D$1,0),1))*(AQ19/365),"")) -> -456.5715 | AS19: =IF($H19="Cancelled","",IFERROR((T19*INDEX(Variables!$B$7:$D$7,IFERROR(MATCH(IF($B19="Robusta","Robusta",(IF($B19="","Arabica",$B19))&" - "&(IF($C19="","Commercial",$C19))),Variables!$B$1:$D$1,0),1))*IFERROR(IF(W19="","",(AVERAGE(E19:F19)-W19)-Variables!$B$14),"")/365)+(L19/16.67*INDEX(Variables!$B$8:$D$8,IFERROR(MATCH(IF($B19="Robusta","Robusta",(IF($B19="","Arabica",$B19))&" - "&(IF($C19="","Commercial",$C19))),Variables!$B$1:$D$1,0),1))*IFERROR(IF(W19="","",(AVERAGE(E19:F19)-W19)-Variables!$B$14),""))+(T19*INDEX(Variables!$B$9:$D$9,IFERROR(MATCH(IF($B19="Robusta","Robusta",(IF($B19="","Arabica",$B19))&" - "&(IF($C19="","Commercial",$C19))),Variables!$B$1:$D$1,0),1))*IFERROR(IF(W19="","",(AVERAGE(E19:F19)-W19)-Variables!$B$14),"")/365),"")) -> -304.17432 | AT19: =IF($H19="Cancelled","",IFERROR((T19*INDEX(Variables!$B$7:$D$7,IFERROR(MATCH(IF($B19="Robusta","Robusta",(IF($B19="","Arabica",$B19))&" - "&(IF($C19="","Commercial",$C19))),Variables!$B$1:$D$1,0),1))*AC19/365)+(L19/16.67*INDEX(Variables!$B$8:$D$8,IFERROR(MATCH(IF($B19="Robusta","Robusta",(IF($B19="","Arabica",$B19))&" - "&(IF($C19="","Commercial",$C19))),Variables!$B$1:$D$1,0),1))*AC19)+(T19*INDEX(Variables!$B$9:$D$9,IFERROR(MATCH(IF($B19="Robusta","Robusta",(IF($B19="","Arabica",$B19))&" - "&(IF($C19="","Commercial",$C19))),Variables!$B$1:$D$1,0),1))*AC19/365),"")) -> -3383.9393 | AU19: =IF($H19="Cancelled","",IFERROR((T19*INDEX(Variables!$B$7:$D$7,IFERROR(MATCH(IF($B19="Robusta","Robusta",(IF($B19="","Arabica",$B19))&" - "&(IF($C19="","Commercial",$C19))),Variables!$B$1:$D$1,0),1))*AP19/365)+(L19/16.67*INDEX(Variables!$B$8:$D$8,IFERROR(MATCH(IF($B19="Robusta","Robusta",(IF($B19="","Arabica",$B19))&" - "&(IF($C19="","Commercial",$C19))),Variables!$B$1:$D$1,0),1))*AP19)+(T19*INDEX(Variables!$B$9:$D$9,IFERROR(MATCH(IF($B19="Robusta","Robusta",(IF($B19="","Arabica",$B19))&" - "&(IF($C19="","Commercial",$C19))),Variables!$B$1:$D$1,0),1))*AP19/365),"")) -> 3003.7214 | AV19: =IF($H19="Cancelled","",IFERROR(IF(AK19="","",F19-AK19),"")) -> 11 | AW19: =IF($H19="Cancelled","",IFERROR(IF(AV19="","",(T19*INDEX(Variables!$B$7:$D$7,IFERROR(MATCH(IF($B19="Robusta","Robusta",(IF($B19="","Arabica",$B19))&" - "&(IF($C19="","Commercial",$C19))),Variables!$B$1:$D$1,0),1))*(AV19/365))+(T19*INDEX(Variables!$B$9:$D$9,IFERROR(MATCH(IF($B19="Robusta","Robusta",(IF($B19="","Arabica",$B19))&" - "&(IF($C19="","Commercial",$C19))),Variables!$B$1:$D$1,0),1))*(AV19/365))+(INDEX(Variables!$B$8:$D$8,IFERROR(MATCH(IF($B19="Robusta","Robusta",(IF($B19="","Arabica",$B19))&" - "&(IF($C19="","Commercial",$C19))),Variables!$B$1:$D$1,0),1))*L19/16.67)),"")) -> 258.23969
A20: Kenya | B20: Arabica | C20: Commercial | D20: 45261 | E20: 45292 | F20: 45322 | G20: 3786067 | H20: =IF(ISNUMBER(SEARCH("cancel",AN20)),"Cancelled",IF(AND(AK20<>"",AL20<>"",AM20<>""),"Closed","Open")) -> Closed | I20: =IF(AND(AK20<>"",AL20<>"",AM20<>""),"All dates received",_xlfn.TEXTJOIN(" and ",TRUE(),IF(AK20="","No sailing date",""),IF(AL20="","No shipping advice sent",""),IF(AM20="","No docs dispatch date",""))) -> All dates received | J20: BR | K20: 4701 | L20: 1800 | M20: Grinder | N20: Grinder plus | R20: SAS | S20: Bremen | T20: =IF($H20="Cancelled","",IFERROR(((Q20+INDEX(Variables!$B$6:$D$6,IFERROR(MATCH(IF($B20="Robusta","Robusta",(IF($B20="","Arabica",$B20))&" - "&(IF($C20="","Commercial",$C20))),Variables!$B$1:$D$1,0),1)))*22.0462)*(L20/16.67),"")) -> 692253.33 | U20: 45271 | V20: =IF(ISNUMBER(U20),"Sent","") -> Sent | W20: 45279 | X20: =IF(ISNUMBER(W20),"Approved","") -> Approved | Z20: =IF($H20="Cancelled","",IFERROR(IF(F20="","",F20-Variables!$B$13),"")) -> 45307 | AA20: =IF($H20="Cancelled","",IFERROR(IF(W20="","",(AVERAGE(E20:F20)-W20)-Variables!$B$14),"")) -> -2 | AB20: 45412 | AC20: =IF($H20="Cancelled","",IFERROR(IF(AB20="","",IF(AND(W20="",Y20=""),"",IF(Y20>W20,Y20+Variables!$B$15+Variables!$B$16+Variables!$B$17-AB20,W20+Variables!$B$16+Variables!$B$17-AB20))),"")) -> -125 | AD20: Maersk FCL/FCL | AE20: Marathopolis | AI20: 234610038 | AJ20: N/A | AK20: 45311 | AL20: 45313 | AM20: 45313 | AN20: Documents dispatched | AP20: =IF($H20="Cancelled","",IFERROR(IF(OR(AK20="",AB20=""),"",(AB20+Variables!$B$18-AK20)),"")) -> 108 | AQ20: =IF($H20="Cancelled","",IFERROR(IF(OR(AM20="",AK20=""),"",(AK20+Variables!$B$19)-AM20),"")) -> 3 | AR20: =IF($H20="Cancelled","",IFERROR(T20*INDEX(Variables!$B$7:$D$7,IFERROR(MATCH(IF($B20="Robusta","Robusta",(IF($B20="","Arabica",$B20))&" - "&(IF($C20="","Commercial",$C20))),Variables!$B$1:$D$1,0),1))*(AQ20/365),"")) -> 366.88781 | AS20: =IF($H20="Cancelled","",IFERROR((T20*INDEX(Variables!$B$7:$D$7,IFERROR(MATCH(IF($B20="Robusta","Robusta",(IF($B20="","Arabica",$B20))&" - "&(IF($C20="","Commercial",$C20))),Variables!$B$1:$D$1,0),1))*IFERROR(IF(W20="","",(AVERAGE(E20:F20)-W20)-Variables!$B$14),"")/365)+(L20/16.67*INDEX(Variables!$B$8:$D$8,IFERROR(MATCH(IF($B20="Robusta","Robusta",(IF($B20="","Arabica",$B20))&" - "&(IF($C20="","Commercial",$C20))),Variables!$B$1:$D$1,0),1))*IFERROR(IF(W20="","",(AVERAGE(E20:F20)-W20)-Variables!$B$14),""))+(T20*INDEX(Variables!$B$9:$D$9,IFERROR(MATCH(IF($B20="Robusta","Robusta",(IF($B20="","Arabica",$B20))&" - "&(IF($C20="","Commercial",$C20))),Variables!$B$1:$D$1,0),1))*IFERROR(IF(W20="","",(AVERAGE(E20:F20)-W20)-Variables!$B$14),"")/365),"")) -> -427.74514 | AT20: =IF($H20="Cancelled","",IFERROR((T20*INDEX(Variables!$B$7:$D$7,IFERROR(MATCH(IF($B20="Robusta","Robusta",(IF($B20="","Arabica",$B20))&" - "&(IF($C20="","Commercial",$C20))),Variables!$B$1:$D$1,0),1))*AC20/365)+(L20/16.67*INDEX(Variables!$B$8:$D$8,IFERROR(MATCH(IF($B20="Robusta","Robusta",(IF($B20="","Arabica",$B20))&" - "&(IF($C20="","Commercial",$C20))),Variables!$B$1:$D$1,0),1))*AC20)+(T20*INDEX(Variables!$B$9:$D$9,IFERROR(MATCH(IF($B20="Robusta","Robusta",(IF($B20="","Arabica",$B20))&" - "&(IF($C20="","Commercial",$C20))),Variables!$B$1:$D$1,0),1))*AC20/365),"")) -> -26734.071 | AU20: =IF($H20="Cancelled","",IFERROR((T20*INDEX(Variables!$B$7:$D$7,IFERROR(MATCH(IF($B20="Robusta","Robusta",(IF($B20="","Arabica",$B20))&" - "&(IF($C20="","Commercial",$C20))),Variables!$B$1:$D$1,0),1))*AP20/365)+(L20/16.67*INDEX(Variables!$B$8:$D$8,IFERROR(MATCH(IF($B20="Robusta","Robusta",(IF($B20="","Arabica",$B20))&" - "&(IF($C20="","Commercial",$C20))),Variables!$B$1:$D$1,0),1))*AP20)+(T20*INDEX(Variables!$B$9:$D$9,IFERROR(MATCH(IF($B20="Robusta","Robusta",(IF($B20="","Arabica",$B20))&" - "&(IF($C20="","Commercial",$C20))),Variables!$B$1:$D$1,0),1))*AP20/365),"")) -> 23098.237 | AV20: =IF($H20="Cancelled","",IFERROR(IF(AK20="","",F20-AK20),"")) -> 11 | AW20: =IF($H20="Cancelled","",IFERROR(IF(AV20="","",(T20*INDEX(Variables!$B$7:$D$7,IFERROR(MATCH(IF($B20="Robusta","Robusta",(IF($B20="","Arabica",$B20))&" - "&(IF($C20="","Commercial",$C20))),Variables!$B$1:$D$1,0),1))*(AV20/365))+(T20*INDEX(Variables!$B$9:$D$9,IFERROR(MATCH(IF($B20="Robusta","Robusta",(IF($B20="","Arabica",$B20))&" - "&(IF($C20="","Commercial",$C20))),Variables!$B$1:$D$1,0),1))*(AV20/365))+(INDEX(Variables!$B$8:$D$8,IFERROR(MATCH(IF($B20="Robusta","Robusta",(IF($B20="","Arabica",$B20))&" - "&(IF($C20="","Commercial",$C20))),Variables!$B$1:$D$1,0),1))*L20/16.67)),"")) -> 1452.5983
A21: Kenya | B21: Arabica | C21: Commercial | D21: 45261 | E21: 45323 | F21: 45351 | G21: 3786068 | H21: =IF(ISNUMBER(SEARCH("cancel",AN21)),"Cancelled",IF(AND(AK21<>"",AL21<>"",AM21<>""),"Closed","Open")) -> Closed | I21: =IF(AND(AK21<>"",AL21<>"",AM21<>""),"All dates received",_xlfn.TEXTJOIN(" and ",TRUE(),IF(AK21="","No sailing date",""),IF(AL21="","No shipping advice sent",""),IF(AM21="","No docs dispatch date",""))) -> All dates received | J21: BR | K21: 4711 | L21: 720 | M21: Grinder | N21: Grinder plus | R21: SAS | S21: Bremen | T21: =IF($H21="Cancelled","",IFERROR(((Q21+INDEX(Variables!$B$6:$D$6,IFERROR(MATCH(IF($B21="Robusta","Robusta",(IF($B21="","Arabica",$B21))&" - "&(IF($C21="","Commercial",$C21))),Variables!$B$1:$D$1,0),1)))*22.0462)*(L21/16.67),"")) -> 276901.33 | U21: 45301 | V21: =IF(ISNUMBER(U21),"Sent","") -> Sent | W21: 45309 | X21: =IF(ISNUMBER(W21),"Approved","") -> Approved | Z21: =IF($H21="Cancelled","",IFERROR(IF(F21="","",F21-Variables!$B$13),"")) -> 45336 | AA21: =IF($H21="Cancelled","",IFERROR(IF(W21="","",(AVERAGE(E21:F21)-W21)-Variables!$B$14),"")) -> -2 | AB21: 45418 | AC21: =IF($H21="Cancelled","",IFERROR(IF(AB21="","",IF(AND(W21="",Y21=""),"",IF(Y21>W21,Y21+Variables!$B$15+Variables!$B$16+Variables!$B$17-AB21,W21+Variables!$B$16+Variables!$B$17-AB21))),"")) -> -101 | AD21: WEC FCL/FCL | AE21: MSC Shaula | AI21: WECC2488GRE1014 | AJ21: N/A | AK21: 45341 | AL21: 45342 | AM21: 45344 | AN21: Documents dispatched | AP21: =IF($H21="Cancelled","",IFERROR(IF(OR(AK21="",AB21=""),"",(AB21+Variables!$B$18-AK21)),"")) -> 84 | AQ21: =IF($H21="Cancelled","",IFERROR(IF(OR(AM21="",AK21=""),"",(AK21+Variables!$B$19)-AM21),"")) -> 2 | AR21: =IF($H21="Cancelled","",IFERROR(T21*INDEX(Variables!$B$7:$D$7,IFERROR(MATCH(IF($B21="Robusta","Robusta",(IF($B21="","Arabica",$B21))&" - "&(IF($C21="","Commercial",$C21))),Variables!$B$1:$D$1,0),1))*(AQ21/365),"")) -> 97.83675 | AS21: =IF($H21="Cancelled","",IFERROR((T21*INDEX(Variables!$B$7:$D$7,IFERROR(MATCH(IF($B21="Robusta","Robusta",(IF($B21="","Arabica",$B21))&" - "&(IF($C21="","Commercial",$C21))),Variables!$B$1:$D$1,0),1))*IFERROR(IF(W21="","",(AVERAGE(E21:F21)-W21)-Variables!$B$14),"")/365)+(L21/16.67*INDEX(Variables!$B$8:$D$8,IFERROR(MATCH(IF($B21="Robusta","Robusta",(IF($B21="","Arabica",$B21))&" - "&(IF($C21="","Commercial",$C21))),Variables!$B$1:$D$1,0),1))*IFERROR(IF(W21="","",(AVERAGE(E21:F21)-W21)-Variables!$B$14),""))+(T21*INDEX(Variables!$B$9:$D$9,IFERROR(MATCH(IF($B21="Robusta","Robusta",(IF($B21="","Arabica",$B21))&" - "&(IF($C21="","Commercial",$C21))),Variables!$B$1:$D$1,0),1))*IFERROR(IF(W21="","",(AVERAGE(E21:F21)-W21)-Variables!$B$14),"")/365),"")) -> -171.09805 | AT21: =IF($H21="Cancelled","",IFERROR((T21*INDEX(Variables!$B$7:$D$7,IFERROR(MATCH(IF($B21="Robusta","Robusta",(IF($B21="","Arabica",$B21))&" - "&(IF($C21="","Commercial",$C21))),Variables!$B$1:$D$1,0),1))*AC21/365)+(L21/16.67*INDEX(Variables!$B$8:$D$8,IFERROR(MATCH(IF($B21="Robusta","Robusta",(IF($B21="","Arabica",$B21))&" - "&(IF($C21="","Commercial",$C21))),Variables!$B$1:$D$1,0),1))*AC21)+(T21*INDEX(Variables!$B$9:$D$9,IFERROR(MATCH(IF($B21="Robusta","Robusta",(IF($B21="","Arabica",$B21))&" - "&(IF($C21="","Commercial",$C21))),Variables!$B$1:$D$1,0),1))*AC21/365),"")) -> -8640.4518 | AU21: =IF($H21="Cancelled","",IFERROR((T21*INDEX(Variables!$B$7:$D$7,IFERROR(MATCH(IF($B21="Robusta","Robusta",(IF($B21="","Arabica",$B21))&" - "&(IF($C21="","Commercial",$C21))),Variables!$B$1:$D$1,0),1))*AP21/365)+(L21/16.67*INDEX(Variables!$B$8:$D$8,IFERROR(MATCH(IF($B21="Robusta","Robusta",(IF($B21="","Arabica",$B21))&" - "&(IF($C21="","Commercial",$C21))),Variables!$B$1:$D$1,0),1))*AP21)+(T21*INDEX(Variables!$B$9:$D$9,IFERROR(MATCH(IF($B21="Robusta","Robusta",(IF($B21="","Arabica",$B21))&" - "&(IF($C21="","Commercial",$C21))),Variables!$B$1:$D$1,0),1))*AP21/365),"")) -> 7186.1183 | AV21: =IF($H21="Cancelled","",IFERROR(IF(AK21="","",F21-AK21),"")) -> 10 | AW21: =IF($H21="Cancelled","",IFERROR(IF(AV21="","",(T21*INDEX(Variables!$B$7:$D$7,IFERROR(MATCH(IF($B21="Robusta","Robusta",(IF($B21="","Arabica",$B21))&" - "&(IF($C21="","Commercial",$C21))),Variables!$B$1:$D$1,0),1))*(AV21/365))+(T21*INDEX(Variables!$B$9:$D$9,IFERROR(MATCH(IF($B21="Robusta","Robusta",(IF($B21="","Arabica",$B21))&" - "&(IF($C21="","Commercial",$C21))),Variables!$B$1:$D$1,0),1))*(AV21/365))+(INDEX(Variables!$B$8:$D$8,IFERROR(MATCH(IF($B21="Robusta","Robusta",(IF($B21="","Arabica",$B21))&" - "&(IF($C21="","Commercial",$C21))),Variables!$B$1:$D$1,0),1))*L21/16.67)),"")) -> 531.49027
A22: Kenya | B22: Arabica | C22: Commercial | D22: 45261 | E22: 45352 | F22: 45382 | G22: 3786064 | H22: =IF(ISNUMBER(SEARCH("cancel",AN22)),"Cancelled",IF(AND(AK22<>"",AL22<>"",AM22<>""),"Closed","Open")) -> Closed | I22: =IF(AND(AK22<>"",AL22<>"",AM22<>""),"All dates received",_xlfn.TEXTJOIN(" and ",TRUE(),IF(AK22="","No sailing date",""),IF(AL22="","No shipping advice sent",""),IF(AM22="","No docs dispatch date",""))) -> All dates received | J22: BR | K22: 4718 | L22: 720 | M22: Safi A | N22: ABC Minus | R22: SAS | S22: Hamburg | T22: =IF($H22="Cancelled","",IFERROR(((Q22+INDEX(Variables!$B$6:$D$6,IFERROR(MATCH(IF($B22="Robusta","Robusta",(IF($B22="","Arabica",$B22))&" - "&(IF($C22="","Commercial",$C22))),Variables!$B$1:$D$1,0),1)))*22.0462)*(L22/16.67),"")) -> 276901.33 | U22: 45323 | V22: =IF(ISNUMBER(U22),"Sent","") -> Sent | W22: 45330 | X22: =IF(ISNUMBER(W22),"Approved","") -> Approved | Z22: =IF($H22="Cancelled","",IFERROR(IF(F22="","",F22-Variables!$B$13),"")) -> 45367 | AA22: =IF($H22="Cancelled","",IFERROR(IF(W22="","",(AVERAGE(E22:F22)-W22)-Variables!$B$14),"")) -> 7 | AB22: 45419 | AC22: =IF($H22="Cancelled","",IFERROR(IF(AB22="","",IF(AND(W22="",Y22=""),"",IF(Y22>W22,Y22+Variables!$B$15+Variables!$B$16+Variables!$B$17-AB22,W22+Variables!$B$16+Variables!$B$17-AB22))),"")) -> -81 | AD22: MSC FCL/FCL | AE22: MSC Aria III | AI22: MEDUM2624184 | AJ22: N/A | AK22: 45372 | AL22: 45373 | AM22: 45378 | AN22: Documents dispatched | AP22: =IF($H22="Cancelled","",IFERROR(IF(OR(AK22="",AB22=""),"",(AB22+Variables!$B$18-AK22)),"")) -> 54 | AQ22: =IF($H22="Cancelled","",IFERROR(IF(OR(AM22="",AK22=""),"",(AK22+Variables!$B$19)-AM22),"")) -> -1 | AR22: =IF($H22="Cancelled","",IFERROR(T22*INDEX(Variables!$B$7:$D$7,IFERROR(MATCH(IF($B22="Robusta","Robusta",(IF($B22="","Arabica",$B22))&" - "&(IF($C22="","Commercial",$C22))),Variables!$B$1:$D$1,0),1))*(AQ22/365),"")) -> -48.918375 | AS22: =IF($H22="Cancelled","",IFERROR((T22*INDEX(Variables!$B$7:$D$7,IFERROR(MATCH(IF($B22="Robusta","Robusta",(IF($B22="","Arabica",$B22))&" - "&(IF($C22="","Commercial",$C22))),Variables!$B$1:$D$1,0),1))*IFERROR(IF(W22="","",(AVERAGE(E22:F22)-W22)-Variables!$B$14),"")/365)+(L22/16.67*INDEX(Variables!$B$8:$D$8,IFERROR(MATCH(IF($B22="Robusta","Robusta",(IF($B22="","Arabica",$B22))&" - "&(IF($C22="","Commercial",$C22))),Variables!$B$1:$D$1,0),1))*IFERROR(IF(W22="","",(AVERAGE(E22:F22)-W22)-Variables!$B$14),""))+(T22*INDEX(Variables!$B$9:$D$9,IFERROR(MATCH(IF($B22="Robusta","Robusta",(IF($B22="","Arabica",$B22))&" - "&(IF($C22="","Commercial",$C22))),Variables!$B$1:$D$1,0),1))*IFERROR(IF(W22="","",(AVERAGE(E22:F22)-W22)-Variables!$B$14),"")/365),"")) -> 598.84319 | AT22: =IF($H22="Cancelled","",IFERROR((T22*INDEX(Variables!$B$7:$D$7,IFERROR(MATCH(IF($B22="Robusta","Robusta",(IF($B22="","Arabica",$B22))&" - "&(IF($C22="","Commercial",$C22))),Variables!$B$1:$D$1,0),1))*AC22/365)+(L22/16.67*INDEX(Variables!$B$8:$D$8,IFERROR(MATCH(IF($B22="Robusta","Robusta",(IF($B22="","Arabica",$B22))&" - "&(IF($C22="","Commercial",$C22))),Variables!$B$1:$D$1,0),1))*AC22)+(T22*INDEX(Variables!$B$9:$D$9,IFERROR(MATCH(IF($B22="Robusta","Robusta",(IF($B22="","Arabica",$B22))&" - "&(IF($C22="","Commercial",$C22))),Variables!$B$1:$D$1,0),1))*AC22/365),"")) -> -6929.4712 | AU22: =IF($H22="Cancelled","",IFERROR((T22*INDEX(Variables!$B$7:$D$7,IFERROR(MATCH(IF($B22="Robusta","Robusta",(IF($B22="","Arabica",$B22))&" - "&(IF($C22="","Commercial",$C22))),Variables!$B$1:$D$1,0),1))*AP22/365)+(L22/16.67*INDEX(Variables!$B$8:$D$8,IFERROR(MATCH(IF($B22="Robusta","Robusta",(IF($B22="","Arabica",$B22))&" - "&(IF($C22="","Commercial",$C22))),Variables!$B$1:$D$1,0),1))*AP22)+(T22*INDEX(Variables!$B$9:$D$9,IFERROR(MATCH(IF($B22="Robusta","Robusta",(IF($B22="","Arabica",$B22))&" - "&(IF($C22="","Commercial",$C22))),Variables!$B$1:$D$1,0),1))*AP22/365),"")) -> 4619.6475 | AV22: =IF($H22="Cancelled","",IFERROR(IF(AK22="","",F22-AK22),"")) -> 10 | AW22: =IF($H22="Cancelled","",IFERROR(IF(AV22="","",(T22*INDEX(Variables!$B$7:$D$7,IFERROR(MATCH(IF($B22="Robusta","Robusta",(IF($B22="","Arabica",$B22))&" - "&(IF($C22="","Commercial",$C22))),Variables!$B$1:$D$1,0),1))*(AV22/365))+(T22*INDEX(Variables!$B$9:$D$9,IFERROR(MATCH(IF($B22="Robusta","Robusta",(IF($B22="","Arabica",$B22))&" - "&(IF($C22="","Commercial",$C22))),Variables!$B$1:$D$1,0),1))*(AV22/365))+(INDEX(Variables!$B$8:$D$8,IFERROR(MATCH(IF($B22="Robusta","Robusta",(IF($B22="","Arabica",$B22))&" - "&(IF($C22="","Commercial",$C22))),Variables!$B$1:$D$1,0),1))*L22/16.67)),"")) -> 531.49027
A23: Kenya | B23: Arabica | C23: Commercial | D23: 45261 | E23: 45352 | F23: 45382 | G23: 3786064 | H23: =IF(ISNUMBER(SEARCH("cancel",AN23)),"Cancelled",IF(AND(AK23<>"",AL23<>"",AM23<>""),"Closed","Open")) -> Closed | I23: =IF(AND(AK23<>"",AL23<>"",AM23<>""),"All dates received",_xlfn.TEXTJOIN(" and ",TRUE(),IF(AK23="","No sailing date",""),IF(AL23="","No shipping advice sent",""),IF(AM23="","No docs dispatch date",""))) -> All dates received | J23: BR | K23: 4718 | L23: 360 | M23: Safi A | N23: ABC Minus | R23: SAS | S23: Hamburg | T23: =IF($H23="Cancelled","",IFERROR(((Q23+INDEX(Variables!$B$6:$D$6,IFERROR(MATCH(IF($B23="Robusta","Robusta",(IF($B23="","Arabica",$B23))&" - "&(IF($C23="","Commercial",$C23))),Variables!$B$1:$D$1,0),1)))*22.0462)*(L23/16.67),"")) -> 138450.67 | U23: 45323 | V23: =IF(ISNUMBER(U23),"Sent","") -> Sent | W23: 45330 | X23: =IF(ISNUMBER(W23),"Approved","") -> Approved | Z23: =IF($H23="Cancelled","",IFERROR(IF(F23="","",F23-Variables!$B$13),"")) -> 45367 | AA23: =IF($H23="Cancelled","",IFERROR(IF(W23="","",(AVERAGE(E23:F23)-W23)-Variables!$B$14),"")) -> 7 | AB23: 45420 | AC23: =IF($H23="Cancelled","",IFERROR(IF(AB23="","",IF(AND(W23="",Y23=""),"",IF(Y23>W23,Y23+Variables!$B$15+Variables!$B$16+Variables!$B$17-AB23,W23+Variables!$B$16+Variables!$B$17-AB23))),"")) -> -82 | AD23: MSC FCL/FCL | AE23: Msc Lome V | AI23: MEDUM2631544 | AJ23: N/A | AK23: 45392 | AL23: 45394 | AM23: 45401 | AN23: Documents dispatched | AP23: =IF($H23="Cancelled","",IFERROR(IF(OR(AK23="",AB23=""),"",(AB23+Variables!$B$18-AK23)),"")) -> 35 | AQ23: =IF($H23="Cancelled","",IFERROR(IF(OR(AM23="",AK23=""),"",(AK23+Variables!$B$19)-AM23),"")) -> -4 | AR23: =IF($H23="Cancelled","",IFERROR(T23*INDEX(Variables!$B$7:$D$7,IFERROR(MATCH(IF($B23="Robusta","Robusta",(IF($B23="","Arabica",$B23))&" - "&(IF($C23="","Commercial",$C23))),Variables!$B$1:$D$1,0),1))*(AQ23/365),"")) -> -97.83675 | AS23: =IF($H23="Cancelled","",IFERROR((T23*INDEX(Variables!$B$7:$D$7,IFERROR(MATCH(IF($B23="Robusta","Robusta",(IF($B23="","Arabica",$B23))&" - "&(IF($C23="","Commercial",$C23))),Variables!$B$1:$D$1,0),1))*IFERROR(IF(W23="","",(AVERAGE(E23:F23)-W23)-Variables!$B$14),"")/365)+(L23/16.67*INDEX(Variables!$B$8:$D$8,IFERROR(MATCH(IF($B23="Robusta","Robusta",(IF($B23="","Arabica",$B23))&" - "&(IF($C23="","Commercial",$C23))),Variables!$B$1:$D$1,0),1))*IFERROR(IF(W23="","",(AVERAGE(E23:F23)-W23)-Variables!$B$14),""))+(T23*INDEX(Variables!$B$9:$D$9,IFERROR(MATCH(IF($B23="Robusta","Robusta",(IF($B23="","Arabica",$B23))&" - "&(IF($C23="","Commercial",$C23))),Variables!$B$1:$D$1,0),1))*IFERROR(IF(W23="","",(AVERAGE(E23:F23)-W23)-Variables!$B$14),"")/365),"")) -> 299.4216 | AT23: =IF($H23="Cancelled","",IFERROR((T23*INDEX(Variables!$B$7:$D$7,IFERROR(MATCH(IF($B23="Robusta","Robusta",(IF($B23="","Arabica",$B23))&" - "&(IF($C23="","Commercial",$C23))),Variables!$B$1:$D$1,0),1))*AC23/365)+(L23/16.67*INDEX(Variables!$B$8:$D$8,IFERROR(MATCH(IF($B23="Robusta","Robusta",(IF($B23="","Arabica",$B23))&" - "&(IF($C23="","Commercial",$C23))),Variables!$B$1:$D$1,0),1))*AC23)+(T23*INDEX(Variables!$B$9:$D$9,IFERROR(MATCH(IF($B23="Robusta","Robusta",(IF($B23="","Arabica",$B23))&" - "&(IF($C23="","Commercial",$C23))),Variables!$B$1:$D$1,0),1))*AC23/365),"")) -> -3507.5101 | AU23: =IF($H23="Cancelled","",IFERROR((T23*INDEX(Variables!$B$7:$D$7,IFERROR(MATCH(IF($B23="Robusta","Robusta",(IF($B23="","Arabica",$B23))&" - "&(IF($C23="","Commercial",$C23))),Variables!$B$1:$D$1,0),1))*AP23/365)+(L23/16.67*INDEX(Variables!$B$8:$D$8,IFERROR(MATCH(IF($B23="Robusta","Robusta",(IF($B23="","Arabica",$B23))&" - "&(IF($C23="","Commercial",$C23))),Variables!$B$1:$D$1,0),1))*AP23)+(T23*INDEX(Variables!$B$9:$D$9,IFERROR(MATCH(IF($B23="Robusta","Robusta",(IF($B23="","Arabica",$B23))&" - "&(IF($C23="","Commercial",$C23))),Variables!$B$1:$D$1,0),1))*AP23/365),"")) -> 1497.108 | AV23: =IF($H23="Cancelled","",IFERROR(IF(AK23="","",F23-AK23),"")) -> -10 | AW23: =IF($H23="Cancelled","",IFERROR(IF(AV23="","",(T23*INDEX(Variables!$B$7:$D$7,IFERROR(MATCH(IF($B23="Robusta","Robusta",(IF($B23="","Arabica",$B23))&" - "&(IF($C23="","Commercial",$C23))),Variables!$B$1:$D$1,0),1))*(AV23/365))+(T23*INDEX(Variables!$B$9:$D$9,IFERROR(MATCH(IF($B23="Robusta","Robusta",(IF($B23="","Arabica",$B23))&" - "&(IF($C23="","Commercial",$C23))),Variables!$B$1:$D$1,0),1))*(AV23/365))+(INDEX(Variables!$B$8:$D$8,IFERROR(MATCH(IF($B23="Robusta","Robusta",(IF($B23="","Arabica",$B23))&" - "&(IF($C23="","Commercial",$C23))),Variables!$B$1:$D$1,0),1))*L23/16.67)),"")) -> -229.74514
A24: Kenya | B24: Arabica | C24: Commercial | D24: 45261 | E24: 45352 | F24: 45382 | G24: 3786069 | H24: =IF(ISNUMBER(SEARCH("cancel",AN24)),"Cancelled",IF(AND(AK24<>"",AL24<>"",AM24<>""),"Closed","Open")) -> Closed | I24: =IF(AND(AK24<>"",AL24<>"",AM24<>""),"All dates received",_xlfn.TEXTJOIN(" and ",TRUE(),IF(AK24="","No sailing date",""),IF(AL24="","No shipping advice sent",""),IF(AM24="","No docs dispatch date",""))) -> All dates received | J24: BR | K24: 4720 | L24: 1080 | M24: Grinder | N24: Grinder plus | R24: SAS | S24: Gaevle | T24: =IF($H24="Cancelled","",IFERROR(((Q24+INDEX(Variables!$B$6:$D$6,IFERROR(MATCH(IF($B24="Robusta","Robusta",(IF($B24="","Arabica",$B24))&" - "&(IF($C24="","Commercial",$C24))),Variables!$B$1:$D$1,0),1)))*22.0462)*(L24/16.67),"")) -> 415352 | U24: 45336 | V24: =IF(ISNUMBER(U24),"Sent","") -> Sent | W24: 45344 | X24: =IF(ISNUMBER(W24),"Approved","") -> Approved | Z24: =IF($H24="Cancelled","",IFERROR(IF(F24="","",F24-Variables!$B$13),"")) -> 45367 | AA24: =IF($H24="Cancelled","",IFERROR(IF(W24="","",(AVERAGE(E24:F24)-W24)-Variables!$B$14),"")) -> -7 | AB24: 45419 | AC24: =IF($H24="Cancelled","",IFERROR(IF(AB24="","",IF(AND(W24="",Y24=""),"",IF(Y24>W24,Y24+Variables!$B$15+Variables!$B$16+Variables!$B$17-AB24,W24+Variables!$B$16+Variables!$B$17-AB24))),"")) -> -67 | AD24: Maersk/WEC FCL/FCL | AE24: MSC Prelude | AI24: WECC2488GVX1003 | AJ24: N/A | AK24: 45367 | AL24: 45369 | AM24: 45370 | AN24: Documents dispatched | AP24: =IF($H24="Cancelled","",IFERROR(IF(OR(AK24="",AB24=""),"",(AB24+Variables!$B$18-AK24)),"")) -> 59 | AQ24: =IF($H24="Cancelled","",IFERROR(IF(OR(AM24="",AK24=""),"",(AK24+Variables!$B$19)-AM24),"")) -> 2 | AR24: =IF($H24="Cancelled","",IFERROR(T24*INDEX(Variables!$B$7:$D$7,IFERROR(MATCH(IF($B24="Robusta","Robusta",(IF($B24="","Arabica",$B24))&" - "&(IF($C24="","Commercial",$C24))),Variables!$B$1:$D$1,0),1))*(AQ24/365),"")) -> 146.75513 | AS24: =IF($H24="Cancelled","",IFERROR((T24*INDEX(Variables!$B$7:$D$7,IFERROR(MATCH(IF($B24="Robusta","Robusta",(IF($B24="","Arabica",$B24))&" - "&(IF($C24="","Commercial",$C24))),Variables!$B$1:$D$1,0),1))*IFERROR(IF(W24="","",(AVERAGE(E24:F24)-W24)-Variables!$B$14),"")/365)+(L24/16.67*INDEX(Variables!$B$8:$D$8,IFERROR(MATCH(IF($B24="Robusta","Robusta",(IF($B24="","Arabica",$B24))&" - "&(IF($C24="","Commercial",$C24))),Variables!$B$1:$D$1,0),1))*IFERROR(IF(W24="","",(AVERAGE(E24:F24)-W24)-Variables!$B$14),""))+(T24*INDEX(Variables!$B$9:$D$9,IFERROR(MATCH(IF($B24="Robusta","Robusta",(IF($B24="","Arabica",$B24))&" - "&(IF($C24="","Commercial",$C24))),Variables!$B$1:$D$1,0),1))*IFERROR(IF(W24="","",(AVERAGE(E24:F24)-W24)-Variables!$B$14),"")/365),"")) -> -898.26479 | AT24: =IF($H24="Cancelled","",IFERROR((T24*INDEX(Variables!$B$7:$D$7,IFERROR(MATCH(IF($B24="Robusta","Robusta",(IF($B24="","Arabica",$B24))&" - "&(IF($C24="","Commercial",$C24))),Variables!$B$1:$D$1,0),1))*AC24/365)+(L24/16.67*INDEX(Variables!$B$8:$D$8,IFERROR(MATCH(IF($B24="Robusta","Robusta",(IF($B24="","Arabica",$B24))&" - "&(IF($C24="","Commercial",$C24))),Variables!$B$1:$D$1,0),1))*AC24)+(T24*INDEX(Variables!$B$9:$D$9,IFERROR(MATCH(IF($B24="Robusta","Robusta",(IF($B24="","Arabica",$B24))&" - "&(IF($C24="","Commercial",$C24))),Variables!$B$1:$D$1,0),1))*AC24/365),"")) -> -8597.6773 | AU24: =IF($H24="Cancelled","",IFERROR((T24*INDEX(Variables!$B$7:$D$7,IFERROR(MATCH(IF($B24="Robusta","Robusta",(IF($B24="","Arabica",$B24))&" - "&(IF($C24="","Commercial",$C24))),Variables!$B$1:$D$1,0),1))*AP24/365)+(L24/16.67*INDEX(Variables!$B$8:$D$8,IFERROR(MATCH(IF($B24="Robusta","Robusta",(IF($B24="","Arabica",$B24))&" - "&(IF($C24="","Commercial",$C24))),Variables!$B$1:$D$1,0),1))*AP24)+(T24*INDEX(Variables!$B$9:$D$9,IFERROR(MATCH(IF($B24="Robusta","Robusta",(IF($B24="","Arabica",$B24))&" - "&(IF($C24="","Commercial",$C24))),Variables!$B$1:$D$1,0),1))*AP24/365),"")) -> 7571.0889 | AV24: =IF($H24="Cancelled","",IFERROR(IF(AK24="","",F24-AK24),"")) -> 15 | AW24: =IF($H24="Cancelled","",IFERROR(IF(AV24="","",(T24*INDEX(Variables!$B$7:$D$7,IFERROR(MATCH(IF($B24="Robusta","Robusta",(IF($B24="","Arabica",$B24))&" - "&(IF($C24="","Commercial",$C24))),Variables!$B$1:$D$1,0),1))*(AV24/365))+(T24*INDEX(Variables!$B$9:$D$9,IFERROR(MATCH(IF($B24="Robusta","Robusta",(IF($B24="","Arabica",$B24))&" - "&(IF($C24="","Commercial",$C24))),Variables!$B$1:$D$1,0),1))*(AV24/365))+(INDEX(Variables!$B$8:$D$8,IFERROR(MATCH(IF($B24="Robusta","Robusta",(IF($B24="","Arabica",$B24))&" - "&(IF($C24="","Commercial",$C24))),Variables!$B$1:$D$1,0),1))*L24/16.67)),"")) -> 1168.8531
A25: Kenya | B25: Arabica | C25: Commercial | D25: 45261 | E25: 45383 | F25: 45412 | G25: 3786065 | H25: =IF(ISNUMBER(SEARCH("cancel",AN25)),"Cancelled",IF(AND(AK25<>"",AL25<>"",AM25<>""),"Closed","Open")) -> Closed | I25: =IF(AND(AK25<>"",AL25<>"",AM25<>""),"All dates received",_xlfn.TEXTJOIN(" and ",TRUE(),IF(AK25="","No sailing date",""),IF(AL25="","No shipping advice sent",""),IF(AM25="","No docs dispatch date",""))) -> All dates received | J25: BR | K25: 4763 | L25: 1080 | M25: Safi A | N25: ABC Minus | R25: SAS | S25: Hamburg | T25: =IF($H25="Cancelled","",IFERROR(((Q25+INDEX(Variables!$B$6:$D$6,IFERROR(MATCH(IF($B25="Robusta","Robusta",(IF($B25="","Arabica",$B25))&" - "&(IF($C25="","Commercial",$C25))),Variables!$B$1:$D$1,0),1)))*22.0462)*(L25/16.67),"")) -> 415352 | U25: 45362 | V25: =IF(ISNUMBER(U25),"Sent","") -> Sent | W25: 45369 | X25: =IF(ISNUMBER(W25),"Approved","") -> Approved | Z25: =IF($H25="Cancelled","",IFERROR(IF(F25="","",F25-Variables!$B$13),"")) -> 45397 | AA25: =IF($H25="Cancelled","",IFERROR(IF(W25="","",(AVERAGE(E25:F25)-W25)-Variables!$B$14),"")) -> -1.5 | AB25: 45426 | AC25: =IF($H25="Cancelled","",IFERROR(IF(AB25="","",IF(AND(W25="",Y25=""),"",IF(Y25>W25,Y25+Variables!$B$15+Variables!$B$16+Variables!$B$17-AB25,W25+Variables!$B$16+Variables!$B$17-AB25))),"")) -> -49 | AD25: MSC FCL/FCL | AE25: Msc Diego | AI25: MEDUM2629571 | AJ25: N/A | AK25: 45399 | AL25: 45401 | AM25: 45405 | AN25: Documents dispatched | AP25: =IF($H25="Cancelled","",IFERROR(IF(OR(AK25="",AB25=""),"",(AB25+Variables!$B$18-AK25)),"")) -> 34 | AQ25: =IF($H25="Cancelled","",IFERROR(IF(OR(AM25="",AK25=""),"",(AK25+Variables!$B$19)-AM25),"")) -> -1 | AR25: =IF($H25="Cancelled","",IFERROR(T25*INDEX(Variables!$B$7:$D$7,IFERROR(MATCH(IF($B25="Robusta","Robusta",(IF($B25="","Arabica",$B25))&" - "&(IF($C25="","Commercial",$C25))),Variables!$B$1:$D$1,0),1))*(AQ25/365),"")) -> -73.377563 | AS25: =IF($H25="Cancelled","",IFERROR((T25*INDEX(Variables!$B$7:$D$7,IFERROR(MATCH(IF($B25="Robusta","Robusta",(IF($B25="","Arabica",$B25))&" - "&(IF($C25="","Commercial",$C25))),Variables!$B$1:$D$1,0),1))*IFERROR(IF(W25="","",(AVERAGE(E25:F25)-W25)-Variables!$B$14),"")/365)+(L25/16.67*INDEX(Variables!$B$8:$D$8,IFERROR(MATCH(IF($B25="Robusta","Robusta",(IF($B25="","Arabica",$B25))&" - "&(IF($C25="","Commercial",$C25))),Variables!$B$1:$D$1,0),1))*IFERROR(IF(W25="","",(AVERAGE(E25:F25)-W25)-Variables!$B$14),""))+(T25*INDEX(Variables!$B$9:$D$9,IFERROR(MATCH(IF($B25="Robusta","Robusta",(IF($B25="","Arabica",$B25))&" - "&(IF($C25="","Commercial",$C25))),Variables!$B$1:$D$1,0),1))*IFERROR(IF(W25="","",(AVERAGE(E25:F25)-W25)-Variables!$B$14),"")/365),"")) -> -192.48531 | AT25: =IF($H25="Cancelled","",IFERROR((T25*INDEX(Variables!$B$7:$D$7,IFERROR(MATCH(IF($B25="Robusta","Robusta",(IF($B25="","Arabica",$B25))&" - "&(IF($C25="","Commercial",$C25))),Variables!$B$1:$D$1,0),1))*AC25/365)+(L25/16.67*INDEX(Variables!$B$8:$D$8,IFERROR(MATCH(IF($B25="Robusta","Robusta",(IF($B25="","Arabica",$B25))&" - "&(IF($C25="","Commercial",$C25))),Variables!$B$1:$D$1,0),1))*AC25)+(T25*INDEX(Variables!$B$9:$D$9,IFERROR(MATCH(IF($B25="Robusta","Robusta",(IF($B25="","Arabica",$B25))&" - "&(IF($C25="","Commercial",$C25))),Variables!$B$1:$D$1,0),1))*AC25/365),"")) -> -6287.8535 | AU25: =IF($H25="Cancelled","",IFERROR((T25*INDEX(Variables!$B$7:$D$7,IFERROR(MATCH(IF($B25="Robusta","Robusta",(IF($B25="","Arabica",$B25))&" - "&(IF($C25="","Commercial",$C25))),Variables!$B$1:$D$1,0),1))*AP25/365)+(L25/16.67*INDEX(Variables!$B$8:$D$8,IFERROR(MATCH(IF($B25="Robusta","Robusta",(IF($B25="","Arabica",$B25))&" - "&(IF($C25="","Commercial",$C25))),Variables!$B$1:$D$1,0),1))*AP25)+(T25*INDEX(Variables!$B$9:$D$9,IFERROR(MATCH(IF($B25="Robusta","Robusta",(IF($B25="","Arabica",$B25))&" - "&(IF($C25="","Commercial",$C25))),Variables!$B$1:$D$1,0),1))*AP25/365),"")) -> 4363.0004 | AV25: =IF($H25="Cancelled","",IFERROR(IF(AK25="","",F25-AK25),"")) -> 13 | AW25: =IF($H25="Cancelled","",IFERROR(IF(AV25="","",(T25*INDEX(Variables!$B$7:$D$7,IFERROR(MATCH(IF($B25="Robusta","Robusta",(IF($B25="","Arabica",$B25))&" - "&(IF($C25="","Commercial",$C25))),Variables!$B$1:$D$1,0),1))*(AV25/365))+(T25*INDEX(Variables!$B$9:$D$9,IFERROR(MATCH(IF($B25="Robusta","Robusta",(IF($B25="","Arabica",$B25))&" - "&(IF($C25="","Commercial",$C25))),Variables!$B$1:$D$1,0),1))*(AV25/365))+(INDEX(Variables!$B$8:$D$8,IFERROR(MATCH(IF($B25="Robusta","Robusta",(IF($B25="","Arabica",$B25))&" - "&(IF($C25="","Commercial",$C25))),Variables!$B$1:$D$1,0),1))*L25/16.67)),"")) -> 1020.206
A26: Kenya | B26: Arabica | C26: Commercial | D26: 45261 | E26: 45383 | F26: 45412 | G26: 3786070 | H26: =IF(ISNUMBER(SEARCH("cancel",AN26)),"Cancelled",IF(AND(AK26<>"",AL26<>"",AM26<>""),"Closed","Open")) -> Closed | I26: =IF(AND(AK26<>"",AL26<>"",AM26<>""),"All dates received",_xlfn.TEXTJOIN(" and ",TRUE(),IF(AK26="","No sailing date",""),IF(AL26="","No shipping advice sent",""),IF(AM26="","No docs dispatch date",""))) -> All dates received | J26: BR | K26: 4768 | L26: 1080 | M26: Grinder | N26: Grinder plus | R26: SAS | S26: Rotterdam | T26: =IF($H26="Cancelled","",IFERROR(((Q26+INDEX(Variables!$B$6:$D$6,IFERROR(MATCH(IF($B26="Robusta","Robusta",(IF($B26="","Arabica",$B26))&" - "&(IF($C26="","Commercial",$C26))),Variables!$B$1:$D$1,0),1)))*22.0462)*(L26/16.67),"")) -> 415352 | U26: 45362 | V26: =IF(ISNUMBER(U26),"Sent","") -> Sent | W26: 45369 | X26: =IF(ISNUMBER(W26),"Approved","") -> Approved | Z26: =IF($H26="Cancelled","",IFERROR(IF(F26="","",F26-Variables!$B$13),"")) -> 45397 | AA26: =IF($H26="Cancelled","",IFERROR(IF(W26="","",(AVERAGE(E26:F26)-W26)-Variables!$B$14),"")) -> -1.5 | AB26: 45427 | AC26: =IF($H26="Cancelled","",IFERROR(IF(AB26="","",IF(AND(W26="",Y26=""),"",IF(Y26>W26,Y26+Variables!$B$15+Variables!$B$16+Variables!$B$17-AB26,W26+Variables!$B$16+Variables!$B$17-AB26))),"")) -> -50 | AD26: Maersk FCL/FCL | AE26: Kyparissa | AI26: 237421967 | AJ26: N/A | AK26: 45401 | AL26: 45401 | AM26: 45401 | AN26: Documents dispatched | AP26: =IF($H26="Cancelled","",IFERROR(IF(OR(AK26="",AB26=""),"",(AB26+Variables!$B$18-AK26)),"")) -> 33 | AQ26: =IF($H26="Cancelled","",IFERROR(IF(OR(AM26="",AK26=""),"",(AK26+Variables!$B$19)-AM26),"")) -> 5 | AR26: =IF($H26="Cancelled","",IFERROR(T26*INDEX(Variables!$B$7:$D$7,IFERROR(MATCH(IF($B26="Robusta","Robusta",(IF($B26="","Arabica",$B26))&" - "&(IF($C26="","Commercial",$C26))),Variables!$B$1:$D$1,0),1))*(AQ26/365),"")) -> 366.88781 | AS26: =IF($H26="Cancelled","",IFERROR((T26*INDEX(Variables!$B$7:$D$7,IFERROR(MATCH(IF($B26="Robusta","Robusta",(IF($B26="","Arabica",$B26))&" - "&(IF($C26="","Commercial",$C26))),Variables!$B$1:$D$1,0),1))*IFERROR(IF(W26="","",(AVERAGE(E26:F26)-W26)-Variables!$B$14),"")/365)+(L26/16.67*INDEX(Variables!$B$8:$D$8,IFERROR(MATCH(IF($B26="Robusta","Robusta",(IF($B26="","Arabica",$B26))&" - "&(IF($C26="","Commercial",$C26))),Variables!$B$1:$D$1,0),1))*IFERROR(IF(W26="","",(AVERAGE(E26:F26)-W26)-Variables!$B$14),""))+(T26*INDEX(Variables!$B$9:$D$9,IFERROR(MATCH(IF($B26="Robusta","Robusta",(IF($B26="","Arabica",$B26))&" - "&(IF($C26="","Commercial",$C26))),Variables!$B$1:$D$1,0),1))*IFERROR(IF(W26="","",(AVERAGE(E26:F26)-W26)-Variables!$B$14),"")/365),"")) -> -192.48531 | AT26: =IF($H26="Cancelled","",IFERROR((T26*INDEX(Variables!$B$7:$D$7,IFERROR(MATCH(IF($B26="Robusta","Robusta",(IF($B26="","Arabica",$B26))&" - "&(IF($C26="","Commercial",$C26))),Variables!$B$1:$D$1,0),1))*AC26/365)+(L26/16.67*INDEX(Variables!$B$8:$D$8,IFERROR(MATCH(IF($B26="Robusta","Robusta",(IF($B26="","Arabica",$B26))&" - "&(IF($C26="","Commercial",$C26))),Variables!$B$1:$D$1,0),1))*AC26)+(T26*INDEX(Variables!$B$9:$D$9,IFERROR(MATCH(IF($B26="Robusta","Robusta",(IF($B26="","Arabica",$B26))&" - "&(IF($C26="","Commercial",$C26))),Variables!$B$1:$D$1,0),1))*AC26/365),"")) -> -6416.1771 | AU26: =IF($H26="Cancelled","",IFERROR((T26*INDEX(Variables!$B$7:$D$7,IFERROR(MATCH(IF($B26="Robusta","Robusta",(IF($B26="","Arabica",$B26))&" - "&(IF($C26="","Commercial",$C26))),Variables!$B$1:$D$1,0),1))*AP26/365)+(L26/16.67*INDEX(Variables!$B$8:$D$8,IFERROR(MATCH(IF($B26="Robusta","Robusta",(IF($B26="","Arabica",$B26))&" - "&(IF($C26="","Commercial",$C26))),Variables!$B$1:$D$1,0),1))*AP26)+(T26*INDEX(Variables!$B$9:$D$9,IFERROR(MATCH(IF($B26="Robusta","Robusta",(IF($B26="","Arabica",$B26))&" - "&(IF($C26="","Commercial",$C26))),Variables!$B$1:$D$1,0),1))*AP26/365),"")) -> 4234.6769 | AV26: =IF($H26="Cancelled","",IFERROR(IF(AK26="","",F26-AK26),"")) -> 11 | AW26: =IF($H26="Cancelled","",IFERROR(IF(AV26="","",(T26*INDEX(Variables!$B$7:$D$7,IFERROR(MATCH(IF($B26="Robusta","Robusta",(IF($B26="","Arabica",$B26))&" - "&(IF($C26="","Commercial",$C26))),Variables!$B$1:$D$1,0),1))*(AV26/365))+(T26*INDEX(Variables!$B$9:$D$9,IFERROR(MATCH(IF($B26="Robusta","Robusta",(IF($B26="","Arabica",$B26))&" - "&(IF($C26="","Commercial",$C26))),Variables!$B$1:$D$1,0),1))*(AV26/365))+(INDEX(Variables!$B$8:$D$8,IFERROR(MATCH(IF($B26="Robusta","Robusta",(IF($B26="","Arabica",$B26))&" - "&(IF($C26="","Commercial",$C26))),Variables!$B$1:$D$1,0),1))*L26/16.67)),"")) -> 871.55895
A27: Kenya | B27: Arabica | C27: Commercial | D27: 45261 | E27: 45413 | F27: 45443 | G27: 3786066 | H27: =IF(ISNUMBER(SEARCH("cancel",AN27)),"Cancelled",IF(AND(AK27<>"",AL27<>"",AM27<>""),"Closed","Open")) -> Closed | I27: =IF(AND(AK27<>"",AL27<>"",AM27<>""),"All dates received",_xlfn.TEXTJOIN(" and ",TRUE(),IF(AK27="","No sailing date",""),IF(AL27="","No shipping advice sent",""),IF(AM27="","No docs dispatch date",""))) -> All dates received | J27: BR | K27: 4857 | L27: 1440 | M27: Safi A | N27: ABC Minus | R27: SAS | S27: Hamburg | T27: =IF($H27="Cancelled","",IFERROR(((Q27+INDEX(Variables!$B$6:$D$6,IFERROR(MATCH(IF($B27="Robusta","Robusta",(IF($B27="","Arabica",$B27))&" - "&(IF($C27="","Commercial",$C27))),Variables!$B$1:$D$1,0),1)))*22.0462)*(L27/16.67),"")) -> 553802.66 | U27: 45390 | V27: =IF(ISNUMBER(U27),"Sent","") -> Sent | W27: 45406 | X27: =IF(ISNUMBER(W27),"Approved","") -> Approved | Z27: =IF($H27="Cancelled","",IFERROR(IF(F27="","",F27-Variables!$B$13),"")) -> 45428 | AA27: =IF($H27="Cancelled","",IFERROR(IF(W27="","",(AVERAGE(E27:F27)-W27)-Variables!$B$14),"")) -> -8 | AB27: 45429 | AC27: =IF($H27="Cancelled","",IFERROR(IF(AB27="","",IF(AND(W27="",Y27=""),"",IF(Y27>W27,Y27+Variables!$B$15+Variables!$B$16+Variables!$B$17-AB27,W27+Variables!$B$16+Variables!$B$17-AB27))),"")) -> -15 | AD27: Hapag FCL/FCL | AE27: Kota Lambang | AI27: HLCUMB1240501874 | AJ27: N/A | AK27: 45442 | AL27: 45443 | AM27: 45450 | AN27: Documents dispatched | AP27: =IF($H27="Cancelled","",IFERROR(IF(OR(AK27="",AB27=""),"",(AB27+Variables!$B$18-AK27)),"")) -> -6 | AQ27: =IF($H27="Cancelled","",IFERROR(IF(OR(AM27="",AK27=""),"",(AK27+Variables!$B$19)-AM27),"")) -> -3 | AR27: =IF($H27="Cancelled","",IFERROR(T27*INDEX(Variables!$B$7:$D$7,IFERROR(MATCH(IF($B27="Robusta","Robusta",(IF($B27="","Arabica",$B27))&" - "&(IF($C27="","Commercial",$C27))),Variables!$B$1:$D$1,0),1))*(AQ27/365),"")) -> -293.51025 | AS27: =IF($H27="Cancelled","",IFERROR((T27*INDEX(Variables!$B$7:$D$7,IFERROR(MATCH(IF($B27="Robusta","Robusta",(IF($B27="","Arabica",$B27))&" - "&(IF($C27="","Commercial",$C27))),Variables!$B$1:$D$1,0),1))*IFERROR(IF(W27="","",(AVERAGE(E27:F27)-W27)-Variables!$B$14),"")/365)+(L27/16.67*INDEX(Variables!$B$8:$D$8,IFERROR(MATCH(IF($B27="Robusta","Robusta",(IF($B27="","Arabica",$B27))&" - "&(IF($C27="","Commercial",$C27))),Variables!$B$1:$D$1,0),1))*IFERROR(IF(W27="","",(AVERAGE(E27:F27)-W27)-Variables!$B$14),""))+(T27*INDEX(Variables!$B$9:$D$9,IFERROR(MATCH(IF($B27="Robusta","Robusta",(IF($B27="","Arabica",$B27))&" - "&(IF($C27="","Commercial",$C27))),Variables!$B$1:$D$1,0),1))*IFERROR(IF(W27="","",(AVERAGE(E27:F27)-W27)-Variables!$B$14),"")/365),"")) -> -1368.7844 | AT27: =IF($H27="Cancelled","",IFERROR((T27*INDEX(Variables!$B$7:$D$7,IFERROR(MATCH(IF($B27="Robusta","Robusta",(IF($B27="","Arabica",$B27))&" - "&(IF($C27="","Commercial",$C27))),Variables!$B$1:$D$1,0),1))*AC27/365)+(L27/16.67*INDEX(Variables!$B$8:$D$8,IFERROR(MATCH(IF($B27="Robusta","Robusta",(IF($B27="","Arabica",$B27))&" - "&(IF($C27="","Commercial",$C27))),Variables!$B$1:$D$1,0),1))*AC27)+(T27*INDEX(Variables!$B$9:$D$9,IFERROR(MATCH(IF($B27="Robusta","Robusta",(IF($B27="","Arabica",$B27))&" - "&(IF($C27="","Commercial",$C27))),Variables!$B$1:$D$1,0),1))*AC27/365),"")) -> -2566.4708 | AU27: =IF($H27="Cancelled","",IFERROR((T27*INDEX(Variables!$B$7:$D$7,IFERROR(MATCH(IF($B27="Robusta","Robusta",(IF($B27="","Arabica",$B27))&" - "&(IF($C27="","Commercial",$C27))),Variables!$B$1:$D$1,0),1))*AP27/365)+(L27/16.67*INDEX(Variables!$B$8:$D$8,IFERROR(MATCH(IF($B27="Robusta","Robusta",(IF($B27="","Arabica",$B27))&" - "&(IF($C27="","Commercial",$C27))),Variables!$B$1:$D$1,0),1))*AP27)+(T27*INDEX(Variables!$B$9:$D$9,IFERROR(MATCH(IF($B27="Robusta","Robusta",(IF($B27="","Arabica",$B27))&" - "&(IF($C27="","Commercial",$C27))),Variables!$B$1:$D$1,0),1))*AP27/365),"")) -> -1026.5883 | AV27: =IF($H27="Cancelled","",IFERROR(IF(AK27="","",F27-AK27),"")) -> 1 | AW27: =IF($H27="Cancelled","",IFERROR(IF(AV27="","",(T27*INDEX(Variables!$B$7:$D$7,IFERROR(MATCH(IF($B27="Robusta","Robusta",(IF($B27="","Arabica",$B27))&" - "&(IF($C27="","Commercial",$C27))),Variables!$B$1:$D$1,0),1))*(AV27/365))+(T27*INDEX(Variables!$B$9:$D$9,IFERROR(MATCH(IF($B27="Robusta","Robusta",(IF($B27="","Arabica",$B27))&" - "&(IF($C27="","Commercial",$C27))),Variables!$B$1:$D$1,0),1))*(AV27/365))+(INDEX(Variables!$B$8:$D$8,IFERROR(MATCH(IF($B27="Robusta","Robusta",(IF($B27="","Arabica",$B27))&" - "&(IF($C27="","Commercial",$C27))),Variables!$B$1:$D$1,0),1))*L27/16.67)),"")) -> 171.09805
A28: Kenya | B28: Arabica | C28: Commercial | D28: 45261 | E28: 45413 | F28: 45443 | G28: 3786071 | H28: =IF(ISNUMBER(SEARCH("cancel",AN28)),"Cancelled",IF(AND(AK28<>"",AL28<>"",AM28<>""),"Closed","Open")) -> Closed | I28: =IF(AND(AK28<>"",AL28<>"",AM28<>""),"All dates received",_xlfn.TEXTJOIN(" and ",TRUE(),IF(AK28="","No sailing date",""),IF(AL28="","No shipping advice sent",""),IF(AM28="","No docs dispatch date",""))) -> All dates received | J28: BR | K28: 4858 | L28: 720 | M28: Grinder | N28: Grinder plus | R28: SAS | S28: Rotterdam | T28: =IF($H28="Cancelled","",IFERROR(((Q28+INDEX(Variables!$B$6:$D$6,IFERROR(MATCH(IF($B28="Robusta","Robusta",(IF($B28="","Arabica",$B28))&" - "&(IF($C28="","Commercial",$C28))),Variables!$B$1:$D$1,0),1)))*22.0462)*(L28/16.67),"")) -> 276901.33 | U28: 45390 | V28: =IF(ISNUMBER(U28),"Sent","") -> Sent | W28: 45394 | X28: =IF(ISNUMBER(W28),"Approved","") -> Approved | Z28: =IF($H28="Cancelled","",IFERROR(IF(F28="","",F28-Variables!$B$13),"")) -> 45428 | AA28: =IF($H28="Cancelled","",IFERROR(IF(W28="","",(AVERAGE(E28:F28)-W28)-Variables!$B$14),"")) -> 4 | AB28: 45428 | AC28: =IF($H28="Cancelled","",IFERROR(IF(AB28="","",IF(AND(W28="",Y28=""),"",IF(Y28>W28,Y28+Variables!$B$15+Variables!$B$16+Variables!$B$17-AB28,W28+Variables!$B$16+Variables!$B$17-AB28))),"")) -> -26 | AD28: Maersk FCL/FCL | AE28: Marathopolis | AI28: 238367109 | AJ28: N/A | AK28: 45421 | AL28: 45426 | AM28: 45426 | AN28: Documents dispatched | AP28: =IF($H28="Cancelled","",IFERROR(IF(OR(AK28="",AB28=""),"",(AB28+Variables!$B$18-AK28)),"")) -> 14 | AQ28: =IF($H28="Cancelled","",IFERROR(IF(OR(AM28="",AK28=""),"",(AK28+Variables!$B$19)-AM28),"")) -> 0 | AR28: =IF($H28="Cancelled","",IFERROR(T28*INDEX(Variables!$B$7:$D$7,IFERROR(MATCH(IF($B28="Robusta","Robusta",(IF($B28="","Arabica",$B28))&" - "&(IF($C28="","Commercial",$C28))),Variables!$B$1:$D$1,0),1))*(AQ28/365),"")) -> 0 | AS28: =IF($H28="Cancelled","",IFERROR((T28*INDEX(Variables!$B$7:$D$7,IFERROR(MATCH(IF($B28="Robusta","Robusta",(IF($B28="","Arabica",$B28))&" - "&(IF($C28="","Commercial",$C28))),Variables!$B$1:$D$1,0),1))*IFERROR(IF(W28="","",(AVERAGE(E28:F28)-W28)-Variables!$B$14),"")/365)+(L28/16.67*INDEX(Variables!$B$8:$D$8,IFERROR(MATCH(IF($B28="Robusta","Robusta",(IF($B28="","Arabica",$B28))&" - "&(IF($C28="","Commercial",$C28))),Variables!$B$1:$D$1,0),1))*IFERROR(IF(W28="","",(AVERAGE(E28:F28)-W28)-Variables!$B$14),""))+(T28*INDEX(Variables!$B$9:$D$9,IFERROR(MATCH(IF($B28="Robusta","Robusta",(IF($B28="","Arabica",$B28))&" - "&(IF($C28="","Commercial",$C28))),Variables!$B$1:$D$1,0),1))*IFERROR(IF(W28="","",(AVERAGE(E28:F28)-W28)-Variables!$B$14),"")/365),"")) -> 342.19611 | AT28: =IF($H28="Cancelled","",IFERROR((T28*INDEX(Variables!$B$7:$D$7,IFERROR(MATCH(IF($B28="Robusta","Robusta",(IF($B28="","Arabica",$B28))&" - "&(IF($C28="","Commercial",$C28))),Variables!$B$1:$D$1,0),1))*AC28/365)+(L28/16.67*INDEX(Variables!$B$8:$D$8,IFERROR(MATCH(IF($B28="Robusta","Robusta",(IF($B28="","Arabica",$B28))&" - "&(IF($C28="","Commercial",$C28))),Variables!$B$1:$D$1,0),1))*AC28)+(T28*INDEX(Variables!$B$9:$D$9,IFERROR(MATCH(IF($B28="Robusta","Robusta",(IF($B28="","Arabica",$B28))&" - "&(IF($C28="","Commercial",$C28))),Variables!$B$1:$D$1,0),1))*AC28/365),"")) -> -2224.2747 | AU28: =IF($H28="Cancelled","",IFERROR((T28*INDEX(Variables!$B$7:$D$7,IFERROR(MATCH(IF($B28="Robusta","Robusta",(IF($B28="","Arabica",$B28))&" - "&(IF($C28="","Commercial",$C28))),Variables!$B$1:$D$1,0),1))*AP28/365)+(L28/16.67*INDEX(Variables!$B$8:$D$8,IFERROR(MATCH(IF($B28="Robusta","Robusta",(IF($B28="","Arabica",$B28))&" - "&(IF($C28="","Commercial",$C28))),Variables!$B$1:$D$1,0),1))*AP28)+(T28*INDEX(Variables!$B$9:$D$9,IFERROR(MATCH(IF($B28="Robusta","Robusta",(IF($B28="","Arabica",$B28))&" - "&(IF($C28="","Commercial",$C28))),Variables!$B$1:$D$1,0),1))*AP28/365),"")) -> 1197.6864 | AV28: =IF($H28="Cancelled","",IFERROR(IF(AK28="","",F28-AK28),"")) -> 22 | AW28: =IF($H28="Cancelled","",IFERROR(IF(AV28="","",(T28*INDEX(Variables!$B$7:$D$7,IFERROR(MATCH(IF($B28="Robusta","Robusta",(IF($B28="","Arabica",$B28))&" - "&(IF($C28="","Commercial",$C28))),Variables!$B$1:$D$1,0),1))*(AV28/365))+(T28*INDEX(Variables!$B$9:$D$9,IFERROR(MATCH(IF($B28="Robusta","Robusta",(IF($B28="","Arabica",$B28))&" - "&(IF($C28="","Commercial",$C28))),Variables!$B$1:$D$1,0),1))*(AV28/365))+(INDEX(Variables!$B$8:$D$8,IFERROR(MATCH(IF($B28="Robusta","Robusta",(IF($B28="","Arabica",$B28))&" - "&(IF($C28="","Commercial",$C28))),Variables!$B$1:$D$1,0),1))*L28/16.67)),"")) -> 1126.0786
A29: Kenya | B29: Arabica | C29: Commercial | D29: 45261 | E29: 45444 | F29: 45473 | G29: 3786072 | H29: =IF(ISNUMBER(SEARCH("cancel",AN29)),"Cancelled",IF(AND(AK29<>"",AL29<>"",AM29<>""),"Closed","Open")) -> Closed | I29: =IF(AND(AK29<>"",AL29<>"",AM29<>""),"All dates received",_xlfn.TEXTJOIN(" and ",TRUE(),IF(AK29="","No sailing date",""),IF(AL29="","No shipping advice sent",""),IF(AM29="","No docs dispatch date",""))) -> All dates received | J29: BR | K29: 4926 | L29: 720 | M29: Grinder | N29: Grinder plus | R29: SAS | S29: Antwerp | T29: =IF($H29="Cancelled","",IFERROR(((Q29+INDEX(Variables!$B$6:$D$6,IFERROR(MATCH(IF($B29="Robusta","Robusta",(IF($B29="","Arabica",$B29))&" - "&(IF($C29="","Commercial",$C29))),Variables!$B$1:$D$1,0),1)))*22.0462)*(L29/16.67),"")) -> 276901.33 | U29: 45411 | V29: =IF(ISNUMBER(U29),"Sent","") -> Sent | W29: 45418 | X29: =IF(ISNUMBER(W29),"Approved","") -> Approved | Z29: =IF($H29="Cancelled","",IFERROR(IF(F29="","",F29-Variables!$B$13),"")) -> 45458 | AA29: =IF($H29="Cancelled","",IFERROR(IF(W29="","",(AVERAGE(E29:F29)-W29)-Variables!$B$14),"")) -> 10.5 | AB29: 45429 | AC29: =IF($H29="Cancelled","",IFERROR(IF(AB29="","",IF(AND(W29="",Y29=""),"",IF(Y29>W29,Y29+Variables!$B$15+Variables!$B$16+Variables!$B$17-AB29,W29+Variables!$B$16+Variables!$B$17-AB29))),"")) -> -3 | AD29: MSC FCL/FCL | AE29: MSC Regina | AI29: MEDUM2645700 | AJ29: N/A | AK29: 45454 | AL29: 45457 | AM29: 45461 | AN29: Documents dispatched | AP29: =IF($H29="Cancelled","",IFERROR(IF(OR(AK29="",AB29=""),"",(AB29+Variables!$B$18-AK29)),"")) -> -18 | AQ29: =IF($H29="Cancelled","",IFERROR(IF(OR(AM29="",AK29=""),"",(AK29+Variables!$B$19)-AM29),"")) -> -2 | AR29: =IF($H29="Cancelled","",IFERROR(T29*INDEX(Variables!$B$7:$D$7,IFERROR(MATCH(IF($B29="Robusta","Robusta",(IF($B29="","Arabica",$B29))&" - "&(IF($C29="","Commercial",$C29))),Variables!$B$1:$D$1,0),1))*(AQ29/365),"")) -> -97.83675 | AS29: =IF($H29="Cancelled","",IFERROR((T29*INDEX(Variables!$B$7:$D$7,IFERROR(MATCH(IF($B29="Robusta","Robusta",(IF($B29="","Arabica",$B29))&" - "&(IF($C29="","Commercial",$C29))),Variables!$B$1:$D$1,0),1))*IFERROR(IF(W29="","",(AVERAGE(E29:F29)-W29)-Variables!$B$14),"")/365)+(L29/16.67*INDEX(Variables!$B$8:$D$8,IFERROR(MATCH(IF($B29="Robusta","Robusta",(IF($B29="","Arabica",$B29))&" - "&(IF($C29="","Commercial",$C29))),Variables!$B$1:$D$1,0),1))*IFERROR(IF(W29="","",(AVERAGE(E29:F29)-W29)-Variables!$B$14),""))+(T29*INDEX(Variables!$B$9:$D$9,IFERROR(MATCH(IF($B29="Robusta","Robusta",(IF($B29="","Arabica",$B29))&" - "&(IF($C29="","Commercial",$C29))),Variables!$B$1:$D$1,0),1))*IFERROR(IF(W29="","",(AVERAGE(E29:F29)-W29)-Variables!$B$14),"")/365),"")) -> 898.26479 | AT29: =IF($H29="Cancelled","",IFERROR((T29*INDEX(Variables!$B$7:$D$7,IFERROR(MATCH(IF($B29="Robusta","Robusta",(IF($B29="","Arabica",$B29))&" - "&(IF($C29="","Commercial",$C29))),Variables!$B$1:$D$1,0),1))*AC29/365)+(L29/16.67*INDEX(Variables!$B$8:$D$8,IFERROR(MATCH(IF($B29="Robusta","Robusta",(IF($B29="","Arabica",$B29))&" - "&(IF($C29="","Commercial",$C29))),Variables!$B$1:$D$1,0),1))*AC29)+(T29*INDEX(Variables!$B$9:$D$9,IFERROR(MATCH(IF($B29="Robusta","Robusta",(IF($B29="","Arabica",$B29))&" - "&(IF($C29="","Commercial",$C29))),Variables!$B$1:$D$1,0),1))*AC29/365),"")) -> -256.64708 | AU29: =IF($H29="Cancelled","",IFERROR((T29*INDEX(Variables!$B$7:$D$7,IFERROR(MATCH(IF($B29="Robusta","Robusta",(IF($B29="","Arabica",$B29))&" - "&(IF($C29="","Commercial",$C29))),Variables!$B$1:$D$1,0),1))*AP29/365)+(L29/16.67*INDEX(Variables!$B$8:$D$8,IFERROR(MATCH(IF($B29="Robusta","Robusta",(IF($B29="","Arabica",$B29))&" - "&(IF($C29="","Commercial",$C29))),Variables!$B$1:$D$1,0),1))*AP29)+(T29*INDEX(Variables!$B$9:$D$9,IFERROR(MATCH(IF($B29="Robusta","Robusta",(IF($B29="","Arabica",$B29))&" - "&(IF($C29="","Commercial",$C29))),Variables!$B$1:$D$1,0),1))*AP29/365),"")) -> -1539.8825 | AV29: =IF($H29="Cancelled","",IFERROR(IF(AK29="","",F29-AK29),"")) -> 19 | AW29: =IF($H29="Cancelled","",IFERROR(IF(AV29="","",(T29*INDEX(Variables!$B$7:$D$7,IFERROR(MATCH(IF($B29="Robusta","Robusta",(IF($B29="","Arabica",$B29))&" - "&(IF($C29="","Commercial",$C29))),Variables!$B$1:$D$1,0),1))*(AV29/365))+(T29*INDEX(Variables!$B$9:$D$9,IFERROR(MATCH(IF($B29="Robusta","Robusta",(IF($B29="","Arabica",$B29))&" - "&(IF($C29="","Commercial",$C29))),Variables!$B$1:$D$1,0),1))*(AV29/365))+(INDEX(Variables!$B$8:$D$8,IFERROR(MATCH(IF($B29="Robusta","Robusta",(IF($B29="","Arabica",$B29))&" - "&(IF($C29="","Commercial",$C29))),Variables!$B$1:$D$1,0),1))*L29/16.67)),"")) -> 977.43152
A30: Kenya | B30: Arabica | C30: Commercial | D30: 45267 | E30: 45383 | F30: 45397 | G30: 3786073 | H30: =IF(ISNUMBER(SEARCH("cancel",AN30)),"Cancelled",IF(AND(AK30<>"",AL30<>"",AM30<>""),"Closed","Open")) -> Closed | I30: =IF(AND(AK30<>"",AL30<>"",AM30<>""),"All dates received",_xlfn.TEXTJOIN(" and ",TRUE(),IF(AK30="","No sailing date",""),IF(AL30="","No shipping advice sent",""),IF(AM30="","No docs dispatch date",""))) -> All dates received | J30: Ally Coffee | K30: 4890 | L30: 320 | M30: AB Faq | N30: AB FAQ | R30: SAS | S30: Durban | T30: =IF($H30="Cancelled","",IFERROR(((Q30+INDEX(Variables!$B$6:$D$6,IFERROR(MATCH(IF($B30="Robusta","Robusta",(IF($B30="","Arabica",$B30))&" - "&(IF($C30="","Commercial",$C30))),Variables!$B$1:$D$1,0),1)))*22.0462)*(L30/16.67),"")) -> 123067.26 | U30: 45357 | V30: =IF(ISNUMBER(U30),"Sent","") -> Sent | W30: 45397 | X30: =IF(ISNUMBER(W30),"Approved","") -> Approved | Z30: =IF($H30="Cancelled","",IFERROR(IF(F30="","",F30-Variables!$B$13),"")) -> 45382 | AA30: =IF($H30="Cancelled","",IFERROR(IF(W30="","",(AVERAGE(E30:F30)-W30)-Variables!$B$14),"")) -> -37 | AB30: 45432 | AC30: =IF($H30="Cancelled","",IFERROR(IF(AB30="","",IF(AND(W30="",Y30=""),"",IF(Y30>W30,Y30+Variables!$B$15+Variables!$B$16+Variables!$B$17-AB30,W30+Variables!$B$16+Variables!$B$17-AB30))),"")) -> -27 | AD30: MSC FCL/FCL | AE30: MSC Singapore | AI30: MEDUM2643259 | AJ30: N/A | AK30: 45428 | AL30: 45429 | AM30: 45436 | AN30: Documents dispatched | AP30: =IF($H30="Cancelled","",IFERROR(IF(OR(AK30="",AB30=""),"",(AB30+Variables!$B$18-AK30)),"")) -> 11 | AQ30: =IF($H30="Cancelled","",IFERROR(IF(OR(AM30="",AK30=""),"",(AK30+Variables!$B$19)-AM30),"")) -> -3 | AR30: =IF($H30="Cancelled","",IFERROR(T30*INDEX(Variables!$B$7:$D$7,IFERROR(MATCH(IF($B30="Robusta","Robusta",(IF($B30="","Arabica",$B30))&" - "&(IF($C30="","Commercial",$C30))),Variables!$B$1:$D$1,0),1))*(AQ30/365),"")) -> -65.2245 | AS30: =IF($H30="Cancelled","",IFERROR((T30*INDEX(Variables!$B$7:$D$7,IFERROR(MATCH(IF($B30="Robusta","Robusta",(IF($B30="","Arabica",$B30))&" - "&(IF($C30="","Commercial",$C30))),Variables!$B$1:$D$1,0),1))*IFERROR(IF(W30="","",(AVERAGE(E30:F30)-W30)-Variables!$B$14),"")/365)+(L30/16.67*INDEX(Variables!$B$8:$D$8,IFERROR(MATCH(IF($B30="Robusta","Robusta",(IF($B30="","Arabica",$B30))&" - "&(IF($C30="","Commercial",$C30))),Variables!$B$1:$D$1,0),1))*IFERROR(IF(W30="","",(AVERAGE(E30:F30)-W30)-Variables!$B$14),""))+(T30*INDEX(Variables!$B$9:$D$9,IFERROR(MATCH(IF($B30="Robusta","Robusta",(IF($B30="","Arabica",$B30))&" - "&(IF($C30="","Commercial",$C30))),Variables!$B$1:$D$1,0),1))*IFERROR(IF(W30="","",(AVERAGE(E30:F30)-W30)-Variables!$B$14),"")/365),"")) -> -1406.8062 | AT30: =IF($H30="Cancelled","",IFERROR((T30*INDEX(Variables!$B$7:$D$7,IFERROR(MATCH(IF($B30="Robusta","Robusta",(IF($B30="","Arabica",$B30))&" - "&(IF($C30="","Commercial",$C30))),Variables!$B$1:$D$1,0),1))*AC30/365)+(L30/16.67*INDEX(Variables!$B$8:$D$8,IFERROR(MATCH(IF($B30="Robusta","Robusta",(IF($B30="","Arabica",$B30))&" - "&(IF($C30="","Commercial",$C30))),Variables!$B$1:$D$1,0),1))*AC30)+(T30*INDEX(Variables!$B$9:$D$9,IFERROR(MATCH(IF($B30="Robusta","Robusta",(IF($B30="","Arabica",$B30))&" - "&(IF($C30="","Commercial",$C30))),Variables!$B$1:$D$1,0),1))*AC30/365),"")) -> -1026.5883 | AU30: =IF($H30="Cancelled","",IFERROR((T30*INDEX(Variables!$B$7:$D$7,IFERROR(MATCH(IF($B30="Robusta","Robusta",(IF($B30="","Arabica",$B30))&" - "&(IF($C30="","Commercial",$C30))),Variables!$B$1:$D$1,0),1))*AP30/365)+(L30/16.67*INDEX(Variables!$B$8:$D$8,IFERROR(MATCH(IF($B30="Robusta","Robusta",(IF($B30="","Arabica",$B30))&" - "&(IF($C30="","Commercial",$C30))),Variables!$B$1:$D$1,0),1))*AP30)+(T30*INDEX(Variables!$B$9:$D$9,IFERROR(MATCH(IF($B30="Robusta","Robusta",(IF($B30="","Arabica",$B30))&" - "&(IF($C30="","Commercial",$C30))),Variables!$B$1:$D$1,0),1))*AP30/365),"")) -> 418.23969 | AV30: =IF($H30="Cancelled","",IFERROR(IF(AK30="","",F30-AK30),"")) -> -31 | AW30: =IF($H30="Cancelled","",IFERROR(IF(AV30="","",(T30*INDEX(Variables!$B$7:$D$7,IFERROR(MATCH(IF($B30="Robusta","Robusta",(IF($B30="","Arabica",$B30))&" - "&(IF($C30="","Commercial",$C30))),Variables!$B$1:$D$1,0),1))*(AV30/365))+(T30*INDEX(Variables!$B$9:$D$9,IFERROR(MATCH(IF($B30="Robusta","Robusta",(IF($B30="","Arabica",$B30))&" - "&(IF($C30="","Commercial",$C30))),Variables!$B$1:$D$1,0),1))*(AV30/365))+(INDEX(Variables!$B$8:$D$8,IFERROR(MATCH(IF($B30="Robusta","Robusta",(IF($B30="","Arabica",$B30))&" - "&(IF($C30="","Commercial",$C30))),Variables!$B$1:$D$1,0),1))*L30/16.67)),"")) -> -666.67549
A31: Kenya | B31: Arabica | C31: Commercial | D31: 45267 | E31: 45444 | F31: 45458 | G31: 3786074 | H31: =IF(ISNUMBER(SEARCH("cancel",AN31)),"Cancelled",IF(AND(AK31<>"",AL31<>"",AM31<>""),"Closed","Open")) -> Closed | I31: =IF(AND(AK31<>"",AL31<>"",AM31<>""),"All dates received",_xlfn.TEXTJOIN(" and ",TRUE(),IF(AK31="","No sailing date",""),IF(AL31="","No shipping advice sent",""),IF(AM31="","No docs dispatch date",""))) -> All dates received | J31: Ally Coffee | K31: 5030 | L31: 320 | M31: AB Faq | N31: AB FAQ | R31: SAS | S31: Durban | T31: =IF($H31="Cancelled","",IFERROR(((Q31+INDEX(Variables!$B$6:$D$6,IFERROR(MATCH(IF($B31="Robusta","Robusta",(IF($B31="","Arabica",$B31))&" - "&(IF($C31="","Commercial",$C31))),Variables!$B$1:$D$1,0),1)))*22.0462)*(L31/16.67),"")) -> 123067.26 | U31: 45411 | V31: =IF(ISNUMBER(U31),"Sent","") -> Sent | W31: 45456 | X31: =IF(ISNUMBER(W31),"Approved","") -> Approved | Z31: =IF($H31="Cancelled","",IFERROR(IF(F31="","",F31-Variables!$B$13),"")) -> 45443 | AA31: =IF($H31="Cancelled","",IFERROR(IF(W31="","",(AVERAGE(E31:F31)-W31)-Variables!$B$14),"")) -> -35 | AB31: 45432 | AC31: =IF($H31="Cancelled","",IFERROR(IF(AB31="","",IF(AND(W31="",Y31=""),"",IF(Y31>W31,Y31+Variables!$B$15+Variables!$B$16+Variables!$B$17-AB31,W31+Variables!$B$16+Variables!$B$17-AB31))),"")) -> 32 | AD31: MSC FCL/FCL | AE31: MSC Beira | AI31: MEDUM2662655 | AJ31: N/A | AK31: 45492 | AL31: 45495 | AM31: 45504 | AN31: Documents dispatched | AP31: =IF($H31="Cancelled","",IFERROR(IF(OR(AK31="",AB31=""),"",(AB31+Variables!$B$18-AK31)),"")) -> -53 | AQ31: =IF($H31="Cancelled","",IFERROR(IF(OR(AM31="",AK31=""),"",(AK31+Variables!$B$19)-AM31),"")) -> -7 | AR31: =IF($H31="Cancelled","",IFERROR(T31*INDEX(Variables!$B$7:$D$7,IFERROR(MATCH(IF($B31="Robusta","Robusta",(IF($B31="","Arabica",$B31))&" - "&(IF($C31="","Commercial",$C31))),Variables!$B$1:$D$1,0),1))*(AQ31/365),"")) -> -152.1905 | AS31: =IF($H31="Cancelled","",IFERROR((T31*INDEX(Variables!$B$7:$D$7,IFERROR(MATCH(IF($B31="Robusta","Robusta",(IF($B31="","Arabica",$B31))&" - "&(IF($C31="","Commercial",$C31))),Variables!$B$1:$D$1,0),1))*IFERROR(IF(W31="","",(AVERAGE(E31:F31)-W31)-Variables!$B$14),"")/365)+(L31/16.67*INDEX(Variables!$B$8:$D$8,IFERROR(MATCH(IF($B31="Robusta","Robusta",(IF($B31="","Arabica",$B31))&" - "&(IF($C31="","Commercial",$C31))),Variables!$B$1:$D$1,0),1))*IFERROR(IF(W31="","",(AVERAGE(E31:F31)-W31)-Variables!$B$14),""))+(T31*INDEX(Variables!$B$9:$D$9,IFERROR(MATCH(IF($B31="Robusta","Robusta",(IF($B31="","Arabica",$B31))&" - "&(IF($C31="","Commercial",$C31))),Variables!$B$1:$D$1,0),1))*IFERROR(IF(W31="","",(AVERAGE(E31:F31)-W31)-Variables!$B$14),"")/365),"")) -> -1330.7626 | AT31: =IF($H31="Cancelled","",IFERROR((T31*INDEX(Variables!$B$7:$D$7,IFERROR(MATCH(IF($B31="Robusta","Robusta",(IF($B31="","Arabica",$B31))&" - "&(IF($C31="","Commercial",$C31))),Variables!$B$1:$D$1,0),1))*AC31/365)+(L31/16.67*INDEX(Variables!$B$8:$D$8,IFERROR(MATCH(IF($B31="Robusta","Robusta",(IF($B31="","Arabica",$B31))&" - "&(IF($C31="","Commercial",$C31))),Variables!$B$1:$D$1,0),1))*AC31)+(T31*INDEX(Variables!$B$9:$D$9,IFERROR(MATCH(IF($B31="Robusta","Robusta",(IF($B31="","Arabica",$B31))&" - "&(IF($C31="","Commercial",$C31))),Variables!$B$1:$D$1,0),1))*AC31/365),"")) -> 1216.6973 | AU31: =IF($H31="Cancelled","",IFERROR((T31*INDEX(Variables!$B$7:$D$7,IFERROR(MATCH(IF($B31="Robusta","Robusta",(IF($B31="","Arabica",$B31))&" - "&(IF($C31="","Commercial",$C31))),Variables!$B$1:$D$1,0),1))*AP31/365)+(L31/16.67*INDEX(Variables!$B$8:$D$8,IFERROR(MATCH(IF($B31="Robusta","Robusta",(IF($B31="","Arabica",$B31))&" - "&(IF($C31="","Commercial",$C31))),Variables!$B$1:$D$1,0),1))*AP31)+(T31*INDEX(Variables!$B$9:$D$9,IFERROR(MATCH(IF($B31="Robusta","Robusta",(IF($B31="","Arabica",$B31))&" - "&(IF($C31="","Commercial",$C31))),Variables!$B$1:$D$1,0),1))*AP31/365),"")) -> -2015.1549 | AV31: =IF($H31="Cancelled","",IFERROR(IF(AK31="","",F31-AK31),"")) -> -34 | AW31: =IF($H31="Cancelled","",IFERROR(IF(AV31="","",(T31*INDEX(Variables!$B$7:$D$7,IFERROR(MATCH(IF($B31="Robusta","Robusta",(IF($B31="","Arabica",$B31))&" - "&(IF($C31="","Commercial",$C31))),Variables!$B$1:$D$1,0),1))*(AV31/365))+(T31*INDEX(Variables!$B$9:$D$9,IFERROR(MATCH(IF($B31="Robusta","Robusta",(IF($B31="","Arabica",$B31))&" - "&(IF($C31="","Commercial",$C31))),Variables!$B$1:$D$1,0),1))*(AV31/365))+(INDEX(Variables!$B$8:$D$8,IFERROR(MATCH(IF($B31="Robusta","Robusta",(IF($B31="","Arabica",$B31))&" - "&(IF($C31="","Commercial",$C31))),Variables!$B$1:$D$1,0),1))*L31/16.67)),"")) -> -732.74086
A32: Kenya | B32: Arabica | C32: Commercial | D32: 45272 | E32: 45292 | F32: 45306 | G32: 3786075 | H32: =IF(ISNUMBER(SEARCH("cancel",AN32)),"Cancelled",IF(AND(AK32<>"",AL32<>"",AM32<>""),"Closed","Open")) -> Closed | I32: =IF(AND(AK32<>"",AL32<>"",AM32<>""),"All dates received",_xlfn.TEXTJOIN(" and ",TRUE(),IF(AK32="","No sailing date",""),IF(AL32="","No shipping advice sent",""),IF(AM32="","No docs dispatch date",""))) -> All dates received | J32: J. Wolff | K32: 4702 | L32: 960 | M32: Type Biashara. APS 5961.(BULK) | N32: ABC Minus | R32: APS | S32: Bremen | T32: =IF($H32="Cancelled","",IFERROR(((Q32+INDEX(Variables!$B$6:$D$6,IFERROR(MATCH(IF($B32="Robusta","Robusta",(IF($B32="","Arabica",$B32))&" - "&(IF($C32="","Commercial",$C32))),Variables!$B$1:$D$1,0),1)))*22.0462)*(L32/16.67),"")) -> 369201.77 | U32: 20 | V32: =IF(ISNUMBER(U32),"Sent","") -> Sent | X32: APS | Z32: =IF($H32="Cancelled","",IFERROR(IF(F32="","",F32-Variables!$B$13),"")) -> 45291 | AA32: =IF($H32="Cancelled","",IFERROR(IF(W32="","",(AVERAGE(E32:F32)-W32)-Variables!$B$14),"")) | AB32: 45436 | AC32: =IF($H32="Cancelled","",IFERROR(IF(AB32="","",IF(AND(W32="",Y32=""),"",IF(Y32>W32,Y32+Variables!$B$15+Variables!$B$16+Variables!$B$17-AB32,W32+Variables!$B$16+Variables!$B$17-AB32))),"")) | AD32: WEC FCL/FCL | AE32: MSC Shaula | AI32: WECC2488BRE1015 | AJ32: 4976364691 | AK32: 45341 | AL32: 45341 | AM32: 45344 | AN32: Documents dispatched | AP32: =IF($H32="Cancelled","",IFERROR(IF(OR(AK32="",AB32=""),"",(AB32+Variables!$B$18-AK32)),"")) -> 102 | AQ32: =IF($H32="Cancelled","",IFERROR(IF(OR(AM32="",AK32=""),"",(AK32+Variables!$B$19)-AM32),"")) -> 2 | AR32: =IF($H32="Cancelled","",IFERROR(T32*INDEX(Variables!$B$7:$D$7,IFERROR(MATCH(IF($B32="Robusta","Robusta",(IF($B32="","Arabica",$B32))&" - "&(IF($C32="","Commercial",$C32))),Variables!$B$1:$D$1,0),1))*(AQ32/365),"")) -> 130.449 | AS32: =IF($H32="Cancelled","",IFERROR((T32*INDEX(Variables!$B$7:$D$7,IFERROR(MATCH(IF($B32="Robusta","Robusta",(IF($B32="","Arabica",$B32))&" - "&(IF($C32="","Commercial",$C32))),Variables!$B$1:$D$1,0),1))*IFERROR(IF(W32="","",(AVERAGE(E32:F32)-W32)-Variables!$B$14),"")/365)+(L32/16.67*INDEX(Variables!$B$8:$D$8,IFERROR(MATCH(IF($B32="Robusta","Robusta",(IF($B32="","Arabica",$B32))&" - "&(IF($C32="","Commercial",$C32))),Variables!$B$1:$D$1,0),1))*IFERROR(IF(W32="","",(AVERAGE(E32:F32)-W32)-Variables!$B$14),""))+(T32*INDEX(Variables!$B$9:$D$9,IFERROR(MATCH(IF($B32="Robusta","Robusta",(IF($B32="","Arabica",$B32))&" - "&(IF($C32="","Commercial",$C32))),Variables!$B$1:$D$1,0),1))*IFERROR(IF(W32="","",(AVERAGE(E32:F32)-W32)-Variables!$B$14),"")/365),"")) | AT32: =IF($H32="Cancelled","",IFERROR((T32*INDEX(Variables!$B$7:$D$7,IFERROR(MATCH(IF($B32="Robusta","Robusta",(IF($B32="","Arabica",$B32))&" - "&(IF($C32="","Commercial",$C32))),Variables!$B$1:$D$1,0),1))*AC32/365)+(L32/16.67*INDEX(Variables!$B$8:$D$8,IFERROR(MATCH(IF($B32="Robusta","Robusta",(IF($B32="","Arabica",$B32))&" - "&(IF($C32="","Commercial",$C32))),Variables!$B$1:$D$1,0),1))*AC32)+(T32*INDEX(Variables!$B$9:$D$9,IFERROR(MATCH(IF($B32="Robusta","Robusta",(IF($B32="","Arabica",$B32))&" - "&(IF($C32="","Commercial",$C32))),Variables!$B$1:$D$1,0),1))*AC32/365),"")) | AU32: =IF($H32="Cancelled","",IFERROR((T32*INDEX(Variables!$B$7:$D$7,IFERROR(MATCH(IF($B32="Robusta","Robusta",(IF($B32="","Arabica",$B32))&" - "&(IF($C32="","Commercial",$C32))),Variables!$B$1:$D$1,0),1))*AP32/365)+(L32/16.67*INDEX(Variables!$B$8:$D$8,IFERROR(MATCH(IF($B32="Robusta","Robusta",(IF($B32="","Arabica",$B32))&" - "&(IF($C32="","Commercial",$C32))),Variables!$B$1:$D$1,0),1))*AP32)+(T32*INDEX(Variables!$B$9:$D$9,IFERROR(MATCH(IF($B32="Robusta","Robusta",(IF($B32="","Arabica",$B32))&" - "&(IF($C32="","Commercial",$C32))),Variables!$B$1:$D$1,0),1))*AP32/365),"")) -> 11634.668 | AV32: =IF($H32="Cancelled","",IFERROR(IF(AK32="","",F32-AK32),"")) -> -35 | AW32: =IF($H32="Cancelled","",IFERROR(IF(AV32="","",(T32*INDEX(Variables!$B$7:$D$7,IFERROR(MATCH(IF($B32="Robusta","Robusta",(IF($B32="","Arabica",$B32))&" - "&(IF($C32="","Commercial",$C32))),Variables!$B$1:$D$1,0),1))*(AV32/365))+(T32*INDEX(Variables!$B$9:$D$9,IFERROR(MATCH(IF($B32="Robusta","Robusta",(IF($B32="","Arabica",$B32))&" - "&(IF($C32="","Commercial",$C32))),Variables!$B$1:$D$1,0),1))*(AV32/365))+(INDEX(Variables!$B$8:$D$8,IFERROR(MATCH(IF($B32="Robusta","Robusta",(IF($B32="","Arabica",$B32))&" - "&(IF($C32="","Commercial",$C32))),Variables!$B$1:$D$1,0),1))*L32/16.67)),"")) -> -2264.2879
A33: Kenya | B33: Arabica | C33: Commercial | D33: 45272 | E33: 45292 | F33: 45322 | G33: 3786076 | H33: =IF(ISNUMBER(SEARCH("cancel",AN33)),"Cancelled",IF(AND(AK33<>"",AL33<>"",AM33<>""),"Closed","Open")) -> Closed | I33: =IF(AND(AK33<>"",AL33<>"",AM33<>""),"All dates received",_xlfn.TEXTJOIN(" and ",TRUE(),IF(AK33="","No sailing date",""),IF(AL33="","No shipping advice sent",""),IF(AM33="","No docs dispatch date",""))) -> All dates received | J33: J. Wolff | K33: 4704 | L33: 300 | M33: Type Biashara. APS 5961. | N33: ABC Minus | R33: APS | S33: Durban | T33: =IF($H33="Cancelled","",IFERROR(((Q33+INDEX(Variables!$B$6:$D$6,IFERROR(MATCH(IF($B33="Robusta","Robusta",(IF($B33="","Arabica",$B33))&" - "&(IF($C33="","Commercial",$C33))),Variables!$B$1:$D$1,0),1)))*22.0462)*(L33/16.67),"")) -> 115375.55 | V33: APS | W33: 45277 | X33: =IF(ISNUMBER(W33),"Approved","") -> Approved | Y33: 45440 | Z33: =IF($H33="Cancelled","",IFERROR(IF(F33="","",F33-Variables!$B$13),"")) -> 45307 | AA33: =IF($H33="Cancelled","",IFERROR(IF(W33="","",(AVERAGE(E33:F33)-W33)-Variables!$B$14),"")) -> 0 | AB33: 45439 | AC33: =IF($H33="Cancelled","",IFERROR(IF(AB33="","",IF(AND(W33="",Y33=""),"",IF(Y33>W33,Y33+Variables!$B$15+Variables!$B$16+Variables!$B$17-AB33,W33+Variables!$B$16+Variables!$B$17-AB33))),"")) -> 16 | AD33: WEC FCL/FCL | AE33: MSC Diego | AI33: WECC2488DUR1004 | AJ33: 3408549830 | AK33: 45318 | AL33: 45320 | AM33: 45320 | AN33: Documents dispatched | AP33: =IF($H33="Cancelled","",IFERROR(IF(OR(AK33="",AB33=""),"",(AB33+Variables!$B$18-AK33)),"")) -> 128 | AQ33: =IF($H33="Cancelled","",IFERROR(IF(OR(AM33="",AK33=""),"",(AK33+Variables!$B$19)-AM33),"")) -> 3 | AR33: =IF($H33="Cancelled","",IFERROR(T33*INDEX(Variables!$B$7:$D$7,IFERROR(MATCH(IF($B33="Robusta","Robusta",(IF($B33="","Arabica",$B33))&" - "&(IF($C33="","Commercial",$C33))),Variables!$B$1:$D$1,0),1))*(AQ33/365),"")) -> 61.147969 | AS33: =IF($H33="Cancelled","",IFERROR((T33*INDEX(Variables!$B$7:$D$7,IFERROR(MATCH(IF($B33="Robusta","Robusta",(IF($B33="","Arabica",$B33))&" - "&(IF($C33="","Commercial",$C33))),Variables!$B$1:$D$1,0),1))*IFERROR(IF(W33="","",(AVERAGE(E33:F33)-W33)-Variables!$B$14),"")/365)+(L33/16.67*INDEX(Variables!$B$8:$D$8,IFERROR(MATCH(IF($B33="Robusta","Robusta",(IF($B33="","Arabica",$B33))&" - "&(IF($C33="","Commercial",$C33))),Variables!$B$1:$D$1,0),1))*IFERROR(IF(W33="","",(AVERAGE(E33:F33)-W33)-Variables!$B$14),""))+(T33*INDEX(Variables!$B$9:$D$9,IFERROR(MATCH(IF($B33="Robusta","Robusta",(IF($B33="","Arabica",$B33))&" - "&(IF($C33="","Commercial",$C33))),Variables!$B$1:$D$1,0),1))*IFERROR(IF(W33="","",(AVERAGE(E33:F33)-W33)-Variables!$B$14),"")/365),"")) -> 0 | AT33: =IF($H33="Cancelled","",IFERROR((T33*INDEX(Variables!$B$7:$D$7,IFERROR(MATCH(IF($B33="Robusta","Robusta",(IF($B33="","Arabica",$B33))&" - "&(IF($C33="","Commercial",$C33))),Variables!$B$1:$D$1,0),1))*AC33/365)+(L33/16.67*INDEX(Variables!$B$8:$D$8,IFERROR(MATCH(IF($B33="Robusta","Robusta",(IF($B33="","Arabica",$B33))&" - "&(IF($C33="","Commercial",$C33))),Variables!$B$1:$D$1,0),1))*AC33)+(T33*INDEX(Variables!$B$9:$D$9,IFERROR(MATCH(IF($B33="Robusta","Robusta",(IF($B33="","Arabica",$B33))&" - "&(IF($C33="","Commercial",$C33))),Variables!$B$1:$D$1,0),1))*AC33/365),"")) -> 570.32685 | AU33: =IF($H33="Cancelled","",IFERROR((T33*INDEX(Variables!$B$7:$D$7,IFERROR(MATCH(IF($B33="Robusta","Robusta",(IF($B33="","Arabica",$B33))&" - "&(IF($C33="","Commercial",$C33))),Variables!$B$1:$D$1,0),1))*AP33/365)+(L33/16.67*INDEX(Variables!$B$8:$D$8,IFERROR(MATCH(IF($B33="Robusta","Robusta",(IF($B33="","Arabica",$B33))&" - "&(IF($C33="","Commercial",$C33))),Variables!$B$1:$D$1,0),1))*AP33)+(T33*INDEX(Variables!$B$9:$D$9,IFERROR(MATCH(IF($B33="Robusta","Robusta",(IF($B33="","Arabica",$B33))&" - "&(IF($C33="","Commercial",$C33))),Variables!$B$1:$D$1,0),1))*AP33/365),"")) -> 4562.6148 | AV33: =IF($H33="Cancelled","",IFERROR(IF(AK33="","",F33-AK33),"")) -> 4 | AW33: =IF($H33="Cancelled","",IFERROR(IF(AV33="","",(T33*INDEX(Variables!$B$7:$D$7,IFERROR(MATCH(IF($B33="Robusta","Robusta",(IF($B33="","Arabica",$B33))&" - "&(IF($C33="","Commercial",$C33))),Variables!$B$1:$D$1,0),1))*(AV33/365))+(T33*INDEX(Variables!$B$9:$D$9,IFERROR(MATCH(IF($B33="Robusta","Robusta",(IF($B33="","Arabica",$B33))&" - "&(IF($C33="","Commercial",$C33))),Variables!$B$1:$D$1,0),1))*(AV33/365))+(INDEX(Variables!$B$8:$D$8,IFERROR(MATCH(IF($B33="Robusta","Robusta",(IF($B33="","Arabica",$B33))&" - "&(IF($C33="","Commercial",$C33))),Variables!$B$1:$D$1,0),1))*L33/16.67)),"")) -> 97.581712
A34: Kenya | B34: Arabica | C34: Commercial | D34: 45273 | E34: 45292 | F34: 45322 | G34: 3786077 | H34: =IF(ISNUMBER(SEARCH("cancel",AN34)),"Cancelled",IF(AND(AK34<>"",AL34<>"",AM34<>""),"Closed","Open")) -> Closed | I34: =IF(AND(AK34<>"",AL34<>"",AM34<>""),"All dates received",_xlfn.TEXTJOIN(" and ",TRUE(),IF(AK34="","No sailing date",""),IF(AL34="","No shipping advice sent",""),IF(AM34="","No docs dispatch date",""))) -> All dates received | J34: Ishimitsu | K34: 4705 | L34: 300 | M34: C Grade. Packed in 60Kg GrainPro bags | N34: ABC Minus | R34: NANS | S34: Shanghai | T34: =IF($H34="Cancelled","",IFERROR(((Q34+INDEX(Variables!$B$6:$D$6,IFERROR(MATCH(IF($B34="Robusta","Robusta",(IF($B34="","Arabica",$B34))&" - "&(IF($C34="","Commercial",$C34))),Variables!$B$1:$D$1,0),1)))*22.0462)*(L34/16.67),"")) -> 115375.55 | U34: 45273 | V34: =IF(ISNUMBER(U34),"Sent","") -> Sent | W34: 45280 | X34: =IF(ISNUMBER(W34),"Approved","") -> Approved | Z34: =IF($H34="Cancelled","",IFERROR(IF(F34="","",F34-Variables!$B$13),"")) -> 45307 | AA34: =IF($H34="Cancelled","",IFERROR(IF(W34="","",(AVERAGE(E34:F34)-W34)-Variables!$B$14),"")) -> -3 | AB34: 45439 | AC34: =IF($H34="Cancelled","",IFERROR(IF(AB34="","",IF(AND(W34="",Y34=""),"",IF(Y34>W34,Y34+Variables!$B$15+Variables!$B$16+Variables!$B$17-AB34,W34+Variables!$B$16+Variables!$B$17-AB34))),"")) -> -151 | AD34: Maersk/ONE FCL/FCL | AE34: Xin Huang Pu | AI34: 235292896 | AJ34: 6586500756 | AK34: 45317 | AL34: 45321 | AM34: 45322 | AN34: Documents dispatched | AP34: =IF($H34="Cancelled","",IFERROR(IF(OR(AK34="",AB34=""),"",(AB34+Variables!$B$18-AK34)),"")) -> 129 | AQ34: =IF($H34="Cancelled","",IFERROR(IF(OR(AM34="",AK34=""),"",(AK34+Variables!$B$19)-AM34),"")) -> 0 | AR34: =IF($H34="Cancelled","",IFERROR(T34*INDEX(Variables!$B$7:$D$7,IFERROR(MATCH(IF($B34="Robusta","Robusta",(IF($B34="","Arabica",$B34))&" - "&(IF($C34="","Commercial",$C34))),Variables!$B$1:$D$1,0),1))*(AQ34/365),"")) -> 0 | AS34: =IF($H34="Cancelled","",IFERROR((T34*INDEX(Variables!$B$7:$D$7,IFERROR(MATCH(IF($B34="Robusta","Robusta",(IF($B34="","Arabica",$B34))&" - "&(IF($C34="","Commercial",$C34))),Variables!$B$1:$D$1,0),1))*IFERROR(IF(W34="","",(AVERAGE(E34:F34)-W34)-Variables!$B$14),"")/365)+(L34/16.67*INDEX(Variables!$B$8:$D$8,IFERROR(MATCH(IF($B34="Robusta","Robusta",(IF($B34="","Arabica",$B34))&" - "&(IF($C34="","Commercial",$C34))),Variables!$B$1:$D$1,0),1))*IFERROR(IF(W34="","",(AVERAGE(E34:F34)-W34)-Variables!$B$14),""))+(T34*INDEX(Variables!$B$9:$D$9,IFERROR(MATCH(IF($B34="Robusta","Robusta",(IF($B34="","Arabica",$B34))&" - "&(IF($C34="","Commercial",$C34))),Variables!$B$1:$D$1,0),1))*IFERROR(IF(W34="","",(AVERAGE(E34:F34)-W34)-Variables!$B$14),"")/365),"")) -> -106.93628 | AT34: =IF($H34="Cancelled","",IFERROR((T34*INDEX(Variables!$B$7:$D$7,IFERROR(MATCH(IF($B34="Robusta","Robusta",(IF($B34="","Arabica",$B34))&" - "&(IF($C34="","Commercial",$C34))),Variables!$B$1:$D$1,0),1))*AC34/365)+(L34/16.67*INDEX(Variables!$B$8:$D$8,IFERROR(MATCH(IF($B34="Robusta","Robusta",(IF($B34="","Arabica",$B34))&" - "&(IF($C34="","Commercial",$C34))),Variables!$B$1:$D$1,0),1))*AC34)+(T34*INDEX(Variables!$B$9:$D$9,IFERROR(MATCH(IF($B34="Robusta","Robusta",(IF($B34="","Arabica",$B34))&" - "&(IF($C34="","Commercial",$C34))),Variables!$B$1:$D$1,0),1))*AC34/365),"")) -> -5382.4596 | AU34: =IF($H34="Cancelled","",IFERROR((T34*INDEX(Variables!$B$7:$D$7,IFERROR(MATCH(IF($B34="Robusta","Robusta",(IF($B34="","Arabica",$B34))&" - "&(IF($C34="","Commercial",$C34))),Variables!$B$1:$D$1,0),1))*AP34/365)+(L34/16.67*INDEX(Variables!$B$8:$D$8,IFERROR(MATCH(IF($B34="Robusta","Robusta",(IF($B34="","Arabica",$B34))&" - "&(IF($C34="","Commercial",$C34))),Variables!$B$1:$D$1,0),1))*AP34)+(T34*INDEX(Variables!$B$9:$D$9,IFERROR(MATCH(IF($B34="Robusta","Robusta",(IF($B34="","Arabica",$B34))&" - "&(IF($C34="","Commercial",$C34))),Variables!$B$1:$D$1,0),1))*AP34/365),"")) -> 4598.2602 | AV34: =IF($H34="Cancelled","",IFERROR(IF(AK34="","",F34-AK34),"")) -> 5 | AW34: =IF($H34="Cancelled","",IFERROR(IF(AV34="","",(T34*INDEX(Variables!$B$7:$D$7,IFERROR(MATCH(IF($B34="Robusta","Robusta",(IF($B34="","Arabica",$B34))&" - "&(IF($C34="","Commercial",$C34))),Variables!$B$1:$D$1,0),1))*(AV34/365))+(T34*INDEX(Variables!$B$9:$D$9,IFERROR(MATCH(IF($B34="Robusta","Robusta",(IF($B34="","Arabica",$B34))&" - "&(IF($C34="","Commercial",$C34))),Variables!$B$1:$D$1,0),1))*(AV34/365))+(INDEX(Variables!$B$8:$D$8,IFERROR(MATCH(IF($B34="Robusta","Robusta",(IF($B34="","Arabica",$B34))&" - "&(IF($C34="","Commercial",$C34))),Variables!$B$1:$D$1,0),1))*L34/16.67)),"")) -> 118.22714
A35: Kenya | B35: Arabica | C35: Commercial | D35: 45274 | E35: 45292 | F35: 45322 | G35: 3786078 | H35: =IF(ISNUMBER(SEARCH("cancel",AN35)),"Cancelled",IF(AND(AK35<>"",AL35<>"",AM35<>""),"Closed","Open")) -> Closed | I35: =IF(AND(AK35<>"",AL35<>"",AM35<>""),"All dates received",_xlfn.TEXTJOIN(" and ",TRUE(),IF(AK35="","No sailing date",""),IF(AL35="","No shipping advice sent",""),IF(AM35="","No docs dispatch date",""))) -> All dates received | J35: Royal | K35: 4708 | L35: 640 | M35: AA Faq.Packed in 60Kg Grainpro bags | N35: AA Faq | R35: APS | S35: Oakland | T35: =IF($H35="Cancelled","",IFERROR(((Q35+INDEX(Variables!$B$6:$D$6,IFERROR(MATCH(IF($B35="Robusta","Robusta",(IF($B35="","Arabica",$B35))&" - "&(IF($C35="","Commercial",$C35))),Variables!$B$1:$D$1,0),1)))*22.0462)*(L35/16.67),"")) -> 246134.52 | V35: APS | W35: 45277 | X35: =IF(ISNUMBER(W35),"Approved","") -> Approved | Y35: 45464 | Z35: =IF($H35="Cancelled","",IFERROR(IF(F35="","",F35-Variables!$B$13),"")) -> 45307 | AA35: =IF($H35="Cancelled","",IFERROR(IF(W35="","",(AVERAGE(E35:F35)-W35)-Variables!$B$14),"")) -> 0 | AB35: 45448 | AC35: =IF($H35="Cancelled","",IFERROR(IF(AB35="","",IF(AND(W35="",Y35=""),"",IF(Y35>W35,Y35+Variables!$B$15+Variables!$B$16+Variables!$B$17-AB35,W35+Variables!$B$16+Variables!$B$17-AB35))),"")) -> 31 | AD35: Maersk/CMA FCL/FCL | AE35: BFAD Southern | AI35: 235147961 | AK35: 45306 | AL35: 45308 | AM35: 45309 | AN35: Documents dispatched | AP35: =IF($H35="Cancelled","",IFERROR(IF(OR(AK35="",AB35=""),"",(AB35+Variables!$B$18-AK35)),"")) -> 149 | AQ35: =IF($H35="Cancelled","",IFERROR(IF(OR(AM35="",AK35=""),"",(AK35+Variables!$B$19)-AM35),"")) -> 2 | AR35: =IF($H35="Cancelled","",IFERROR(T35*INDEX(Variables!$B$7:$D$7,IFERROR(MATCH(IF($B35="Robusta","Robusta",(IF($B35="","Arabica",$B35))&" - "&(IF($C35="","Commercial",$C35))),Variables!$B$1:$D$1,0),1))*(AQ35/365),"")) -> 86.966 | AS35: =IF($H35="Cancelled","",IFERROR((T35*INDEX(Variables!$B$7:$D$7,IFERROR(MATCH(IF($B35="Robusta","Robusta",(IF($B35="","Arabica",$B35))&" - "&(IF($C35="","Commercial",$C35))),Variables!$B$1:$D$1,0),1))*IFERROR(IF(W35="","",(AVERAGE(E35:F35)-W35)-Variables!$B$14),"")/365)+(L35/16.67*INDEX(Variables!$B$8:$D$8,IFERROR(MATCH(IF($B35="Robusta","Robusta",(IF($B35="","Arabica",$B35))&" - "&(IF($C35="","Commercial",$C35))),Variables!$B$1:$D$1,0),1))*IFERROR(IF(W35="","",(AVERAGE(E35:F35)-W35)-Variables!$B$14),""))+(T35*INDEX(Variables!$B$9:$D$9,IFERROR(MATCH(IF($B35="Robusta","Robusta",(IF($B35="","Arabica",$B35))&" - "&(IF($C35="","Commercial",$C35))),Variables!$B$1:$D$1,0),1))*IFERROR(IF(W35="","",(AVERAGE(E35:F35)-W35)-Variables!$B$14),"")/365),"")) -> 0 | AT35: =IF($H35="Cancelled","",IFERROR((T35*INDEX(Variables!$B$7:$D$7,IFERROR(MATCH(IF($B35="Robusta","Robusta",(IF($B35="","Arabica",$B35))&" - "&(IF($C35="","Commercial",$C35))),Variables!$B$1:$D$1,0),1))*AC35/365)+(L35/16.67*INDEX(Variables!$B$8:$D$8,IFERROR(MATCH(IF($B35="Robusta","Robusta",(IF($B35="","Arabica",$B35))&" - "&(IF($C35="","Commercial",$C35))),Variables!$B$1:$D$1,0),1))*AC35)+(T35*INDEX(Variables!$B$9:$D$9,IFERROR(MATCH(IF($B35="Robusta","Robusta",(IF($B35="","Arabica",$B35))&" - "&(IF($C35="","Commercial",$C35))),Variables!$B$1:$D$1,0),1))*AC35/365),"")) -> 2357.351 | AU35: =IF($H35="Cancelled","",IFERROR((T35*INDEX(Variables!$B$7:$D$7,IFERROR(MATCH(IF($B35="Robusta","Robusta",(IF($B35="","Arabica",$B35))&" - "&(IF($C35="","Commercial",$C35))),Variables!$B$1:$D$1,0),1))*AP35/365)+(L35/16.67*INDEX(Variables!$B$8:$D$8,IFERROR(MATCH(IF($B35="Robusta","Robusta",(IF($B35="","Arabica",$B35))&" - "&(IF($C35="","Commercial",$C35))),Variables!$B$1:$D$1,0),1))*AP35)+(T35*INDEX(Variables!$B$9:$D$9,IFERROR(MATCH(IF($B35="Robusta","Robusta",(IF($B35="","Arabica",$B35))&" - "&(IF($C35="","Commercial",$C35))),Variables!$B$1:$D$1,0),1))*AP35/365),"")) -> 11330.493 | AV35: =IF($H35="Cancelled","",IFERROR(IF(AK35="","",F35-AK35),"")) -> 16 | AW35: =IF($H35="Cancelled","",IFERROR(IF(AV35="","",(T35*INDEX(Variables!$B$7:$D$7,IFERROR(MATCH(IF($B35="Robusta","Robusta",(IF($B35="","Arabica",$B35))&" - "&(IF($C35="","Commercial",$C35))),Variables!$B$1:$D$1,0),1))*(AV35/365))+(T35*INDEX(Variables!$B$9:$D$9,IFERROR(MATCH(IF($B35="Robusta","Robusta",(IF($B35="","Arabica",$B35))&" - "&(IF($C35="","Commercial",$C35))),Variables!$B$1:$D$1,0),1))*(AV35/365))+(INDEX(Variables!$B$8:$D$8,IFERROR(MATCH(IF($B35="Robusta","Robusta",(IF($B35="","Arabica",$B35))&" - "&(IF($C35="","Commercial",$C35))),Variables!$B$1:$D$1,0),1))*L35/16.67)),"")) -> 736.69728
A36: Kenya | B36: Arabica | C36: Commercial | D36: 45274 | E36: 45292 | F36: 45322 | G36: 3786079 | H36: =IF(ISNUMBER(SEARCH("cancel",AN36)),"Cancelled",IF(AND(AK36<>"",AL36<>"",AM36<>""),"Closed","Open")) -> Closed | I36: =IF(AND(AK36<>"",AL36<>"",AM36<>""),"All dates received",_xlfn.TEXTJOIN(" and ",TRUE(),IF(AK36="","No sailing date",""),IF(AL36="","No shipping advice sent",""),IF(AM36="","No docs dispatch date",""))) -> All dates received | J36: Serengeti | K36: 4706 | L36: 640 | M36: FAQ "Biashara" C&F. SAS on replacement basis. | N36: ABC Minus | R36: SAS | S36: New York | T36: =IF($H36="Cancelled","",IFERROR(((Q36+INDEX(Variables!$B$6:$D$6,IFERROR(MATCH(IF($B36="Robusta","Robusta",(IF($B36="","Arabica",$B36))&" - "&(IF($C36="","Commercial",$C36))),Variables!$B$1:$D$1,0),1)))*22.0462)*(L36/16.67),"")) -> 246134.52 | U36: 45281 | V36: =IF(ISNUMBER(U36),"Sent","") -> Sent | W36: 45289 | X36: =IF(ISNUMBER(W36),"Approved","") -> Approved | Z36: =IF($H36="Cancelled","",IFERROR(IF(F36="","",F36-Variables!$B$13),"")) -> 45307 | AA36: =IF($H36="Cancelled","",IFERROR(IF(W36="","",(AVERAGE(E36:F36)-W36)-Variables!$B$14),"")) -> -12 | AB36: 45450 | AC36: =IF($H36="Cancelled","",IFERROR(IF(AB36="","",IF(AND(W36="",Y36=""),"",IF(Y36>W36,Y36+Variables!$B$15+Variables!$B$16+Variables!$B$17-AB36,W36+Variables!$B$16+Variables!$B$17-AB36))),"")) -> -153 | AD36: Maersk FCL/FCL | AE36: MARATHOPOLIS | AI36: 236024545 | AJ36: 3860193035 | AK36: 45351 | AL36: 45352 | AM36: 45356 | AN36: Documents dispatched | AP36: =IF($H36="Cancelled","",IFERROR(IF(OR(AK36="",AB36=""),"",(AB36+Variables!$B$18-AK36)),"")) -> 106 | AQ36: =IF($H36="Cancelled","",IFERROR(IF(OR(AM36="",AK36=""),"",(AK36+Variables!$B$19)-AM36),"")) -> 0 | AR36: =IF($H36="Cancelled","",IFERROR(T36*INDEX(Variables!$B$7:$D$7,IFERROR(MATCH(IF($B36="Robusta","Robusta",(IF($B36="","Arabica",$B36))&" - "&(IF($C36="","Commercial",$C36))),Variables!$B$1:$D$1,0),1))*(AQ36/365),"")) -> 0 | AS36: =IF($H36="Cancelled","",IFERROR((T36*INDEX(Variables!$B$7:$D$7,IFERROR(MATCH(IF($B36="Robusta","Robusta",(IF($B36="","Arabica",$B36))&" - "&(IF($C36="","Commercial",$C36))),Variables!$B$1:$D$1,0),1))*IFERROR(IF(W36="","",(AVERAGE(E36:F36)-W36)-Variables!$B$14),"")/365)+(L36/16.67*INDEX(Variables!$B$8:$D$8,IFERROR(MATCH(IF($B36="Robusta","Robusta",(IF($B36="","Arabica",$B36))&" - "&(IF($C36="","Commercial",$C36))),Variables!$B$1:$D$1,0),1))*IFERROR(IF(W36="","",(AVERAGE(E36:F36)-W36)-Variables!$B$14),""))+(T36*INDEX(Variables!$B$9:$D$9,IFERROR(MATCH(IF($B36="Robusta","Robusta",(IF($B36="","Arabica",$B36))&" - "&(IF($C36="","Commercial",$C36))),Variables!$B$1:$D$1,0),1))*IFERROR(IF(W36="","",(AVERAGE(E36:F36)-W36)-Variables!$B$14),"")/365),"")) -> -912.52296 | AT36: =IF($H36="Cancelled","",IFERROR((T36*INDEX(Variables!$B$7:$D$7,IFERROR(MATCH(IF($B36="Robusta","Robusta",(IF($B36="","Arabica",$B36))&" - "&(IF($C36="","Commercial",$C36))),Variables!$B$1:$D$1,0),1))*AC36/365)+(L36/16.67*INDEX(Variables!$B$8:$D$8,IFERROR(MATCH(IF($B36="Robusta","Robusta",(IF($B36="","Arabica",$B36))&" - "&(IF($C36="","Commercial",$C36))),Variables!$B$1:$D$1,0),1))*AC36)+(T36*INDEX(Variables!$B$9:$D$9,IFERROR(MATCH(IF($B36="Robusta","Robusta",(IF($B36="","Arabica",$B36))&" - "&(IF($C36="","Commercial",$C36))),Variables!$B$1:$D$1,0),1))*AC36/365),"")) -> -11634.668 | AU36: =IF($H36="Cancelled","",IFERROR((T36*INDEX(Variables!$B$7:$D$7,IFERROR(MATCH(IF($B36="Robusta","Robusta",(IF($B36="","Arabica",$B36))&" - "&(IF($C36="","Commercial",$C36))),Variables!$B$1:$D$1,0),1))*AP36/365)+(L36/16.67*INDEX(Variables!$B$8:$D$8,IFERROR(MATCH(IF($B36="Robusta","Robusta",(IF($B36="","Arabica",$B36))&" - "&(IF($C36="","Commercial",$C36))),Variables!$B$1:$D$1,0),1))*AP36)+(T36*INDEX(Variables!$B$9:$D$9,IFERROR(MATCH(IF($B36="Robusta","Robusta",(IF($B36="","Arabica",$B36))&" - "&(IF($C36="","Commercial",$C36))),Variables!$B$1:$D$1,0),1))*AP36/365),"")) -> 8060.6195 | AV36: =IF($H36="Cancelled","",IFERROR(IF(AK36="","",F36-AK36),"")) -> -29 | AW36: =IF($H36="Cancelled","",IFERROR(IF(AV36="","",(T36*INDEX(Variables!$B$7:$D$7,IFERROR(MATCH(IF($B36="Robusta","Robusta",(IF($B36="","Arabica",$B36))&" - "&(IF($C36="","Commercial",$C36))),Variables!$B$1:$D$1,0),1))*(AV36/365))+(T36*INDEX(Variables!$B$9:$D$9,IFERROR(MATCH(IF($B36="Robusta","Robusta",(IF($B36="","Arabica",$B36))&" - "&(IF($C36="","Commercial",$C36))),Variables!$B$1:$D$1,0),1))*(AV36/365))+(INDEX(Variables!$B$8:$D$8,IFERROR(MATCH(IF($B36="Robusta","Robusta",(IF($B36="","Arabica",$B36))&" - "&(IF($C36="","Commercial",$C36))),Variables!$B$1:$D$1,0),1))*L36/16.67)),"")) -> -1245.2638
A37: Kenya | B37: Arabica | C37: Commercial | D37: 45274 | E37: 45292 | F37: 45322 | G37: 3786080 | H37: =IF(ISNUMBER(SEARCH("cancel",AN37)),"Cancelled",IF(AND(AK37<>"",AL37<>"",AM37<>""),"Closed","Open")) -> Closed | I37: =IF(AND(AK37<>"",AL37<>"",AM37<>""),"All dates received",_xlfn.TEXTJOIN(" and ",TRUE(),IF(AK37="","No sailing date",""),IF(AL37="","No shipping advice sent",""),IF(AM37="","No docs dispatch date",""))) -> All dates received | J37: BR | K37: 4698 | L37: 720 | M37: Kenya SAFI A | N37: ABC Minus | R37: SAS | S37: Rotterdam | T37: =IF($H37="Cancelled","",IFERROR(((Q37+INDEX(Variables!$B$6:$D$6,IFERROR(MATCH(IF($B37="Robusta","Robusta",(IF($B37="","Arabica",$B37))&" - "&(IF($C37="","Commercial",$C37))),Variables!$B$1:$D$1,0),1)))*22.0462)*(L37/16.67),"")) -> 276901.33 | U37: 45280 | V37: =IF(ISNUMBER(U37),"Sent","") -> Sent | W37: 45289 | X37: =IF(ISNUMBER(W37),"Approved","") -> Approved | Z37: =IF($H37="Cancelled","",IFERROR(IF(F37="","",F37-Variables!$B$13),"")) -> 45307 | AA37: =IF($H37="Cancelled","",IFERROR(IF(W37="","",(AVERAGE(E37:F37)-W37)-Variables!$B$14),"")) -> -12 | AB37: 45442 | AC37: =IF($H37="Cancelled","",IFERROR(IF(AB37="","",IF(AND(W37="",Y37=""),"",IF(Y37>W37,Y37+Variables!$B$15+Variables!$B$16+Variables!$B$17-AB37,W37+Variables!$B$16+Variables!$B$17-AB37))),"")) -> -145 | AD37: ONE FCL/FCL | AE37: Kota Kaya | AI37: ONEYMBAE00001600 | AJ37: N/A | AK37: 45340 | AL37: 45341 | AM37: 45344 | AN37: Documents dispatched | AP37: =IF($H37="Cancelled","",IFERROR(IF(OR(AK37="",AB37=""),"",(AB37+Variables!$B$18-AK37)),"")) -> 109 | AQ37: =IF($H37="Cancelled","",IFERROR(IF(OR(AM37="",AK37=""),"",(AK37+Variables!$B$19)-AM37),"")) -> 1 | AR37: =IF($H37="Cancelled","",IFERROR(T37*INDEX(Variables!$B$7:$D$7,IFERROR(MATCH(IF($B37="Robusta","Robusta",(IF($B37="","Arabica",$B37))&" - "&(IF($C37="","Commercial",$C37))),Variables!$B$1:$D$1,0),1))*(AQ37/365),"")) -> 48.918375 | AS37: =IF($H37="Cancelled","",IFERROR((T37*INDEX(Variables!$B$7:$D$7,IFERROR(MATCH(IF($B37="Robusta","Robusta",(IF($B37="","Arabica",$B37))&" - "&(IF($C37="","Commercial",$C37))),Variables!$B$1:$D$1,0),1))*IFERROR(IF(W37="","",(AVERAGE(E37:F37)-W37)-Variables!$B$14),"")/365)+(L37/16.67*INDEX(Variables!$B$8:$D$8,IFERROR(MATCH(IF($B37="Robusta","Robusta",(IF($B37="","Arabica",$B37))&" - "&(IF($C37="","Commercial",$C37))),Variables!$B$1:$D$1,0),1))*IFERROR(IF(W37="","",(AVERAGE(E37:F37)-W37)-Variables!$B$14),""))+(T37*INDEX(Variables!$B$9:$D$9,IFERROR(MATCH(IF($B37="Robusta","Robusta",(IF($B37="","Arabica",$B37))&" - "&(IF($C37="","Commercial",$C37))),Variables!$B$1:$D$1,0),1))*IFERROR(IF(W37="","",(AVERAGE(E37:F37)-W37)-Variables!$B$14),"")/365),"")) -> -1026.5883 | AT37: =IF($H37="Cancelled","",IFERROR((T37*INDEX(Variables!$B$7:$D$7,IFERROR(MATCH(IF($B37="Robusta","Robusta",(IF($B37="","Arabica",$B37))&" - "&(IF($C37="","Commercial",$C37))),Variables!$B$1:$D$1,0),1))*AC37/365)+(L37/16.67*INDEX(Variables!$B$8:$D$8,IFERROR(MATCH(IF($B37="Robusta","Robusta",(IF($B37="","Arabica",$B37))&" - "&(IF($C37="","Commercial",$C37))),Variables!$B$1:$D$1,0),1))*AC37)+(T37*INDEX(Variables!$B$9:$D$9,IFERROR(MATCH(IF($B37="Robusta","Robusta",(IF($B37="","Arabica",$B37))&" - "&(IF($C37="","Commercial",$C37))),Variables!$B$1:$D$1,0),1))*AC37/365),"")) -> -12404.609 | AU37: =IF($H37="Cancelled","",IFERROR((T37*INDEX(Variables!$B$7:$D$7,IFERROR(MATCH(IF($B37="Robusta","Robusta",(IF($B37="","Arabica",$B37))&" - "&(IF($C37="","Commercial",$C37))),Variables!$B$1:$D$1,0),1))*AP37/365)+(L37/16.67*INDEX(Variables!$B$8:$D$8,IFERROR(MATCH(IF($B37="Robusta","Robusta",(IF($B37="","Arabica",$B37))&" - "&(IF($C37="","Commercial",$C37))),Variables!$B$1:$D$1,0),1))*AP37)+(T37*INDEX(Variables!$B$9:$D$9,IFERROR(MATCH(IF($B37="Robusta","Robusta",(IF($B37="","Arabica",$B37))&" - "&(IF($C37="","Commercial",$C37))),Variables!$B$1:$D$1,0),1))*AP37/365),"")) -> 9324.844 | AV37: =IF($H37="Cancelled","",IFERROR(IF(AK37="","",F37-AK37),"")) -> -18 | AW37: =IF($H37="Cancelled","",IFERROR(IF(AV37="","",(T37*INDEX(Variables!$B$7:$D$7,IFERROR(MATCH(IF($B37="Robusta","Robusta",(IF($B37="","Arabica",$B37))&" - "&(IF($C37="","Commercial",$C37))),Variables!$B$1:$D$1,0),1))*(AV37/365))+(T37*INDEX(Variables!$B$9:$D$9,IFERROR(MATCH(IF($B37="Robusta","Robusta",(IF($B37="","Arabica",$B37))&" - "&(IF($C37="","Commercial",$C37))),Variables!$B$1:$D$1,0),1))*(AV37/365))+(INDEX(Variables!$B$8:$D$8,IFERROR(MATCH(IF($B37="Robusta","Robusta",(IF($B37="","Arabica",$B37))&" - "&(IF($C37="","Commercial",$C37))),Variables!$B$1:$D$1,0),1))*L37/16.67)),"")) -> -855.88249
A38: Kenya | B38: Arabica | C38: Commercial | D38: 45274 | E38: 45292 | F38: 45322 | G38: 3786080 | H38: =IF(ISNUMBER(SEARCH("cancel",AN38)),"Cancelled",IF(AND(AK38<>"",AL38<>"",AM38<>""),"Closed","Open")) -> Closed | I38: =IF(AND(AK38<>"",AL38<>"",AM38<>""),"All dates received",_xlfn.TEXTJOIN(" and ",TRUE(),IF(AK38="","No sailing date",""),IF(AL38="","No shipping advice sent",""),IF(AM38="","No docs dispatch date",""))) -> All dates received | J38: BR | K38: 4696 | L38: 1080 | M38: Kenya SAFI A | N38: ABC Minus | R38: SAS | S38: Barcelona | T38: =IF($H38="Cancelled","",IFERROR(((Q38+INDEX(Variables!$B$6:$D$6,IFERROR(MATCH(IF($B38="Robusta","Robusta",(IF($B38="","Arabica",$B38))&" - "&(IF($C38="","Commercial",$C38))),Variables!$B$1:$D$1,0),1)))*22.0462)*(L38/16.67),"")) -> 415352 | U38: 45280 | V38: =IF(ISNUMBER(U38),"Sent","") -> Sent | W38: 45289 | X38: =IF(ISNUMBER(W38),"Approved","") -> Approved | Z38: =IF($H38="Cancelled","",IFERROR(IF(F38="","",F38-Variables!$B$13),"")) -> 45307 | AA38: =IF($H38="Cancelled","",IFERROR(IF(W38="","",(AVERAGE(E38:F38)-W38)-Variables!$B$14),"")) -> -12 | AB38: 45442 | AC38: =IF($H38="Cancelled","",IFERROR(IF(AB38="","",IF(AND(W38="",Y38=""),"",IF(Y38>W38,Y38+Variables!$B$15+Variables!$B$16+Variables!$B$17-AB38,W38+Variables!$B$16+Variables!$B$17-AB38))),"")) -> -145 | AD38: CMA-CGM FCL | AE38: CMA CGM LEBU | AI38: MOB141747 | AJ38: N/A | AK38: 45340 | AL38: 45341 | AM38: 45348 | AN38: Documents dispatched | AP38: =IF($H38="Cancelled","",IFERROR(IF(OR(AK38="",AB38=""),"",(AB38+Variables!$B$18-AK38)),"")) -> 109 | AQ38: =IF($H38="Cancelled","",IFERROR(IF(OR(AM38="",AK38=""),"",(AK38+Variables!$B$19)-AM38),"")) -> -3 | AR38: =IF($H38="Cancelled","",IFERROR(T38*INDEX(Variables!$B$7:$D$7,IFERROR(MATCH(IF($B38="Robusta","Robusta",(IF($B38="","Arabica",$B38))&" - "&(IF($C38="","Commercial",$C38))),Variables!$B$1:$D$1,0),1))*(AQ38/365),"")) -> -220.13269 | AS38: =IF($H38="Cancelled","",IFERROR((T38*INDEX(Variables!$B$7:$D$7,IFERROR(MATCH(IF($B38="Robusta","Robusta",(IF($B38="","Arabica",$B38))&" - "&(IF($C38="","Commercial",$C38))),Variables!$B$1:$D$1,0),1))*IFERROR(IF(W38="","",(AVERAGE(E38:F38)-W38)-Variables!$B$14),"")/365)+(L38/16.67*INDEX(Variables!$B$8:$D$8,IFERROR(MATCH(IF($B38="Robusta","Robusta",(IF($B38="","Arabica",$B38))&" - "&(IF($C38="","Commercial",$C38))),Variables!$B$1:$D$1,0),1))*IFERROR(IF(W38="","",(AVERAGE(E38:F38)-W38)-Variables!$B$14),""))+(T38*INDEX(Variables!$B$9:$D$9,IFERROR(MATCH(IF($B38="Robusta","Robusta",(IF($B38="","Arabica",$B38))&" - "&(IF($C38="","Commercial",$C38))),Variables!$B$1:$D$1,0),1))*IFERROR(IF(W38="","",(AVERAGE(E38:F38)-W38)-Variables!$B$14),"")/365),"")) -> -1539.8825 | AT38: =IF($H38="Cancelled","",IFERROR((T38*INDEX(Variables!$B$7:$D$7,IFERROR(MATCH(IF($B38="Robusta","Robusta",(IF($B38="","Arabica",$B38))&" - "&(IF($C38="","Commercial",$C38))),Variables!$B$1:$D$1,0),1))*AC38/365)+(L38/16.67*INDEX(Variables!$B$8:$D$8,IFERROR(MATCH(IF($B38="Robusta","Robusta",(IF($B38="","Arabica",$B38))&" - "&(IF($C38="","Commercial",$C38))),Variables!$B$1:$D$1,0),1))*AC38)+(T38*INDEX(Variables!$B$9:$D$9,IFERROR(MATCH(IF($B38="Robusta","Robusta",(IF($B38="","Arabica",$B38))&" - "&(IF($C38="","Commercial",$C38))),Variables!$B$1:$D$1,0),1))*AC38/365),"")) -> -18606.913 | AU38: =IF($H38="Cancelled","",IFERROR((T38*INDEX(Variables!$B$7:$D$7,IFERROR(MATCH(IF($B38="Robusta","Robusta",(IF($B38="","Arabica",$B38))&" - "&(IF($C38="","Commercial",$C38))),Variables!$B$1:$D$1,0),1))*AP38/365)+(L38/16.67*INDEX(Variables!$B$8:$D$8,IFERROR(MATCH(IF($B38="Robusta","Robusta",(IF($B38="","Arabica",$B38))&" - "&(IF($C38="","Commercial",$C38))),Variables!$B$1:$D$1,0),1))*AP38)+(T38*INDEX(Variables!$B$9:$D$9,IFERROR(MATCH(IF($B38="Robusta","Robusta",(IF($B38="","Arabica",$B38))&" - "&(IF($C38="","Commercial",$C38))),Variables!$B$1:$D$1,0),1))*AP38/365),"")) -> 13987.266 | AV38: =IF($H38="Cancelled","",IFERROR(IF(AK38="","",F38-AK38),"")) -> -18 | AW38: =IF($H38="Cancelled","",IFERROR(IF(AV38="","",(T38*INDEX(Variables!$B$7:$D$7,IFERROR(MATCH(IF($B38="Robusta","Robusta",(IF($B38="","Arabica",$B38))&" - "&(IF($C38="","Commercial",$C38))),Variables!$B$1:$D$1,0),1))*(AV38/365))+(T38*INDEX(Variables!$B$9:$D$9,IFERROR(MATCH(IF($B38="Robusta","Robusta",(IF($B38="","Arabica",$B38))&" - "&(IF($C38="","Commercial",$C38))),Variables!$B$1:$D$1,0),1))*(AV38/365))+(INDEX(Variables!$B$8:$D$8,IFERROR(MATCH(IF($B38="Robusta","Robusta",(IF($B38="","Arabica",$B38))&" - "&(IF($C38="","Commercial",$C38))),Variables!$B$1:$D$1,0),1))*L38/16.67)),"")) -> -1283.8237
A39: Kenya | B39: Arabica | C39: Commercial | D39: 45274 | E39: 45292 | F39: 45322 | G39: 3786080 | H39: =IF(ISNUMBER(SEARCH("cancel",AN39)),"Cancelled",IF(AND(AK39<>"",AL39<>"",AM39<>""),"Closed","Open")) -> Closed | I39: =IF(AND(AK39<>"",AL39<>"",AM39<>""),"All dates received",_xlfn.TEXTJOIN(" and ",TRUE(),IF(AK39="","No sailing date",""),IF(AL39="","No shipping advice sent",""),IF(AM39="","No docs dispatch date",""))) -> All dates received | J39: BR | K39: 4699 | L39: 720 | M39: Kenya SAFI A | N39: ABC Minus | R39: SAS | S39: Hamburg | T39: =IF($H39="Cancelled","",IFERROR(((Q39+INDEX(Variables!$B$6:$D$6,IFERROR(MATCH(IF($B39="Robusta","Robusta",(IF($B39="","Arabica",$B39))&" - "&(IF($C39="","Commercial",$C39))),Variables!$B$1:$D$1,0),1)))*22.0462)*(L39/16.67),"")) -> 276901.33 | U39: 45280 | V39: =IF(ISNUMBER(U39),"Sent","") -> Sent | W39: 45289 | X39: =IF(ISNUMBER(W39),"Approved","") -> Approved | Z39: =IF($H39="Cancelled","",IFERROR(IF(F39="","",F39-Variables!$B$13),"")) -> 45307 | AA39: =IF($H39="Cancelled","",IFERROR(IF(W39="","",(AVERAGE(E39:F39)-W39)-Variables!$B$14),"")) -> -12 | AB39: 45442 | AC39: =IF($H39="Cancelled","",IFERROR(IF(AB39="","",IF(AND(W39="",Y39=""),"",IF(Y39>W39,Y39+Variables!$B$15+Variables!$B$16+Variables!$B$17-AB39,W39+Variables!$B$16+Variables!$B$17-AB39))),"")) -> -145 | AD39: Maersk FCL/FCL | AE39: Maersk Cape Town | AI39: 234996168 | AJ39: N/A | AK39: 45351 | AL39: 45352 | AM39: 45356 | AN39: Documents dispatched | AP39: =IF($H39="Cancelled","",IFERROR(IF(OR(AK39="",AB39=""),"",(AB39+Variables!$B$18-AK39)),"")) -> 98 | AQ39: =IF($H39="Cancelled","",IFERROR(IF(OR(AM39="",AK39=""),"",(AK39+Variables!$B$19)-AM39),"")) -> 0 | AR39: =IF($H39="Cancelled","",IFERROR(T39*INDEX(Variables!$B$7:$D$7,IFERROR(MATCH(IF($B39="Robusta","Robusta",(IF($B39="","Arabica",$B39))&" - "&(IF($C39="","Commercial",$C39))),Variables!$B$1:$D$1,0),1))*(AQ39/365),"")) -> 0 | AS39: =IF($H39="Cancelled","",IFERROR((T39*INDEX(Variables!$B$7:$D$7,IFERROR(MATCH(IF($B39="Robusta","Robusta",(IF($B39="","Arabica",$B39))&" - "&(IF($C39="","Commercial",$C39))),Variables!$B$1:$D$1,0),1))*IFERROR(IF(W39="","",(AVERAGE(E39:F39)-W39)-Variables!$B$14),"")/365)+(L39/16.67*INDEX(Variables!$B$8:$D$8,IFERROR(MATCH(IF($B39="Robusta","Robusta",(IF($B39="","Arabica",$B39))&" - "&(IF($C39="","Commercial",$C39))),Variables!$B$1:$D$1,0),1))*IFERROR(IF(W39="","",(AVERAGE(E39:F39)-W39)-Variables!$B$14),""))+(T39*INDEX(Variables!$B$9:$D$9,IFERROR(MATCH(IF($B39="Robusta","Robusta",(IF($B39="","Arabica",$B39))&" - "&(IF($C39="","Commercial",$C39))),Variables!$B$1:$D$1,0),1))*IFERROR(IF(W39="","",(AVERAGE(E39:F39)-W39)-Variables!$B$14),"")/365),"")) -> -1026.5883 | AT39: =IF($H39="Cancelled","",IFERROR((T39*INDEX(Variables!$B$7:$D$7,IFERROR(MATCH(IF($B39="Robusta","Robusta",(IF($B39="","Arabica",$B39))&" - "&(IF($C39="","Commercial",$C39))),Variables!$B$1:$D$1,0),1))*AC39/365)+(L39/16.67*INDEX(Variables!$B$8:$D$8,IFERROR(MATCH(IF($B39="Robusta","Robusta",(IF($B39="","Arabica",$B39))&" - "&(IF($C39="","Commercial",$C39))),Variables!$B$1:$D$1,0),1))*AC39)+(T39*INDEX(Variables!$B$9:$D$9,IFERROR(MATCH(IF($B39="Robusta","Robusta",(IF($B39="","Arabica",$B39))&" - "&(IF($C39="","Commercial",$C39))),Variables!$B$1:$D$1,0),1))*AC39/365),"")) -> -12404.609 | AU39: =IF($H39="Cancelled","",IFERROR((T39*INDEX(Variables!$B$7:$D$7,IFERROR(MATCH(IF($B39="Robusta","Robusta",(IF($B39="","Arabica",$B39))&" - "&(IF($C39="","Commercial",$C39))),Variables!$B$1:$D$1,0),1))*AP39/365)+(L39/16.67*INDEX(Variables!$B$8:$D$8,IFERROR(MATCH(IF($B39="Robusta","Robusta",(IF($B39="","Arabica",$B39))&" - "&(IF($C39="","Commercial",$C39))),Variables!$B$1:$D$1,0),1))*AP39)+(T39*INDEX(Variables!$B$9:$D$9,IFERROR(MATCH(IF($B39="Robusta","Robusta",(IF($B39="","Arabica",$B39))&" - "&(IF($C39="","Commercial",$C39))),Variables!$B$1:$D$1,0),1))*AP39/365),"")) -> 8383.8047 | AV39: =IF($H39="Cancelled","",IFERROR(IF(AK39="","",F39-AK39),"")) -> -29 | AW39: =IF($H39="Cancelled","",IFERROR(IF(AV39="","",(T39*INDEX(Variables!$B$7:$D$7,IFERROR(MATCH(IF($B39="Robusta","Robusta",(IF($B39="","Arabica",$B39))&" - "&(IF($C39="","Commercial",$C39))),Variables!$B$1:$D$1,0),1))*(AV39/365))+(T39*INDEX(Variables!$B$9:$D$9,IFERROR(MATCH(IF($B39="Robusta","Robusta",(IF($B39="","Arabica",$B39))&" - "&(IF($C39="","Commercial",$C39))),Variables!$B$1:$D$1,0),1))*(AV39/365))+(INDEX(Variables!$B$8:$D$8,IFERROR(MATCH(IF($B39="Robusta","Robusta",(IF($B39="","Arabica",$B39))&" - "&(IF($C39="","Commercial",$C39))),Variables!$B$1:$D$1,0),1))*L39/16.67)),"")) -> -1400.9218
A40: Kenya | B40: Arabica | C40: Commercial | D40: 45274 | E40: 45292 | F40: 45322 | G40: 3786080 | H40: =IF(ISNUMBER(SEARCH("cancel",AN40)),"Cancelled",IF(AND(AK40<>"",AL40<>"",AM40<>""),"Closed","Open")) -> Closed | I40: =IF(AND(AK40<>"",AL40<>"",AM40<>""),"All dates received",_xlfn.TEXTJOIN(" and ",TRUE(),IF(AK40="","No sailing date",""),IF(AL40="","No shipping advice sent",""),IF(AM40="","No docs dispatch date",""))) -> All dates received | J40: BR | K40: 4700 | L40: 720 | M40: Kenya SAFI A | N40: ABC Minus | R40: SAS | S40: Antwerp | T40: =IF($H40="Cancelled","",IFERROR(((Q40+INDEX(Variables!$B$6:$D$6,IFERROR(MATCH(IF($B40="Robusta","Robusta",(IF($B40="","Arabica",$B40))&" - "&(IF($C40="","Commercial",$C40))),Variables!$B$1:$D$1,0),1)))*22.0462)*(L40/16.67),"")) -> 276901.33 | U40: 45280 | V40: =IF(ISNUMBER(U40),"Sent","") -> Sent | W40: 45289 | X40: =IF(ISNUMBER(W40),"Approved","") -> Approved | Z40: =IF($H40="Cancelled","",IFERROR(IF(F40="","",F40-Variables!$B$13),"")) -> 45307 | AA40: =IF($H40="Cancelled","",IFERROR(IF(W40="","",(AVERAGE(E40:F40)-W40)-Variables!$B$14),"")) -> -12 | AB40: 45446 | AC40: =IF($H40="Cancelled","",IFERROR(IF(AB40="","",IF(AND(W40="",Y40=""),"",IF(Y40>W40,Y40+Variables!$B$15+Variables!$B$16+Variables!$B$17-AB40,W40+Variables!$B$16+Variables!$B$17-AB40))),"")) -> -149 | AD40: Maersk FCL/FCL | AE40: Maersk Cape Town | AI40: 234996167 | AJ40: N/A | AK40: 45351 | AL40: 45352 | AM40: 45356 | AN40: Documents dispatched | AP40: =IF($H40="Cancelled","",IFERROR(IF(OR(AK40="",AB40=""),"",(AB40+Variables!$B$18-AK40)),"")) -> 102 | AQ40: =IF($H40="Cancelled","",IFERROR(IF(OR(AM40="",AK40=""),"",(AK40+Variables!$B$19)-AM40),"")) -> 0 | AR40: =IF($H40="Cancelled","",IFERROR(T40*INDEX(Variables!$B$7:$D$7,IFERROR(MATCH(IF($B40="Robusta","Robusta",(IF($B40="","Arabica",$B40))&" - "&(IF($C40="","Commercial",$C40))),Variables!$B$1:$D$1,0),1))*(AQ40/365),"")) -> 0 | AS40: =IF($H40="Cancelled","",IFERROR((T40*INDEX(Variables!$B$7:$D$7,IFERROR(MATCH(IF($B40="Robusta","Robusta",(IF($B40="","Arabica",$B40))&" - "&(IF($C40="","Commercial",$C40))),Variables!$B$1:$D$1,0),1))*IFERROR(IF(W40="","",(AVERAGE(E40:F40)-W40)-Variables!$B$14),"")/365)+(L40/16.67*INDEX(Variables!$B$8:$D$8,IFERROR(MATCH(IF($B40="Robusta","Robusta",(IF($B40="","Arabica",$B40))&" - "&(IF($C40="","Commercial",$C40))),Variables!$B$1:$D$1,0),1))*IFERROR(IF(W40="","",(AVERAGE(E40:F40)-W40)-Variables!$B$14),""))+(T40*INDEX(Variables!$B$9:$D$9,IFERROR(MATCH(IF($B40="Robusta","Robusta",(IF($B40="","Arabica",$B40))&" - "&(IF($C40="","Commercial",$C40))),Variables!$B$1:$D$1,0),1))*IFERROR(IF(W40="","",(AVERAGE(E40:F40)-W40)-Variables!$B$14),"")/365),"")) -> -1026.5883 | AT40: =IF($H40="Cancelled","",IFERROR((T40*INDEX(Variables!$B$7:$D$7,IFERROR(MATCH(IF($B40="Robusta","Robusta",(IF($B40="","Arabica",$B40))&" - "&(IF($C40="","Commercial",$C40))),Variables!$B$1:$D$1,0),1))*AC40/365)+(L40/16.67*INDEX(Variables!$B$8:$D$8,IFERROR(MATCH(IF($B40="Robusta","Robusta",(IF($B40="","Arabica",$B40))&" - "&(IF($C40="","Commercial",$C40))),Variables!$B$1:$D$1,0),1))*AC40)+(T40*INDEX(Variables!$B$9:$D$9,IFERROR(MATCH(IF($B40="Robusta","Robusta",(IF($B40="","Arabica",$B40))&" - "&(IF($C40="","Commercial",$C40))),Variables!$B$1:$D$1,0),1))*AC40/365),"")) -> -12746.805 | AU40: =IF($H40="Cancelled","",IFERROR((T40*INDEX(Variables!$B$7:$D$7,IFERROR(MATCH(IF($B40="Robusta","Robusta",(IF($B40="","Arabica",$B40))&" - "&(IF($C40="","Commercial",$C40))),Variables!$B$1:$D$1,0),1))*AP40/365)+(L40/16.67*INDEX(Variables!$B$8:$D$8,IFERROR(MATCH(IF($B40="Robusta","Robusta",(IF($B40="","Arabica",$B40))&" - "&(IF($C40="","Commercial",$C40))),Variables!$B$1:$D$1,0),1))*AP40)+(T40*INDEX(Variables!$B$9:$D$9,IFERROR(MATCH(IF($B40="Robusta","Robusta",(IF($B40="","Arabica",$B40))&" - "&(IF($C40="","Commercial",$C40))),Variables!$B$1:$D$1,0),1))*AP40/365),"")) -> 8726.0008 | AV40: =IF($H40="Cancelled","",IFERROR(IF(AK40="","",F40-AK40),"")) -> -29 | AW40: =IF($H40="Cancelled","",IFERROR(IF(AV40="","",(T40*INDEX(Variables!$B$7:$D$7,IFERROR(MATCH(IF($B40="Robusta","Robusta",(IF($B40="","Arabica",$B40))&" - "&(IF($C40="","Commercial",$C40))),Variables!$B$1:$D$1,0),1))*(AV40/365))+(T40*INDEX(Variables!$B$9:$D$9,IFERROR(MATCH(IF($B40="Robusta","Robusta",(IF($B40="","Arabica",$B40))&" - "&(IF($C40="","Commercial",$C40))),Variables!$B$1:$D$1,0),1))*(AV40/365))+(INDEX(Variables!$B$8:$D$8,IFERROR(MATCH(IF($B40="Robusta","Robusta",(IF($B40="","Arabica",$B40))&" - "&(IF($C40="","Commercial",$C40))),Variables!$B$1:$D$1,0),1))*L40/16.67)),"")) -> -1400.9218
A41: Kenya | B41: Arabica | C41: Commercial | D41: 45274 | E41: 45292 | F41: 45322 | G41: 3786080 | H41: =IF(ISNUMBER(SEARCH("cancel",AN41)),"Cancelled",IF(AND(AK41<>"",AL41<>"",AM41<>""),"Closed","Open")) -> Closed | I41: =IF(AND(AK41<>"",AL41<>"",AM41<>""),"All dates received",_xlfn.TEXTJOIN(" and ",TRUE(),IF(AK41="","No sailing date",""),IF(AL41="","No shipping advice sent",""),IF(AM41="","No docs dispatch date",""))) -> All dates received | J41: BR | K41: 4697 | L41: 360 | M41: Kenya SAFI A | N41: ABC Minus | R41: SAS | S41: Antwerp | T41: =IF($H41="Cancelled","",IFERROR(((Q41+INDEX(Variables!$B$6:$D$6,IFERROR(MATCH(IF($B41="Robusta","Robusta",(IF($B41="","Arabica",$B41))&" - "&(IF($C41="","Commercial",$C41))),Variables!$B$1:$D$1,0),1)))*22.0462)*(L41/16.67),"")) -> 138450.67 | U41: 45280 | V41: =IF(ISNUMBER(U41),"Sent","") -> Sent | W41: 45289 | X41: =IF(ISNUMBER(W41),"Approved","") -> Approved | Z41: =IF($H41="Cancelled","",IFERROR(IF(F41="","",F41-Variables!$B$13),"")) -> 45307 | AA41: =IF($H41="Cancelled","",IFERROR(IF(W41="","",(AVERAGE(E41:F41)-W41)-Variables!$B$14),"")) -> -12 | AB41: 45448 | AC41: =IF($H41="Cancelled","",IFERROR(IF(AB41="","",IF(AND(W41="",Y41=""),"",IF(Y41>W41,Y41+Variables!$B$15+Variables!$B$16+Variables!$B$17-AB41,W41+Variables!$B$16+Variables!$B$17-AB41))),"")) -> -151 | AD41: Maersk FCL/FCL | AE41: Msc Shaula | AI41: WECC2488ANR1019 | AJ41: N/A | AK41: 45341 | AL41: 45341 | AM41: 45344 | AN41: Documents dispatched | AP41: =IF($H41="Cancelled","",IFERROR(IF(OR(AK41="",AB41=""),"",(AB41+Variables!$B$18-AK41)),"")) -> 114 | AQ41: =IF($H41="Cancelled","",IFERROR(IF(OR(AM41="",AK41=""),"",(AK41+Variables!$B$19)-AM41),"")) -> 2 | AR41: =IF($H41="Cancelled","",IFERROR(T41*INDEX(Variables!$B$7:$D$7,IFERROR(MATCH(IF($B41="Robusta","Robusta",(IF($B41="","Arabica",$B41))&" - "&(IF($C41="","Commercial",$C41))),Variables!$B$1:$D$1,0),1))*(AQ41/365),"")) -> 48.918375 | AS41: =IF($H41="Cancelled","",IFERROR((T41*INDEX(Variables!$B$7:$D$7,IFERROR(MATCH(IF($B41="Robusta","Robusta",(IF($B41="","Arabica",$B41))&" - "&(IF($C41="","Commercial",$C41))),Variables!$B$1:$D$1,0),1))*IFERROR(IF(W41="","",(AVERAGE(E41:F41)-W41)-Variables!$B$14),"")/365)+(L41/16.67*INDEX(Variables!$B$8:$D$8,IFERROR(MATCH(IF($B41="Robusta","Robusta",(IF($B41="","Arabica",$B41))&" - "&(IF($C41="","Commercial",$C41))),Variables!$B$1:$D$1,0),1))*IFERROR(IF(W41="","",(AVERAGE(E41:F41)-W41)-Variables!$B$14),""))+(T41*INDEX(Variables!$B$9:$D$9,IFERROR(MATCH(IF($B41="Robusta","Robusta",(IF($B41="","Arabica",$B41))&" - "&(IF($C41="","Commercial",$C41))),Variables!$B$1:$D$1,0),1))*IFERROR(IF(W41="","",(AVERAGE(E41:F41)-W41)-Variables!$B$14),"")/365),"")) -> -513.29416 | AT41: =IF($H41="Cancelled","",IFERROR((T41*INDEX(Variables!$B$7:$D$7,IFERROR(MATCH(IF($B41="Robusta","Robusta",(IF($B41="","Arabica",$B41))&" - "&(IF($C41="","Commercial",$C41))),Variables!$B$1:$D$1,0),1))*AC41/365)+(L41/16.67*INDEX(Variables!$B$8:$D$8,IFERROR(MATCH(IF($B41="Robusta","Robusta",(IF($B41="","Arabica",$B41))&" - "&(IF($C41="","Commercial",$C41))),Variables!$B$1:$D$1,0),1))*AC41)+(T41*INDEX(Variables!$B$9:$D$9,IFERROR(MATCH(IF($B41="Robusta","Robusta",(IF($B41="","Arabica",$B41))&" - "&(IF($C41="","Commercial",$C41))),Variables!$B$1:$D$1,0),1))*AC41/365),"")) -> -6458.9516 | AU41: =IF($H41="Cancelled","",IFERROR((T41*INDEX(Variables!$B$7:$D$7,IFERROR(MATCH(IF($B41="Robusta","Robusta",(IF($B41="","Arabica",$B41))&" - "&(IF($C41="","Commercial",$C41))),Variables!$B$1:$D$1,0),1))*AP41/365)+(L41/16.67*INDEX(Variables!$B$8:$D$8,IFERROR(MATCH(IF($B41="Robusta","Robusta",(IF($B41="","Arabica",$B41))&" - "&(IF($C41="","Commercial",$C41))),Variables!$B$1:$D$1,0),1))*AP41)+(T41*INDEX(Variables!$B$9:$D$9,IFERROR(MATCH(IF($B41="Robusta","Robusta",(IF($B41="","Arabica",$B41))&" - "&(IF($C41="","Commercial",$C41))),Variables!$B$1:$D$1,0),1))*AP41/365),"")) -> 4876.2946 | AV41: =IF($H41="Cancelled","",IFERROR(IF(AK41="","",F41-AK41),"")) -> -19 | AW41: =IF($H41="Cancelled","",IFERROR(IF(AV41="","",(T41*INDEX(Variables!$B$7:$D$7,IFERROR(MATCH(IF($B41="Robusta","Robusta",(IF($B41="","Arabica",$B41))&" - "&(IF($C41="","Commercial",$C41))),Variables!$B$1:$D$1,0),1))*(AV41/365))+(T41*INDEX(Variables!$B$9:$D$9,IFERROR(MATCH(IF($B41="Robusta","Robusta",(IF($B41="","Arabica",$B41))&" - "&(IF($C41="","Commercial",$C41))),Variables!$B$1:$D$1,0),1))*(AV41/365))+(INDEX(Variables!$B$8:$D$8,IFERROR(MATCH(IF($B41="Robusta","Robusta",(IF($B41="","Arabica",$B41))&" - "&(IF($C41="","Commercial",$C41))),Variables!$B$1:$D$1,0),1))*L41/16.67)),"")) -> -452.71576
A42: Kenya | B42: Arabica | C42: Commercial | D42: 45279 | E42: 45292 | F42: 45322 | G42: 3786081 | H42: =IF(ISNUMBER(SEARCH("cancel",AN42)),"Cancelled",IF(AND(AK42<>"",AL42<>"",AM42<>""),"Closed","Open")) -> Closed | I42: =IF(AND(AK42<>"",AL42<>"",AM42<>""),"All dates received",_xlfn.TEXTJOIN(" and ",TRUE(),IF(AK42="","No sailing date",""),IF(AL42="","No shipping advice sent",""),IF(AM42="","No docs dispatch date",""))) -> All dates received | J42: BR | K42: 4707 | L42: 1800 | M42: Type Mara RA-IP | N42: Grinder plus | R42: SAS | S42: Hamburg | T42: =IF($H42="Cancelled","",IFERROR(((Q42+INDEX(Variables!$B$6:$D$6,IFERROR(MATCH(IF($B42="Robusta","Robusta",(IF($B42="","Arabica",$B42))&" - "&(IF($C42="","Commercial",$C42))),Variables!$B$1:$D$1,0),1)))*22.0462)*(L42/16.67),"")) -> 692253.33 | U42: 45281 | V42: =IF(ISNUMBER(U42),"Sent","") -> Sent | W42: 45287 | X42: =IF(ISNUMBER(W42),"Approved","") -> Approved | Z42: =IF($H42="Cancelled","",IFERROR(IF(F42="","",F42-Variables!$B$13),"")) -> 45307 | AA42: =IF($H42="Cancelled","",IFERROR(IF(W42="","",(AVERAGE(E42:F42)-W42)-Variables!$B$14),"")) -> -10 | AB42: 45450 | AC42: =IF($H42="Cancelled","",IFERROR(IF(AB42="","",IF(AND(W42="",Y42=""),"",IF(Y42>W42,Y42+Variables!$B$15+Variables!$B$16+Variables!$B$17-AB42,W42+Variables!$B$16+Variables!$B$17-AB42))),"")) -> -155 | AD42: WEC FCL/FCL | AE42: MSC Nassau | AI42: WECC2488HAM1032 | AJ42: 7381109282 | AK42: 45327 | AL42: 45328 | AM42: 45330 | AN42: Documents dispatched | AP42: =IF($H42="Cancelled","",IFERROR(IF(OR(AK42="",AB42=""),"",(AB42+Variables!$B$18-AK42)),"")) -> 130 | AQ42: =IF($H42="Cancelled","",IFERROR(IF(OR(AM42="",AK42=""),"",(AK42+Variables!$B$19)-AM42),"")) -> 2 | AR42: =IF($H42="Cancelled","",IFERROR(T42*INDEX(Variables!$B$7:$D$7,IFERROR(MATCH(IF($B42="Robusta","Robusta",(IF($B42="","Arabica",$B42))&" - "&(IF($C42="","Commercial",$C42))),Variables!$B$1:$D$1,0),1))*(AQ42/365),"")) -> 244.59188 | AS42: =IF($H42="Cancelled","",IFERROR((T42*INDEX(Variables!$B$7:$D$7,IFERROR(MATCH(IF($B42="Robusta","Robusta",(IF($B42="","Arabica",$B42))&" - "&(IF($C42="","Commercial",$C42))),Variables!$B$1:$D$1,0),1))*IFERROR(IF(W42="","",(AVERAGE(E42:F42)-W42)-Variables!$B$14),"")/365)+(L42/16.67*INDEX(Variables!$B$8:$D$8,IFERROR(MATCH(IF($B42="Robusta","Robusta",(IF($B42="","Arabica",$B42))&" - "&(IF($C42="","Commercial",$C42))),Variables!$B$1:$D$1,0),1))*IFERROR(IF(W42="","",(AVERAGE(E42:F42)-W42)-Variables!$B$14),""))+(T42*INDEX(Variables!$B$9:$D$9,IFERROR(MATCH(IF($B42="Robusta","Robusta",(IF($B42="","Arabica",$B42))&" - "&(IF($C42="","Commercial",$C42))),Variables!$B$1:$D$1,0),1))*IFERROR(IF(W42="","",(AVERAGE(E42:F42)-W42)-Variables!$B$14),"")/365),"")) -> -2138.7257 | AT42: =IF($H42="Cancelled","",IFERROR((T42*INDEX(Variables!$B$7:$D$7,IFERROR(MATCH(IF($B42="Robusta","Robusta",(IF($B42="","Arabica",$B42))&" - "&(IF($C42="","Commercial",$C42))),Variables!$B$1:$D$1,0),1))*AC42/365)+(L42/16.67*INDEX(Variables!$B$8:$D$8,IFERROR(MATCH(IF($B42="Robusta","Robusta",(IF($B42="","Arabica",$B42))&" - "&(IF($C42="","Commercial",$C42))),Variables!$B$1:$D$1,0),1))*AC42)+(T42*INDEX(Variables!$B$9:$D$9,IFERROR(MATCH(IF($B42="Robusta","Robusta",(IF($B42="","Arabica",$B42))&" - "&(IF($C42="","Commercial",$C42))),Variables!$B$1:$D$1,0),1))*AC42/365),"")) -> -33150.248 | AU42: =IF($H42="Cancelled","",IFERROR((T42*INDEX(Variables!$B$7:$D$7,IFERROR(MATCH(IF($B42="Robusta","Robusta",(IF($B42="","Arabica",$B42))&" - "&(IF($C42="","Commercial",$C42))),Variables!$B$1:$D$1,0),1))*AP42/365)+(L42/16.67*INDEX(Variables!$B$8:$D$8,IFERROR(MATCH(IF($B42="Robusta","Robusta",(IF($B42="","Arabica",$B42))&" - "&(IF($C42="","Commercial",$C42))),Variables!$B$1:$D$1,0),1))*AP42)+(T42*INDEX(Variables!$B$9:$D$9,IFERROR(MATCH(IF($B42="Robusta","Robusta",(IF($B42="","Arabica",$B42))&" - "&(IF($C42="","Commercial",$C42))),Variables!$B$1:$D$1,0),1))*AP42/365),"")) -> 27803.434 | AV42: =IF($H42="Cancelled","",IFERROR(IF(AK42="","",F42-AK42),"")) -> -5 | AW42: =IF($H42="Cancelled","",IFERROR(IF(AV42="","",(T42*INDEX(Variables!$B$7:$D$7,IFERROR(MATCH(IF($B42="Robusta","Robusta",(IF($B42="","Arabica",$B42))&" - "&(IF($C42="","Commercial",$C42))),Variables!$B$1:$D$1,0),1))*(AV42/365))+(T42*INDEX(Variables!$B$9:$D$9,IFERROR(MATCH(IF($B42="Robusta","Robusta",(IF($B42="","Arabica",$B42))&" - "&(IF($C42="","Commercial",$C42))),Variables!$B$1:$D$1,0),1))*(AV42/365))+(INDEX(Variables!$B$8:$D$8,IFERROR(MATCH(IF($B42="Robusta","Robusta",(IF($B42="","Arabica",$B42))&" - "&(IF($C42="","Commercial",$C42))),Variables!$B$1:$D$1,0),1))*L42/16.67)),"")) -> -529.36284
A43: Kenya | B43: Arabica | C43: Commercial | D43: 45280 | E43: 45292 | F43: 45351 | G43: 3786082 | H43: =IF(ISNUMBER(SEARCH("cancel",AN43)),"Cancelled",IF(AND(AK43<>"",AL43<>"",AM43<>""),"Closed","Open")) -> Closed | I43: =IF(AND(AK43<>"",AL43<>"",AM43<>""),"All dates received",_xlfn.TEXTJOIN(" and ",TRUE(),IF(AK43="","No sailing date",""),IF(AL43="","No shipping advice sent",""),IF(AM43="","No docs dispatch date",""))) -> All dates received | J43: Bric Russia | L43: 320 | M43: Burundi Natural, Packed in 60Kg Grainpro bags | N43: AA faq | R43: SAS | S43: Riga | T43: =IF($H43="Cancelled","",IFERROR(((Q43+INDEX(Variables!$B$6:$D$6,IFERROR(MATCH(IF($B43="Robusta","Robusta",(IF($B43="","Arabica",$B43))&" - "&(IF($C43="","Commercial",$C43))),Variables!$B$1:$D$1,0),1)))*22.0462)*(L43/16.67),"")) -> 123067.26 | V43: =IF(ISNUMBER(U43),"Sent","") | W43: 45290 | X43: =IF(ISNUMBER(W43),"Approved","") -> Approved | Y43: 45464 | Z43: =IF($H43="Cancelled","",IFERROR(IF(F43="","",F43-Variables!$B$13),"")) -> 45336 | AA43: =IF($H43="Cancelled","",IFERROR(IF(W43="","",(AVERAGE(E43:F43)-W43)-Variables!$B$14),"")) -> 1.5 | AB43: 45450 | AC43: =IF($H43="Cancelled","",IFERROR(IF(AB43="","",IF(AND(W43="",Y43=""),"",IF(Y43>W43,Y43+Variables!$B$15+Variables!$B$16+Variables!$B$17-AB43,W43+Variables!$B$16+Variables!$B$17-AB43))),"")) -> 29 | AD43: MSC FCL/FCL | AE43: Kotka | AI43: MEDUM2619176 | AJ43: N/A | AK43: 45356 | AL43: 45356 | AM43: 45363 | AN43: Documents dispatched | AP43: =IF($H43="Cancelled","",IFERROR(IF(OR(AK43="",AB43=""),"",(AB43+Variables!$B$18-AK43)),"")) -> 101 | AQ43: =IF($H43="Cancelled","",IFERROR(IF(OR(AM43="",AK43=""),"",(AK43+Variables!$B$19)-AM43),"")) -> -2 | AR43: =IF($H43="Cancelled","",IFERROR(T43*INDEX(Variables!$B$7:$D$7,IFERROR(MATCH(IF($B43="Robusta","Robusta",(IF($B43="","Arabica",$B43))&" - "&(IF($C43="","Commercial",$C43))),Variables!$B$1:$D$1,0),1))*(AQ43/365),"")) -> -43.483 | AS43: =IF($H43="Cancelled","",IFERROR((T43*INDEX(Variables!$B$7:$D$7,IFERROR(MATCH(IF($B43="Robusta","Robusta",(IF($B43="","Arabica",$B43))&" - "&(IF($C43="","Commercial",$C43))),Variables!$B$1:$D$1,0),1))*IFERROR(IF(W43="","",(AVERAGE(E43:F43)-W43)-Variables!$B$14),"")/365)+(L43/16.67*INDEX(Variables!$B$8:$D$8,IFERROR(MATCH(IF($B43="Robusta","Robusta",(IF($B43="","Arabica",$B43))&" - "&(IF($C43="","Commercial",$C43))),Variables!$B$1:$D$1,0),1))*IFERROR(IF(W43="","",(AVERAGE(E43:F43)-W43)-Variables!$B$14),""))+(T43*INDEX(Variables!$B$9:$D$9,IFERROR(MATCH(IF($B43="Robusta","Robusta",(IF($B43="","Arabica",$B43))&" - "&(IF($C43="","Commercial",$C43))),Variables!$B$1:$D$1,0),1))*IFERROR(IF(W43="","",(AVERAGE(E43:F43)-W43)-Variables!$B$14),"")/365),"")) -> 57.032685 | AT43: =IF($H43="Cancelled","",IFERROR((T43*INDEX(Variables!$B$7:$D$7,IFERROR(MATCH(IF($B43="Robusta","Robusta",(IF($B43="","Arabica",$B43))&" - "&(IF($C43="","Commercial",$C43))),Variables!$B$1:$D$1,0),1))*AC43/365)+(L43/16.67*INDEX(Variables!$B$8:$D$8,IFERROR(MATCH(IF($B43="Robusta","Robusta",(IF($B43="","Arabica",$B43))&" - "&(IF($C43="","Commercial",$C43))),Variables!$B$1:$D$1,0),1))*AC43)+(T43*INDEX(Variables!$B$9:$D$9,IFERROR(MATCH(IF($B43="Robusta","Robusta",(IF($B43="","Arabica",$B43))&" - "&(IF($C43="","Commercial",$C43))),Variables!$B$1:$D$1,0),1))*AC43/365),"")) -> 1102.6319 | AU43: =IF($H43="Cancelled","",IFERROR((T43*INDEX(Variables!$B$7:$D$7,IFERROR(MATCH(IF($B43="Robusta","Robusta",(IF($B43="","Arabica",$B43))&" - "&(IF($C43="","Commercial",$C43))),Variables!$B$1:$D$1,0),1))*AP43/365)+(L43/16.67*INDEX(Variables!$B$8:$D$8,IFERROR(MATCH(IF($B43="Robusta","Robusta",(IF($B43="","Arabica",$B43))&" - "&(IF($C43="","Commercial",$C43))),Variables!$B$1:$D$1,0),1))*AP43)+(T43*INDEX(Variables!$B$9:$D$9,IFERROR(MATCH(IF($B43="Robusta","Robusta",(IF($B43="","Arabica",$B43))&" - "&(IF($C43="","Commercial",$C43))),Variables!$B$1:$D$1,0),1))*AP43/365),"")) -> 3840.2008 | AV43: =IF($H43="Cancelled","",IFERROR(IF(AK43="","",F43-AK43),"")) -> -5 | AW43: =IF($H43="Cancelled","",IFERROR(IF(AV43="","",(T43*INDEX(Variables!$B$7:$D$7,IFERROR(MATCH(IF($B43="Robusta","Robusta",(IF($B43="","Arabica",$B43))&" - "&(IF($C43="","Commercial",$C43))),Variables!$B$1:$D$1,0),1))*(AV43/365))+(T43*INDEX(Variables!$B$9:$D$9,IFERROR(MATCH(IF($B43="Robusta","Robusta",(IF($B43="","Arabica",$B43))&" - "&(IF($C43="","Commercial",$C43))),Variables!$B$1:$D$1,0),1))*(AV43/365))+(INDEX(Variables!$B$8:$D$8,IFERROR(MATCH(IF($B43="Robusta","Robusta",(IF($B43="","Arabica",$B43))&" - "&(IF($C43="","Commercial",$C43))),Variables!$B$1:$D$1,0),1))*L43/16.67)),"")) -> -94.10895
A44: Kenya | B44: Arabica | C44: Commercial | D44: 45294 | E44: 45323 | F44: 45351 | G44: 3786083 | H44: =IF(ISNUMBER(SEARCH("cancel",AN44)),"Cancelled",IF(AND(AK44<>"",AL44<>"",AM44<>""),"Closed","Open")) -> Closed | I44: =IF(AND(AK44<>"",AL44<>"",AM44<>""),"All dates received",_xlfn.TEXTJOIN(" and ",TRUE(),IF(AK44="","No sailing date",""),IF(AL44="","No shipping advice sent",""),IF(AM44="","No docs dispatch date",""))) -> All dates received | J44: Jobin | K44: 4712 | L44: 320 | M44: AA FAQ | N44: AA faq | R44: SAS | S44: Lehavre | T44: =IF($H44="Cancelled","",IFERROR(((Q44+INDEX(Variables!$B$6:$D$6,IFERROR(MATCH(IF($B44="Robusta","Robusta",(IF($B44="","Arabica",$B44))&" - "&(IF($C44="","Commercial",$C44))),Variables!$B$1:$D$1,0),1)))*22.0462)*(L44/16.67),"")) -> 123067.26 | U44: 45295 | V44: =IF(ISNUMBER(U44),"Sent","") -> Sent | W44: 45301 | X44: =IF(ISNUMBER(W44),"Approved","") -> Approved | Z44: =IF($H44="Cancelled","",IFERROR(IF(F44="","",F44-Variables!$B$13),"")) -> 45336 | AA44: =IF($H44="Cancelled","",IFERROR(IF(W44="","",(AVERAGE(E44:F44)-W44)-Variables!$B$14),"")) -> 6 | AB44: 45454 | AC44: =IF($H44="Cancelled","",IFERROR(IF(AB44="","",IF(AND(W44="",Y44=""),"",IF(Y44>W44,Y44+Variables!$B$15+Variables!$B$16+Variables!$B$17-AB44,W44+Variables!$B$16+Variables!$B$17-AB44))),"")) -> -145 | AD44: MSC FCL/FCL | AE44: MSC Shaula | AI44: MEDUM2616834 | AJ44: 1802556840 | AK44: 45341 | AL44: 45341 | AM44: 45342 | AN44: Documents dispatched | AP44: =IF($H44="Cancelled","",IFERROR(IF(OR(AK44="",AB44=""),"",(AB44+Variables!$B$18-AK44)),"")) -> 120 | AQ44: =IF($H44="Cancelled","",IFERROR(IF(OR(AM44="",AK44=""),"",(AK44+Variables!$B$19)-AM44),"")) -> 4 | AR44: =IF($H44="Cancelled","",IFERROR(T44*INDEX(Variables!$B$7:$D$7,IFERROR(MATCH(IF($B44="Robusta","Robusta",(IF($B44="","Arabica",$B44))&" - "&(IF($C44="","Commercial",$C44))),Variables!$B$1:$D$1,0),1))*(AQ44/365),"")) -> 86.966 | AS44: =IF($H44="Cancelled","",IFERROR((T44*INDEX(Variables!$B$7:$D$7,IFERROR(MATCH(IF($B44="Robusta","Robusta",(IF($B44="","Arabica",$B44))&" - "&(IF($C44="","Commercial",$C44))),Variables!$B$1:$D$1,0),1))*IFERROR(IF(W44="","",(AVERAGE(E44:F44)-W44)-Variables!$B$14),"")/365)+(L44/16.67*INDEX(Variables!$B$8:$D$8,IFERROR(MATCH(IF($B44="Robusta","Robusta",(IF($B44="","Arabica",$B44))&" - "&(IF($C44="","Commercial",$C44))),Variables!$B$1:$D$1,0),1))*IFERROR(IF(W44="","",(AVERAGE(E44:F44)-W44)-Variables!$B$14),""))+(T44*INDEX(Variables!$B$9:$D$9,IFERROR(MATCH(IF($B44="Robusta","Robusta",(IF($B44="","Arabica",$B44))&" - "&(IF($C44="","Commercial",$C44))),Variables!$B$1:$D$1,0),1))*IFERROR(IF(W44="","",(AVERAGE(E44:F44)-W44)-Variables!$B$14),"")/365),"")) -> 228.13074 | AT44: =IF($H44="Cancelled","",IFERROR((T44*INDEX(Variables!$B$7:$D$7,IFERROR(MATCH(IF($B44="Robusta","Robusta",(IF($B44="","Arabica",$B44))&" - "&(IF($C44="","Commercial",$C44))),Variables!$B$1:$D$1,0),1))*AC44/365)+(L44/16.67*INDEX(Variables!$B$8:$D$8,IFERROR(MATCH(IF($B44="Robusta","Robusta",(IF($B44="","Arabica",$B44))&" - "&(IF($C44="","Commercial",$C44))),Variables!$B$1:$D$1,0),1))*AC44)+(T44*INDEX(Variables!$B$9:$D$9,IFERROR(MATCH(IF($B44="Robusta","Robusta",(IF($B44="","Arabica",$B44))&" - "&(IF($C44="","Commercial",$C44))),Variables!$B$1:$D$1,0),1))*AC44/365),"")) -> -5513.1595 | AU44: =IF($H44="Cancelled","",IFERROR((T44*INDEX(Variables!$B$7:$D$7,IFERROR(MATCH(IF($B44="Robusta","Robusta",(IF($B44="","Arabica",$B44))&" - "&(IF($C44="","Commercial",$C44))),Variables!$B$1:$D$1,0),1))*AP44/365)+(L44/16.67*INDEX(Variables!$B$8:$D$8,IFERROR(MATCH(IF($B44="Robusta","Robusta",(IF($B44="","Arabica",$B44))&" - "&(IF($C44="","Commercial",$C44))),Variables!$B$1:$D$1,0),1))*AP44)+(T44*INDEX(Variables!$B$9:$D$9,IFERROR(MATCH(IF($B44="Robusta","Robusta",(IF($B44="","Arabica",$B44))&" - "&(IF($C44="","Commercial",$C44))),Variables!$B$1:$D$1,0),1))*AP44/365),"")) -> 4562.6148 | AV44: =IF($H44="Cancelled","",IFERROR(IF(AK44="","",F44-AK44),"")) -> 10 | AW44: =IF($H44="Cancelled","",IFERROR(IF(AV44="","",(T44*INDEX(Variables!$B$7:$D$7,IFERROR(MATCH(IF($B44="Robusta","Robusta",(IF($B44="","Arabica",$B44))&" - "&(IF($C44="","Commercial",$C44))),Variables!$B$1:$D$1,0),1))*(AV44/365))+(T44*INDEX(Variables!$B$9:$D$9,IFERROR(MATCH(IF($B44="Robusta","Robusta",(IF($B44="","Arabica",$B44))&" - "&(IF($C44="","Commercial",$C44))),Variables!$B$1:$D$1,0),1))*(AV44/365))+(INDEX(Variables!$B$8:$D$8,IFERROR(MATCH(IF($B44="Robusta","Robusta",(IF($B44="","Arabica",$B44))&" - "&(IF($C44="","Commercial",$C44))),Variables!$B$1:$D$1,0),1))*L44/16.67)),"")) -> 236.2179
