Workbook

Sheet Read Me
A1: Stocktake Optimization — Team Work Plan
A2: NKG East Africa / Ibero Kenya · Pathways Technologies · prepared 9 Oct 2026 · plan V1.0
A4: How to use this workbook
A5: Master Plan | B5: Every task with owner, support, dates, dependencies, deliverable and "done when". Update Status (drop-down) and % Done here only.
A6: Team Summary | B6: Counts, workload and next due date per person — all formulas from Master Plan.
A7: Person sheets | B7: One sheet per team member (live links to Master Plan rows) — send each person their tab.
A8: Next Week (12–16 Oct) | B8: Day-by-day plan for every person for the first build week.
A9: Gantt | B9: Weekly timeline; bars shade automatically from Start/End dates; green = complete.
A10: Milestones | B10: Key dates the sponsor tracks.
A11: NKG Actions | B11: What we need from NKG, by when, and which of our tasks it blocks.
A12: Meetings & Rhythm | B12: Recurring ceremonies (stand-up, status, reviews, steering).
A13: Holidays | B13: Public holidays excluded from "Work days" (Mashujaa Day Tue 20 Oct falls in Sprint 1).
A14: Red text | B14: Item still to be confirmed with NKG or the team.
A16: Team and responsibilities
A17: Name | B17: Role | C17: Owns
A18: Daphne Okwaro | B18: Project Manager / Data Analytics Lead | C18: Plan, NKG decisions, access, stakeholder management, status reporting, SIT/UAT/training/cutover coordination
A19: Moses Masibo | B19: Solution Architect | C19: Environments, solutions, ALM and Git, security model, data-model and engine design review, code review, PROD readiness
A20: Denis Otieno | B20: Data Engineer | C20: Email intake, validation, dataflows, Dataverse tables, master-data migration, reconciliation engine L1–L3, rules, tie-outs
A21: Nicole Akinyi | B21: Data Analyst | C21: Data profiling, mapping coverage, test data, Power BI model and reports, month-end pack, parallel-run analysis
A22: William Imo | B22: Power Apps Developer | C22: Stock Take app (counter phone/tablet app), offline sync, count flows F11–F12, counter training
A23: Andrew Tanui | B23: Power Apps Developer | C23: Stock Management Hub (plan, run, review, close, third parties, registers, admin), Hub flows
A24: Jones Alukwe | B24: Power Apps Developer / Copilot Developer | C24: Stock Control Centre (model-driven), BPFs, exceptions, corrections, sign-off gate, Copilot Stock Assistant
A25: Frankie Omasaja | B25: QA / Test & Documentation — role to confirm | C25: SIT scripts and execution, defect log, UAT scripts, user guides and training material formatting
A27: Phases
A28: Phase | B28: Dates | C28: Exit criteria
A29: 0 Discovery | B29: 1 – 9 Oct | C29: Sessions held, BRD V1.1, spec, mockups (done)
A30: 1 Design | B30: 5 – 16 Oct | C30: BRD/design signed; decisions OD1–OD5, OD9 closed; environments and Git ready
A31: 2 Sprint 1 | B31: 12 – 23 Oct | C31: Intake, tables, master data, app capture, wizard, mapping BPF demoed
A32: 3 Sprint 2 | B32: 26 Oct – 6 Nov | C32: Engine L1–L3, exceptions, corrections, workspace, sign-off, Power BI, Copilot T1–T5
A33: 4 SIT + parallel run | B33: 26 Oct – 6 Nov | C33: Tie-outs T1–T10 = 0; October count run in new solution (2–4 Nov)
A34: 5 Training | B34: 9 – 13 Nov | C34: ≥ 90% of named users trained; UAT release deployed
A35: 6 UAT | B35: 16 – 27 Nov | C35: UAT signed by every department
A36: 7 Cutover | B36: 23 Nov – 3 Dec | C36: PROD live; feeds clean 3 days; baseline approved; first live count 1–3 Dec
A37: 8 Hypercare | B37: 1 – 11 Dec | C37: First sign-off with residual = 0 by WD7 (9 Dec); handover complete
A38: 9 Acceptance | B38: 14 – 17 Dec | C38: Formal acceptance 17 Dec
A40: Capacity watch | B40: Jones (Control Centre + Copilot) and Andrew (Hub + parallel-run support) are heaviest in 2–6 Nov. Copilot topics T6–T10 are deliberately in training week; if Jones slips, Copilot moves into the UAT window (no reconciliation feature depends on it). Frankie's role is assumed as QA / documentation — confirm.

Sheet Team Summary
A1: Team Summary
A2: All figures are formulas over Master Plan.
A4: Name | B4: Role | C4: Tasks owned | D4: Complete | E4: In progress | F4: Not started | G4: Blocked / at risk | H4: Overdue | I4: Owned work days | J4: % complete (avg) | K4: Next open task due | L4: Also supporting (tasks)
A5: Daphne Okwaro | B5: Project Manager / Data Analytics Lead | C5: =COUNTIF('Master Plan'!$F$5:$F$130,A5) -> 27 | D5: =COUNTIFS('Master Plan'!$F$5:$F$130,A5,'Master Plan'!$O$5:$O$130,"Complete") -> 6 | E5: =COUNTIFS('Master Plan'!$F$5:$F$130,A5,'Master Plan'!$O$5:$O$130,"In progress") -> 1 | F5: =COUNTIFS('Master Plan'!$F$5:$F$130,A5,'Master Plan'!$O$5:$O$130,"Not started") -> 20 | G5: =COUNTIFS('Master Plan'!$F$5:$F$130,A5,'Master Plan'!$O$5:$O$130,"Blocked")+COUNTIFS('Master Plan'!$F$5:$F$130,A5,'Master Plan'!$O$5:$O$130,"At risk") -> 0 | H5: =COUNTIFS('Master Plan'!$F$5:$F$130,A5,'Master Plan'!$Q$5:$Q$130,"OVERDUE") -> 0 | I5: =SUMIF('Master Plan'!$F$5:$F$130,A5,'Master Plan'!$J$5:$J$130) -> 82 | J5: =IFERROR(AVERAGEIF('Master Plan'!$F$5:$F$130,A5,'Master Plan'!$P$5:$P$130),0) -> 0.23148148 | K5: =IFERROR(1/(1/_xlfn.MINIFS('Master Plan'!$I$5:$I$130,'Master Plan'!$F$5:$F$130,A5,'Master Plan'!$O$5:$O$130,"<>Complete")),"—") -> 46304 | L5: =COUNTIF('Master Plan'!$G$5:$G$130,"*"&LEFT(A5,FIND(" ",A5)-1)&"*")+COUNTIF('Master Plan'!$G$5:$G$130,"All") -> 13
A6: Moses Masibo | B6: Solution Architect | C6: =COUNTIF('Master Plan'!$F$5:$F$130,A6) -> 18 | D6: =COUNTIFS('Master Plan'!$F$5:$F$130,A6,'Master Plan'!$O$5:$O$130,"Complete") -> 0 | E6: =COUNTIFS('Master Plan'!$F$5:$F$130,A6,'Master Plan'!$O$5:$O$130,"In progress") -> 0 | F6: =COUNTIFS('Master Plan'!$F$5:$F$130,A6,'Master Plan'!$O$5:$O$130,"Not started") -> 18 | G6: =COUNTIFS('Master Plan'!$F$5:$F$130,A6,'Master Plan'!$O$5:$O$130,"Blocked")+COUNTIFS('Master Plan'!$F$5:$F$130,A6,'Master Plan'!$O$5:$O$130,"At risk") -> 0 | H6: =COUNTIFS('Master Plan'!$F$5:$F$130,A6,'Master Plan'!$Q$5:$Q$130,"OVERDUE") -> 0 | I6: =SUMIF('Master Plan'!$F$5:$F$130,A6,'Master Plan'!$J$5:$J$130) -> 66 | J6: =IFERROR(AVERAGEIF('Master Plan'!$F$5:$F$130,A6,'Master Plan'!$P$5:$P$130),0) -> 0 | K6: =IFERROR(1/(1/_xlfn.MINIFS('Master Plan'!$I$5:$I$130,'Master Plan'!$F$5:$F$130,A6,'Master Plan'!$O$5:$O$130,"<>Complete")),"—") -> 46308 | L6: =COUNTIF('Master Plan'!$G$5:$G$130,"*"&LEFT(A6,FIND(" ",A6)-1)&"*")+COUNTIF('Master Plan'!$G$5:$G$130,"All") -> 24
A7: Denis Otieno | B7: Data Engineer | C7: =COUNTIF('Master Plan'!$F$5:$F$130,A7) -> 23 | D7: =COUNTIFS('Master Plan'!$F$5:$F$130,A7,'Master Plan'!$O$5:$O$130,"Complete") -> 0 | E7: =COUNTIFS('Master Plan'!$F$5:$F$130,A7,'Master Plan'!$O$5:$O$130,"In progress") -> 0 | F7: =COUNTIFS('Master Plan'!$F$5:$F$130,A7,'Master Plan'!$O$5:$O$130,"Not started") -> 23 | G7: =COUNTIFS('Master Plan'!$F$5:$F$130,A7,'Master Plan'!$O$5:$O$130,"Blocked")+COUNTIFS('Master Plan'!$F$5:$F$130,A7,'Master Plan'!$O$5:$O$130,"At risk") -> 0 | H7: =COUNTIFS('Master Plan'!$F$5:$F$130,A7,'Master Plan'!$Q$5:$Q$130,"OVERDUE") -> 0 | I7: =SUMIF('Master Plan'!$F$5:$F$130,A7,'Master Plan'!$J$5:$J$130) -> 81 | J7: =IFERROR(AVERAGEIF('Master Plan'!$F$5:$F$130,A7,'Master Plan'!$P$5:$P$130),0) -> 0 | K7: =IFERROR(1/(1/_xlfn.MINIFS('Master Plan'!$I$5:$I$130,'Master Plan'!$F$5:$F$130,A7,'Master Plan'!$O$5:$O$130,"<>Complete")),"—") -> 46308 | L7: =COUNTIF('Master Plan'!$G$5:$G$130,"*"&LEFT(A7,FIND(" ",A7)-1)&"*")+COUNTIF('Master Plan'!$G$5:$G$130,"All") -> 21
A8: Nicole Akinyi | B8: Data Analyst | C8: =COUNTIF('Master Plan'!$F$5:$F$130,A8) -> 12 | D8: =COUNTIFS('Master Plan'!$F$5:$F$130,A8,'Master Plan'!$O$5:$O$130,"Complete") -> 0 | E8: =COUNTIFS('Master Plan'!$F$5:$F$130,A8,'Master Plan'!$O$5:$O$130,"In progress") -> 0 | F8: =COUNTIFS('Master Plan'!$F$5:$F$130,A8,'Master Plan'!$O$5:$O$130,"Not started") -> 12 | G8: =COUNTIFS('Master Plan'!$F$5:$F$130,A8,'Master Plan'!$O$5:$O$130,"Blocked")+COUNTIFS('Master Plan'!$F$5:$F$130,A8,'Master Plan'!$O$5:$O$130,"At risk") -> 0 | H8: =COUNTIFS('Master Plan'!$F$5:$F$130,A8,'Master Plan'!$Q$5:$Q$130,"OVERDUE") -> 0 | I8: =SUMIF('Master Plan'!$F$5:$F$130,A8,'Master Plan'!$J$5:$J$130) -> 46 | J8: =IFERROR(AVERAGEIF('Master Plan'!$F$5:$F$130,A8,'Master Plan'!$P$5:$P$130),0) -> 0 | K8: =IFERROR(1/(1/_xlfn.MINIFS('Master Plan'!$I$5:$I$130,'Master Plan'!$F$5:$F$130,A8,'Master Plan'!$O$5:$O$130,"<>Complete")),"—") -> 46311 | L8: =COUNTIF('Master Plan'!$G$5:$G$130,"*"&LEFT(A8,FIND(" ",A8)-1)&"*")+COUNTIF('Master Plan'!$G$5:$G$130,"All") -> 26
A9: William Imo | B9: Power Apps Developer | C9: =COUNTIF('Master Plan'!$F$5:$F$130,A9) -> 13 | D9: =COUNTIFS('Master Plan'!$F$5:$F$130,A9,'Master Plan'!$O$5:$O$130,"Complete") -> 0 | E9: =COUNTIFS('Master Plan'!$F$5:$F$130,A9,'Master Plan'!$O$5:$O$130,"In progress") -> 0 | F9: =COUNTIFS('Master Plan'!$F$5:$F$130,A9,'Master Plan'!$O$5:$O$130,"Not started") -> 13 | G9: =COUNTIFS('Master Plan'!$F$5:$F$130,A9,'Master Plan'!$O$5:$O$130,"Blocked")+COUNTIFS('Master Plan'!$F$5:$F$130,A9,'Master Plan'!$O$5:$O$130,"At risk") -> 0 | H9: =COUNTIFS('Master Plan'!$F$5:$F$130,A9,'Master Plan'!$Q$5:$Q$130,"OVERDUE") -> 0 | I9: =SUMIF('Master Plan'!$F$5:$F$130,A9,'Master Plan'!$J$5:$J$130) -> 41 | J9: =IFERROR(AVERAGEIF('Master Plan'!$F$5:$F$130,A9,'Master Plan'!$P$5:$P$130),0) -> 0 | K9: =IFERROR(1/(1/_xlfn.MINIFS('Master Plan'!$I$5:$I$130,'Master Plan'!$F$5:$F$130,A9,'Master Plan'!$O$5:$O$130,"<>Complete")),"—") -> 46308 | L9: =COUNTIF('Master Plan'!$G$5:$G$130,"*"&LEFT(A9,FIND(" ",A9)-1)&"*")+COUNTIF('Master Plan'!$G$5:$G$130,"All") -> 12
A10: Andrew Tanui | B10: Power Apps Developer | C10: =COUNTIF('Master Plan'!$F$5:$F$130,A10) -> 13 | D10: =COUNTIFS('Master Plan'!$F$5:$F$130,A10,'Master Plan'!$O$5:$O$130,"Complete") -> 0 | E10: =COUNTIFS('Master Plan'!$F$5:$F$130,A10,'Master Plan'!$O$5:$O$130,"In progress") -> 0 | F10: =COUNTIFS('Master Plan'!$F$5:$F$130,A10,'Master Plan'!$O$5:$O$130,"Not started") -> 13 | G10: =COUNTIFS('Master Plan'!$F$5:$F$130,A10,'Master Plan'!$O$5:$O$130,"Blocked")+COUNTIFS('Master Plan'!$F$5:$F$130,A10,'Master Plan'!$O$5:$O$130,"At risk") -> 0 | H10: =COUNTIFS('Master Plan'!$F$5:$F$130,A10,'Master Plan'!$Q$5:$Q$130,"OVERDUE") -> 0 | I10: =SUMIF('Master Plan'!$F$5:$F$130,A10,'Master Plan'!$J$5:$J$130) -> 37 | J10: =IFERROR(AVERAGEIF('Master Plan'!$F$5:$F$130,A10,'Master Plan'!$P$5:$P$130),0) -> 0 | K10: =IFERROR(1/(1/_xlfn.MINIFS('Master Plan'!$I$5:$I$130,'Master Plan'!$F$5:$F$130,A10,'Master Plan'!$O$5:$O$130,"<>Complete")),"—") -> 46308 | L10: =COUNTIF('Master Plan'!$G$5:$G$130,"*"&LEFT(A10,FIND(" ",A10)-1)&"*")+COUNTIF('Master Plan'!$G$5:$G$130,"All") -> 14
A11: Jones Alukwe | B11: Power Apps Developer / Copilot Developer | C11: =COUNTIF('Master Plan'!$F$5:$F$130,A11) -> 14 | D11: =COUNTIFS('Master Plan'!$F$5:$F$130,A11,'Master Plan'!$O$5:$O$130,"Complete") -> 0 | E11: =COUNTIFS('Master Plan'!$F$5:$F$130,A11,'Master Plan'!$O$5:$O$130,"In progress") -> 0 | F11: =COUNTIFS('Master Plan'!$F$5:$F$130,A11,'Master Plan'!$O$5:$O$130,"Not started") -> 14 | G11: =COUNTIFS('Master Plan'!$F$5:$F$130,A11,'Master Plan'!$O$5:$O$130,"Blocked")+COUNTIFS('Master Plan'!$F$5:$F$130,A11,'Master Plan'!$O$5:$O$130,"At risk") -> 0 | H11: =COUNTIFS('Master Plan'!$F$5:$F$130,A11,'Master Plan'!$Q$5:$Q$130,"OVERDUE") -> 0 | I11: =SUMIF('Master Plan'!$F$5:$F$130,A11,'Master Plan'!$J$5:$J$130) -> 47 | J11: =IFERROR(AVERAGEIF('Master Plan'!$F$5:$F$130,A11,'Master Plan'!$P$5:$P$130),0) -> 0 | K11: =IFERROR(1/(1/_xlfn.MINIFS('Master Plan'!$I$5:$I$130,'Master Plan'!$F$5:$F$130,A11,'Master Plan'!$O$5:$O$130,"<>Complete")),"—") -> 46308 | L11: =COUNTIF('Master Plan'!$G$5:$G$130,"*"&LEFT(A11,FIND(" ",A11)-1)&"*")+COUNTIF('Master Plan'!$G$5:$G$130,"All") -> 14
A12: Frankie Omasaja | B12: QA / Test & Documentation — role to confirm | C12: =COUNTIF('Master Plan'!$F$5:$F$130,A12) -> 6 | D12: =COUNTIFS('Master Plan'!$F$5:$F$130,A12,'Master Plan'!$O$5:$O$130,"Complete") -> 0 | E12: =COUNTIFS('Master Plan'!$F$5:$F$130,A12,'Master Plan'!$O$5:$O$130,"In progress") -> 0 | F12: =COUNTIFS('Master Plan'!$F$5:$F$130,A12,'Master Plan'!$O$5:$O$130,"Not started") -> 6 | G12: =COUNTIFS('Master Plan'!$F$5:$F$130,A12,'Master Plan'!$O$5:$O$130,"Blocked")+COUNTIFS('Master Plan'!$F$5:$F$130,A12,'Master Plan'!$O$5:$O$130,"At risk") -> 0 | H12: =COUNTIFS('Master Plan'!$F$5:$F$130,A12,'Master Plan'!$Q$5:$Q$130,"OVERDUE") -> 0 | I12: =SUMIF('Master Plan'!$F$5:$F$130,A12,'Master Plan'!$J$5:$J$130) -> 35 | J12: =IFERROR(AVERAGEIF('Master Plan'!$F$5:$F$130,A12,'Master Plan'!$P$5:$P$130),0) -> 0 | K12: =IFERROR(1/(1/_xlfn.MINIFS('Master Plan'!$I$5:$I$130,'Master Plan'!$F$5:$F$130,A12,'Master Plan'!$O$5:$O$130,"<>Complete")),"—") -> 46311 | L12: =COUNTIF('Master Plan'!$G$5:$G$130,"*"&LEFT(A12,FIND(" ",A12)-1)&"*")+COUNTIF('Master Plan'!$G$5:$G$130,"All") -> 12
A13: Total | C13: =SUM(C5:C12) -> 126 | D13: =SUM(D5:D12) -> 6 | E13: =SUM(E5:E12) -> 1 | F13: =SUM(F5:F12) -> 119 | G13: =SUM(G5:G12) -> 0 | H13: =SUM(H5:H12) -> 0 | I13: =SUM(I5:I12) -> 435

Sheet Master Plan
A1: Stocktake Optimization — Master Task Plan (NKG East Africa)
A2: Edit Status and % Done here only — person sheets, Gantt and Team Summary update from this sheet. Red text = to confirm with NKG.
A4: ID | B4: Phase | C4: Workstream | D4: Task | E4: Detailed description / steps | F4: Owner | G4: Support | H4: Start | I4: End | J4: Work days | K4: Depends on | L4: Deliverable / output | M4: Done when (acceptance) | N4: Spec ref | O4: Status | P4: % Done | Q4: Overdue? | R4: Notes / blockers
A5: PM-01 | B5: 0 Discovery | C5: Project management | D5: Project kick-off and warehouse walk-through | E5: Kick-off with NKG; walk the warehouse floor; observe stacking, rows A–G / sections 1–14, bag tags, pockets, lights. | F5: Daphne Okwaro | G5: All | H5: 46296 | I5: 46296 | J5: =NETWORKDAYS(H5,I5,Holidays!$A$5:$A$12) -> 1 | L5: Kick-off notes | M5: Held with NKG stakeholders | N5: — | O5: Complete | P5: 1 | Q5: =IF(AND(O5<>"Complete",I5<TODAY()),"OVERDUE","")
A6: PM-02 | B6: 0 Discovery | C6: Project management | D6: Discovery sessions: Finance, Warehouse & Operations, Trade & QC, Logistics | E6: Run four sessions; record and transcribe; capture process, pain points, reports, data owners. | F6: Daphne Okwaro | G6: Moses Masibo, Denis Otieno, Nicole Akinyi | H6: 46297 | I6: 46303 | J6: =NETWORKDAYS(H6,I6,Holidays!$A$5:$A$12) -> 5 | K6: PM-01 | L6: Recordings + notes | M6: All four sessions held and transcribed | N6: BRD | O6: Complete | P6: 1 | Q6: =IF(AND(O6<>"Complete",I6<TODAY()),"OVERDUE","")
A7: PM-03 | B7: 0 Discovery | C7: Project management | D7: BRD V1.1 (red = items to confirm) | E7: Update the BRD from all recordings; mark unconfirmed items in red. | F7: Daphne Okwaro | G7: Nicole Akinyi | H7: 46300 | I7: 46304 | J7: =NETWORKDAYS(H7,I7,Holidays!$A$5:$A$12) -> 5 | K7: PM-02 | L7: STOCKTAKE_BRD_V1.1.docx | M7: Issued to team | N7: BRD | O7: Complete | P7: 1 | Q7: =IF(AND(O7<>"Complete",I7<TODAY()),"OVERDUE","")
A8: PM-04 | B8: 0 Discovery | C8: Design | D8: Developer Build Specification V1.0 + screen mockups | E8: Write the build specification (Sections 1–22 + appendices) and 10 screen mockups. | F8: Daphne Okwaro | G8: Moses Masibo | H8: 46302 | I8: 46304 | J8: =NETWORKDAYS(H8,I8,Holidays!$A$5:$A$12) -> 3 | K8: PM-03 | L8: Spec V1.0 + mockups PDF | M8: Issued to team | N8: All | O8: Complete | P8: 1 | Q8: =IF(AND(O8<>"Complete",I8<TODAY()),"OVERDUE","")
A9: PM-05 | B9: 0 Discovery | C9: Access | D9: System access request sent (NKG emails, Power Platform, Git, ITB environment) | E9: Request NKG accounts for all 8 team members, environment maker access, Git, legacy ITB environment. | F9: Daphne Okwaro | G9: Moses Masibo | H9: 46300 | I9: 46301 | J9: =NETWORKDAYS(H9,I9,Holidays!$A$5:$A$12) -> 2 | L9: Access request email | M9: Sent; ITB environment access received | N9: 16 | O9: Complete | P9: 1 | Q9: =IF(AND(O9<>"Complete",I9<TODAY()),"OVERDUE","")
A10: PM-06 | B10: 0 Discovery | C10: Weekly status | D10: Weekly status report #1 | E10: Status email (Word + HTML) to NKG. | F10: Daphne Okwaro | H10: 46297 | I10: 46297 | J10: =NETWORKDAYS(H10,I10,Holidays!$A$5:$A$12) -> 1 | L10: Status report | M10: Sent | N10: — | O10: Complete | P10: 1 | Q10: =IF(AND(O10<>"Complete",I10<TODAY()),"OVERDUE","")
A11: PM-10 | B11: 1 Design | C11: Weekly status | D11: Weekly status report #2 | E11: Progress: discovery complete, BRD V1.1, build spec, mockups; next week: design sign-off, decisions OD1–OD9, sprint 1 start. | F11: Daphne Okwaro | H11: 46304 | I11: 46304 | J11: =NETWORKDAYS(H11,I11,Holidays!$A$5:$A$12) -> 1 | K11: PM-04 | L11: Status report | M11: Sent to NKG distribution list | N11: — | O11: In progress | P11: 0.25 | Q11: =IF(AND(O11<>"Complete",I11<TODAY()),"OVERDUE","")
A12: PM-11 | B12: 1 Design | C12: Stakeholders | D12: Circulate BRD V1.1, Build Spec and mockups to NKG for review | E12: Email to Carol, Maina, Mathew, Denis Koech, department leads; ask for written comments by Wed 14 Oct; attach mockups PDF. | F12: Daphne Okwaro | H12: 46307 | I12: 46307 | J12: =NETWORKDAYS(H12,I12,Holidays!$A$5:$A$12) -> 1 | K12: PM-04 | L12: Review email | M12: Sent; every reviewer acknowledged | N12: — | O12: Not started | P12: 0 | Q12: =IF(AND(O12<>"Complete",I12<TODAY()),"OVERDUE","")
A13: PM-12 | B13: 1 Design | C13: Decisions | D13: Open-decision log OD1–OD9 (red items) | E13: Create decision log (decision, options, recommendation, owner, needed-by). Book 30-min calls per owner. Chase daily until closed. OD1 cut-off rule; OD2 unit rule (pocket, lights); OD3 Low Grade posting; OD4 provisional stock location; OD5 count tolerance; OD6 write-off thresholds; OD7 sign-off order; OD8 Copilot approval; OD9 licensing/environments. | F13: Daphne Okwaro | G13: Moses Masibo | H13: 46307 | I13: 46311 | J13: =NETWORKDAYS(H13,I13,Holidays!$A$5:$A$12) -> 5 | K13: PM-11 | L13: Decision log | M13: OD1–OD5 and OD9 closed by 16 Oct; OD6–OD8 by 23 Oct | N13: 22.3 | O13: Not started | P13: 0 | Q13: =IF(AND(O13<>"Complete",I13<TODAY()),"OVERDUE","")
A14: PM-13 | B14: 1 Design | C14: Stakeholders | D14: Design walkthrough with NKG (mockups + zero-variance model) | E14: 2-hour session, Digitization Project Team Boardroom / Teams. Demo mockups screen by screen; explain residual = 0 gate; collect feedback. | F14: Daphne Okwaro | G14: Moses Masibo, William Imo, Andrew Tanui, Jones Alukwe | H14: 46308 | I14: 46308 | J14: =NETWORKDAYS(H14,I14,Holidays!$A$5:$A$12) -> 1 | K14: PM-11 | L14: Feedback list | M14: Feedback logged and triaged into backlog | N14: 3, 4, 9–14 | O14: Not started | P14: 0 | Q14: =IF(AND(O14<>"Complete",I14<TODAY()),"OVERDUE","")
A15: PM-14 | B15: 1 Design | C15: Stakeholders | D15: Obtain BRD and design sign-off | E15: Update BRD/spec for walkthrough feedback (V1.2); obtain written sign-off from the approval table. | F15: Daphne Okwaro | G15: Moses Masibo | H15: 46309 | I15: 46311 | J15: =NETWORKDAYS(H15,I15,Holidays!$A$5:$A$12) -> 3 | K15: PM-13, PM-12 | L15: Signed BRD V1.2 + Spec V1.1 | M15: Signatures/approval emails received | N15: Doc control | O15: Not started | P15: 0 | Q15: =IF(AND(O15<>"Complete",I15<TODAY()),"OVERDUE","")
A16: PM-15 | B16: 1 Design | C16: Data feeds | D16: Formal data-feed request to XBS and Comtras/BRIC owners | E16: Request: (1) sample files for every feed S1–S15 by 14 Oct; (2) scheduled daily email to shared mailbox at 07:00 with subject STK|<SOURCE>|<YYYYMMDD>|<HHMM>; (3) named backup sender. | F16: Daphne Okwaro | G16: Denis Otieno | H16: 46307 | I16: 46309 | J16: =NETWORKDAYS(H16,I16,Holidays!$A$5:$A$12) -> 3 | L16: Feed request email + owner list | M16: Every feed has a named owner and a start date | N16: 7.1–7.2 | O16: Not started | P16: 0 | Q16: =IF(AND(O16<>"Complete",I16<TODAY()),"OVERDUE","")
A17: PM-16 | B17: 1 Design | C17: Access | D17: Licensing and environment confirmation with NKG IT | E17: Confirm Power Apps Premium for Hub/Control Centre users, service account stk.svc, shared mailbox, DEV/UAT/PROD Dataverse environments, Copilot Studio availability. | F17: Daphne Okwaro | G17: Moses Masibo | H17: 46307 | I17: 46311 | J17: =NETWORKDAYS(H17,I17,Holidays!$A$5:$A$12) -> 5 | L17: Confirmation email from NKG IT | M17: Licences and environments confirmed in writing | N17: 15, 16 | O17: Not started | P17: 0 | Q17: =IF(AND(O17<>"Complete",I17<TODAY()),"OVERDUE","")
A18: MO-01 | B18: 1 Design | C18: Architecture | D18: Inventory the ITB (John Nyongesa) solution | E18: Export managed solution "NKG Stock Solution" and all flows; list every app, flow, dataflow, table, SharePoint list, connection and owner; note what to keep/rebuild/retire. | F18: Moses Masibo | G18: Denis Otieno | H18: 46307 | I18: 46308 | J18: =NETWORKDAYS(H18,I18,Holidays!$A$5:$A$12) -> 2 | K18: PM-05 | L18: ITB inventory sheet + exported zip in Git /legacy | M18: Inventory reviewed with team | N18: 2, 16.4 | O18: Not started | P18: 0 | Q18: =IF(AND(O18<>"Complete",I18<TODAY()),"OVERDUE","")
A19: MO-02 | B19: 1 Design | C19: Architecture | D19: Ownership-transfer plan for ITB apps and flows | E19: Plan transfer of flows/apps from the external account to stk.svc so nothing stops when the external account is removed; agree date with NKG IT. | F19: Moses Masibo | H19: 46308 | I19: 46309 | J19: =NETWORKDAYS(H19,I19,Holidays!$A$5:$A$12) -> 2 | K19: MO-01 | L19: Transfer plan | M19: NKG IT agreed date | N19: 16.4 | O19: Not started | P19: 0 | Q19: =IF(AND(O19<>"Complete",I19<TODAY()),"OVERDUE","")
A20: MO-03 | B20: 1 Design | C20: Environments | D20: Request/confirm DEV, UAT, PROD environments and DLP policy | E20: Dataverse in each; DLP Business group: Dataverse, SharePoint, Outlook, Teams, Approvals, Power BI; block consumer connectors. | F20: Moses Masibo | G20: Daphne Okwaro | H20: 46307 | I20: 46311 | J20: =NETWORKDAYS(H20,I20,Holidays!$A$5:$A$12) -> 5 | K20: PM-16 | L20: Environments live | M20: Team can open DEV as makers | N20: 16.1, 15.2 | O20: Not started | P20: 0 | Q20: =IF(AND(O20<>"Complete",I20<TODAY()),"OVERDUE","")
A21: MO-04 | B21: 1 Design | C21: ALM | D21: Create publisher (prefix stk) and solutions in DEV | E21: STK Core, STK Apps, STK Automation, STK Copilot; environment-variable and connection-reference standards. | F21: Moses Masibo | H21: 46309 | I21: 46310 | J21: =NETWORKDAYS(H21,I21,Holidays!$A$5:$A$12) -> 2 | K21: MO-03 | L21: Solutions in DEV | M21: All devs building inside solutions | N21: 16.2, App. D | O21: Not started | P21: 0 | Q21: =IF(AND(O21<>"Complete",I21<TODAY()),"OVERDUE","")
A22: MO-05 | B22: 1 Design | C22: ALM | D22: Git repository and branching | E22: Create repo (/solutions, /powerbi, /docs, /test, /legacy); main/develop/feature branches; PR rule (Moses reviews); access for all 8. | F22: Moses Masibo | H22: 46308 | I22: 46310 | J22: =NETWORKDAYS(H22,I22,Holidays!$A$5:$A$12) -> 3 | K22: PM-05 | L22: Git repo | M22: First commit by every developer | N22: 16.3 | O22: Not started | P22: 0 | Q22: =IF(AND(O22<>"Complete",I22<TODAY()),"OVERDUE","")
A23: MO-06 | B23: 1 Design | C23: Data model | D23: Data-model review (34 tables, keys, alternate keys) | E23: Review with Denis: columns, choice sets, relationships, alternate keys (stk_localid, rule+key), audit settings. | F23: Moses Masibo | G23: Denis Otieno | H23: 46309 | I23: 46311 | J23: =NETWORKDAYS(H23,I23,Holidays!$A$5:$A$12) -> 3 | K23: MO-04 | L23: Approved ERD | M23: Signed off by Moses | N23: 6 | O23: Not started | P23: 0 | Q23: =IF(AND(O23<>"Complete",I23<TODAY()),"OVERDUE","")
A24: NI-01 | B24: 1 Design | C24: Data analysis | D24: Profile sample files from every feed | E24: For each file: row counts, keys, duplicates, blanks, grade/quality codes, units, date formats; compare to Appendix E templates. | F24: Nicole Akinyi | G24: Denis Otieno | H24: 46308 | I24: 46311 | J24: =NETWORKDAYS(H24,I24,Holidays!$A$5:$A$12) -> 4 | K24: PM-15 | L24: Profiling report | M24: Issues list sent to data owners | N24: 7.2, App. E | O24: Not started | P24: 0 | Q24: =IF(AND(O24<>"Complete",I24<TODAY()),"OVERDUE","")
A25: DO-01 | B25: 1 Design | C25: Data engineering | D25: Review ITB dataflows and staging | E25: Understand current dataflows → Dataverse staging → SharePoint lists; note reusable logic and known failures. | F25: Denis Otieno | G25: Moses Masibo | H25: 46307 | I25: 46308 | J25: =NETWORKDAYS(H25,I25,Holidays!$A$5:$A$12) -> 2 | K25: PM-05 | L25: Notes in Git /docs | M25: Reviewed with Moses | N25: 2 | O25: Not started | P25: 0 | Q25: =IF(AND(O25<>"Complete",I25<TODAY()),"OVERDUE","")
A26: DO-02 | B26: 1 Design | C26: Data engineering | D26: Finalise intake file templates and column mappings | E26: Agree exact column names per feed with owners; publish templates in STK-Intake/Templates. | F26: Denis Otieno | G26: Nicole Akinyi | H26: 46309 | I26: 46311 | J26: =NETWORKDAYS(H26,I26,Holidays!$A$5:$A$12) -> 3 | K26: NI-01 | L26: Templates S1–S15 | M26: Owners confirm they can produce them | N26: App. E | O26: Not started | P26: 0 | Q26: =IF(AND(O26<>"Complete",I26<TODAY()),"OVERDUE","")
A27: WI-01 | B27: 1 Design | C27: Stock Take app | D27: Review ITB Stock Take app | E27: Walk every screen and formula; note delegation warnings, performance, what to keep/rebuild. | F27: William Imo | H27: 46307 | I27: 46308 | J27: =NETWORKDAYS(H27,I27,Holidays!$A$5:$A$12) -> 2 | K27: PM-05 | L27: Review notes | M27: Shared at stand-up | N27: 9 | O27: Not started | P27: 0 | Q27: =IF(AND(O27<>"Complete",I27<TODAY()),"OVERDUE","")
A28: AN-01 | B28: 1 Design | C28: Hub | D28: Review ITB Stock Management app | E28: Admin, Import, Dashboard, Reports, Stock Takes approvals: document logic and data sources. | F28: Andrew Tanui | H28: 46307 | I28: 46308 | J28: =NETWORKDAYS(H28,I28,Holidays!$A$5:$A$12) -> 2 | K28: PM-05 | L28: Review notes | M28: Shared at stand-up | N28: 10 | O28: Not started | P28: 0 | Q28: =IF(AND(O28<>"Complete",I28<TODAY()),"OVERDUE","")
A29: JO-01 | B29: 1 Design | C29: Control Centre / Copilot | D29: Copilot Studio and model-driven readiness check | E29: Check Copilot Studio availability/licensing in tenant; list knowledge sources; draft model-driven site map. | F29: Jones Alukwe | G29: Moses Masibo | H29: 46307 | I29: 46308 | J29: =NETWORKDAYS(H29,I29,Holidays!$A$5:$A$12) -> 2 | K29: PM-16 | L29: Readiness note | M29: Input to OD8 | N29: 11, 14 | O29: Not started | P29: 0 | Q29: =IF(AND(O29<>"Complete",I29<TODAY()),"OVERDUE","")
A30: WI-02 | B30: 1 Design | C30: Shared UI | D30: Shared component library (NKG theme) | E30: Header, buttons, chips, tiles, input fields in NKG Green #006330 palette; published as component library for all canvas apps. | F30: William Imo | G30: Andrew Tanui | H30: 46308 | I30: 46309 | J30: =NETWORKDAYS(H30,I30,Holidays!$A$5:$A$12) -> 2 | K30: MO-04 | L30: Component library | M30: Used by Stock Take app and Hub | N30: 9.1 | O30: Not started | P30: 0 | Q30: =IF(AND(O30<>"Complete",I30<TODAY()),"OVERDUE","")
A31: FR-01 | B31: 1 Design | C31: Testing | D31: Test strategy and defect process | E31: Defect log (severity 1–4, owner, status), test case template, SIT script structure per area. | F31: Frankie Omasaja | G31: Daphne Okwaro | H31: 46308 | I31: 46311 | J31: =NETWORKDAYS(H31,I31,Holidays!$A$5:$A$12) -> 4 | K31: PM-04 | L31: Test strategy + defect log | M31: Approved by PM | N31: 18 | O31: Not started | P31: 0 | Q31: =IF(AND(O31<>"Complete",I31<TODAY()),"OVERDUE","")
A32: PM-20 | B32: 2 Sprint 1 | C32: Delivery | D32: Sprint 1 planning | E32: Assign Sprint 1 stories; confirm capacity (Mashujaa Day Tue 20 Oct is a public holiday). | F32: Daphne Okwaro | G32: All | H32: 46307 | I32: 46307 | J32: =NETWORKDAYS(H32,I32,Holidays!$A$5:$A$12) -> 1 | L32: Sprint 1 board | M32: Every story has owner and estimate | N32: 19 | O32: Not started | P32: 0 | Q32: =IF(AND(O32<>"Complete",I32<TODAY()),"OVERDUE","")
A33: MO-07 | B33: 2 Sprint 1 | C33: Environments | D33: Shared mailbox and SharePoint STK-Intake site | E33: With NKG IT: create mailbox stocktake.data@nkg.coffee; library STK-Intake with Incoming/Rejected/Processed/Templates; permissions for stk.svc. | F33: Moses Masibo | G33: Denis Otieno | H33: 46310 | I33: 46311 | J33: =NETWORKDAYS(H33,I33,Holidays!$A$5:$A$12) -> 2 | K33: PM-16 | L33: Mailbox + library | M33: Test email lands and is readable by flow | N33: 7.1 | O33: Not started | P33: 0 | Q33: =IF(AND(O33<>"Complete",I33<TODAY()),"OVERDUE","")
A34: DO-03 | B34: 2 Sprint 1 | C34: Data model | D34: Create Dataverse tables in STK Core | E34: Build 34 stk_ tables with columns, choices, alternate keys, relationships, auditing; stk_config seeded with keys. | F34: Denis Otieno | G34: Moses Masibo | H34: 46310 | I34: 46316 | J34: =NETWORKDAYS(H34,I34,Holidays!$A$5:$A$12) -> 4 | K34: MO-06 | L34: Tables in DEV | M34: ERD = DEV schema; solution exported to Git | N34: 6 | O34: Not started | P34: 0 | Q34: =IF(AND(O34<>"Complete",I34<TODAY()),"OVERDUE","")
A35: DO-04 | B35: 2 Sprint 1 | C35: Intake | D35: F01 Receive intake email | E35: Trigger on shared mailbox; parse subject; sender allow-list; save attachment as <SOURCE>_<YYYYMMDD>_<HHMM>.<ext>; log to stk_loadlog. | F35: Denis Otieno | H35: 46314 | I35: 46316 | J35: =NETWORKDAYS(H35,I35,Holidays!$A$5:$A$12) -> 2 | K35: MO-07, DO-03 | L35: Flow F01 | M35: 10 test emails processed correctly, bad sender rejected | N35: 12.2 | O35: Not started | P35: 0 | Q35: =IF(AND(O35<>"Complete",I35<TODAY()),"OVERDUE","")
A36: DO-05 | B36: 2 Sprint 1 | C36: Intake | D36: F02 Validate file (V1–V7) | E36: Columns, types, dates, row counts, duplicates, control totals, period; move to Rejected + reply with reason, or Processed + trigger load. | F36: Denis Otieno | G36: Nicole Akinyi | H36: 46316 | I36: 46318 | J36: =NETWORKDAYS(H36,I36,Holidays!$A$5:$A$12) -> 3 | K36: DO-04 | L36: Flow F02 | M36: Each V-rule has a failing test file that is rejected with the right reason | N36: 7.3 | O36: Not started | P36: 0 | Q36: =IF(AND(O36<>"Complete",I36<TODAY()),"OVERDUE","")
A37: DO-06 | B37: 2 Sprint 1 | C37: Intake | D37: Dataflows to staging + F03 load | E37: One dataflow per source (XBS stock, XBS movements, 526, 537, contracts, SNI, provisional, third-party); F03 refresh, poll, snapshot header, row-count check. | F37: Denis Otieno | H37: 46314 | I37: 46318 | J37: =NETWORKDAYS(H37,I37,Holidays!$A$5:$A$12) -> 4 | K37: DO-03 | L37: Dataflows + F03 | M37: T1 completeness passes for every sample file | N37: 7, 12.2 | O37: Not started | P37: 0 | Q37: =IF(AND(O37<>"Complete",I37<TODAY()),"OVERDUE","")
A38: DO-07 | B38: 2 Sprint 1 | C38: Master data | D38: Master-data migration | E38: Load warehouses, locations, zones, grades, quality codes, packing types, secondary/primary baskets, contracts, mappings from ITB lists and Comtras. | F38: Denis Otieno | G38: Nicole Akinyi | H38: 46316 | I38: 46318 | J38: =NETWORKDAYS(H38,I38,Holidays!$A$5:$A$12) -> 3 | K38: DO-03 | L38: Master data in DEV | M38: Counts tie to sources; T2 coverage report produced | N38: 7.5 | O38: Not started | P38: 0 | Q38: =IF(AND(O38<>"Complete",I38<TODAY()),"OVERDUE","")
A39: NI-02 | B39: 2 Sprint 1 | C39: Data analysis | D39: Mapping coverage analysis | E39: Outturn → grade → secondary → primary basket; list unmapped and conflicting outturns for Trade/QC with eq60 impact. | F39: Nicole Akinyi | G39: Denis Otieno | H39: 46310 | I39: 46316 | J39: =NETWORKDAYS(H39,I39,Holidays!$A$5:$A$12) -> 4 | K39: NI-01 | L39: Coverage report + unmapped list | M39: List sent to Trade and QC | N39: 8.2, 11.2 | O39: Not started | P39: 0 | Q39: =IF(AND(O39<>"Complete",I39<TODAY()),"OVERDUE","")
A40: NI-03 | B40: 2 Sprint 1 | C40: Testing | D40: Build test data sets | E40: Scenarios for every RI code and EX01–EX20: found-elsewhere, pockets, lights, timing, third-party, SNI, provisional, wrong basket, roll-over. | F40: Nicole Akinyi | G40: Frankie Omasaja | H40: 46314 | I40: 46318 | J40: =NETWORKDAYS(H40,I40,Holidays!$A$5:$A$12) -> 4 | K40: DO-02 | L40: Test data pack in Git /test | M40: Each scenario has expected result | N40: 8.4, 8.5, 18 | O40: Not started | P40: 0 | Q40: =IF(AND(O40<>"Complete",I40<TODAY()),"OVERDUE","")
A41: WI-03 | B41: 2 Sprint 1 | C41: Stock Take app | D41: S1 Sign-in/version check and S2 Home | E41: SSO, role & warehouse load, App.MinVersion check; Home tiles, banner with cut-off and time left. | F41: William Imo | H41: 46310 | I41: 46311 | J41: =NETWORKDAYS(H41,I41,Holidays!$A$5:$A$12) -> 2 | K41: WI-02 | L41: Screens S1–S2 | M41: Demoed at stand-up | N41: 9.2 | O41: Not started | P41: 0 | Q41: =IF(AND(O41<>"Complete",I41<TODAY()),"OVERDUE","")
A42: WI-04 | B42: 2 Sprint 1 | C42: Stock Take app | D42: S3 My Assignments and S4 Location (QR) | E42: Assignments grouped by zone with status chips; QR scan or pick; Start count / Mark empty / Cannot access (reason). | F42: William Imo | H42: 46314 | I42: 46317 | J42: =NETWORKDAYS(H42,I42,Holidays!$A$5:$A$12) -> 3 | K42: WI-03, DO-03 | L42: Screens S3–S4 | M42: QR test labels scan on 2 devices | N42: 9.2 | O42: Not started | P42: 0 | Q42: =IF(AND(O42<>"Complete",I42<TODAY()),"OVERDUE","")
A43: WI-05 | B43: 2 Sprint 1 | C43: Stock Take app | D43: S5 Capture screen | E43: Outturn scan/search (StartsWith, delegable); Expected / Found elsewhere / Not in list / Unidentified (photo); grade from mapping; packing default; bags + pocket; live Units/Kg/Eq60; category. | F43: William Imo | G43: Denis Otieno | H43: 46316 | I43: 46318 | J43: =NETWORKDAYS(H43,I43,Holidays!$A$5:$A$12) -> 3 | K43: WI-04 | L43: Screen S5 | M43: AC-9.2: 20 test lines equal engine calculation | N43: 9.3 | O43: Not started | P43: 0 | Q43: =IF(AND(O43<>"Complete",I43<TODAY()),"OVERDUE","")
A44: AN-02 | B44: 2 Sprint 1 | C44: Hub | D44: Admin screens | E44: Warehouses, grades, packing types, unit rules (with approval), stk_config editor with change reason, users and roles. | F44: Andrew Tanui | H44: 46310 | I44: 46314 | J44: =NETWORKDAYS(H44,I44,Holidays!$A$5:$A$12) -> 3 | K44: WI-02, DO-03 | L44: Admin area | M44: Config change writes audit record | N44: 10.8 | O44: Not started | P44: 0 | Q44: =IF(AND(O44<>"Complete",I44<TODAY()),"OVERDUE","")
A45: AN-03 | B45: 2 Sprint 1 | C45: Hub | D45: Location generator + QR labels | E45: Generate A01–G14 per warehouse; deactivate not delete; print QR label sheet (PDF via Word template flow). | F45: Andrew Tanui | G45: William Imo | H45: 46316 | I45: 46317 | J45: =NETWORKDAYS(H45,I45,Holidays!$A$5:$A$12) -> 2 | K45: AN-02 | L45: Generator + label PDF | M45: 98 labels generated for Main Warehouse test | N45: 10.8 | O45: Not started | P45: 0 | Q45: =IF(AND(O45<>"Complete",I45<TODAY()),"OVERDUE","")
A46: AN-04 | B46: 2 Sprint 1 | C46: Hub | D46: Stock take wizard (5 steps) + F10 notify | E46: Type, cut-off, locked snapshot, scope, counters, review & create; pre-checks (feeds, lock, EX20, mapping); creates stocktake, assignments, hidden expected lines; F10 Teams/email. | F46: Andrew Tanui | G46: Denis Otieno | H46: 46316 | I46: 46321 | J46: =NETWORKDAYS(H46,I46,Holidays!$A$5:$A$12) -> 4 | K46: AN-03, DO-06 | L46: Wizard + F10 | M46: Stock take created from test snapshot; counters notified | N46: 10.2 | O46: Not started | P46: 0 | Q46: =IF(AND(O46<>"Complete",I46<TODAY()),"OVERDUE","")
A47: JO-02 | B47: 2 Sprint 1 | C47: Control Centre | D47: Model-driven app shell | E47: Site map (Master data, Stock positions, Reconciliation, Exceptions, Close, Insights); main forms and views for master-data tables. | F47: Jones Alukwe | H47: 46310 | I47: 46314 | J47: =NETWORKDAYS(H47,I47,Holidays!$A$5:$A$12) -> 3 | K47: DO-03 | L47: App shell | M47: All tables navigable | N47: 11.1 | O47: Not started | P47: 0 | Q47: =IF(AND(O47<>"Complete",I47<TODAY()),"OVERDUE","")
A48: JO-03 | B48: 2 Sprint 1 | C48: Control Centre | D48: Mapping BPF + F22 + versioning | E48: Proposed → QC verified → Finance approved → Active; effective dates; coverage and conflict views; F22 notifications; overlap blocked. | F48: Jones Alukwe | G48: Nicole Akinyi | H48: 46316 | I48: 46318 | J48: =NETWORKDAYS(H48,I48,Holidays!$A$5:$A$12) -> 3 | K48: JO-02 | L48: Mapping BPF | M48: UAT-03 path works end to end in DEV | N48: 11.2 | O48: Not started | P48: 0 | Q48: =IF(AND(O48<>"Complete",I48<TODAY()),"OVERDUE","")
A49: MO-08 | B49: 2 Sprint 1 | C49: Security | D49: Security model build | E49: Entra groups SG-STK-<Role>; 10 Dataverse roles; team mapping; field security (expected qty hidden from Counter, approvals, config). | F49: Moses Masibo | H49: 46314 | I49: 46318 | J49: =NETWORKDAYS(H49,I49,Holidays!$A$5:$A$12) -> 4 | K49: DO-03 | L49: Roles + groups | M49: Role test: counter cannot read expected qty | N49: 15 | O49: Not started | P49: 0 | Q49: =IF(AND(O49<>"Complete",I49<TODAY()),"OVERDUE","")
A50: MO-09 | B50: 2 Sprint 1 | C50: ALM | D50: Build and deploy pipeline DEV → UAT | E50: pac CLI export/unpack/commit; managed build; deployment settings per environment. | F50: Moses Masibo | H50: 46316 | I50: 46318 | J50: =NETWORKDAYS(H50,I50,Holidays!$A$5:$A$12) -> 3 | K50: MO-05 | L50: Pipeline | M50: First managed deploy to UAT succeeds | N50: 16.3 | O50: Not started | P50: 0 | Q50: =IF(AND(O50<>"Complete",I50<TODAY()),"OVERDUE","")
A51: FR-02 | B51: 2 Sprint 1 | C51: Testing | D51: Write SIT scripts | E51: Scripts for INT, MAP, CNT, EXC, COR, PRV, REG, 3P, CON, FB areas with steps, test data and expected results. | F51: Frankie Omasaja | G51: Nicole Akinyi | H51: 46314 | I51: 46318 | J51: =NETWORKDAYS(H51,I51,Holidays!$A$5:$A$12) -> 4 | K51: FR-01, NI-03 | L51: SIT script pack | M51: Reviewed by Moses | N51: 18.1, App. B | O51: Not started | P51: 0 | Q51: =IF(AND(O51<>"Complete",I51<TODAY()),"OVERDUE","")
A52: PM-21 | B52: 2 Sprint 1 | C52: Delivery | D52: Sprint 1 review / demo to NKG | E52: Demo intake, master data, Stock Take app capture, wizard, mapping BPF. | F52: Daphne Okwaro | G52: All | H52: 46318 | I52: 46318 | J52: =NETWORKDAYS(H52,I52,Holidays!$A$5:$A$12) -> 1 | L52: Demo + feedback | M52: NKG feedback logged | N52: 19 | O52: Not started | P52: 0 | Q52: =IF(AND(O52<>"Complete",I52<TODAY()),"OVERDUE","")
A53: PM-30 | B53: 3 Sprint 2 | C53: Delivery | D53: Sprint 2 planning | E53: Carry-over from Sprint 1; confirm parallel-run plan. | F53: Daphne Okwaro | G53: All | H53: 46321 | I53: 46321 | J53: =NETWORKDAYS(H53,I53,Holidays!$A$5:$A$12) -> 1 | K53: PM-21 | L53: Sprint 2 board | M53: Stories assigned | N53: 19 | O53: Not started | P53: 0 | Q53: =IF(AND(O53<>"Complete",I53<TODAY()),"OVERDUE","")
A54: DO-08 | B54: 3 Sprint 2 | C54: Intake | D54: F04 missing-feed, F05 reprocess, F06 lock snapshot | E54: F04 08:00 check → EX20; F05 Hub button; F06 locks month-end snapshot. | F54: Denis Otieno | H54: 46321 | I54: 46322 | J54: =NETWORKDAYS(H54,I54,Holidays!$A$5:$A$12) -> 2 | K54: DO-06 | L54: Flows F04–F06 | M54: Missing test feed raises EX20 | N54: 12.2 | O54: Not started | P54: 0 | Q54: =IF(AND(O54<>"Complete",I54<TODAY()),"OVERDUE","")
A55: DO-09 | B55: 3 Sprint 2 | C55: Engine | D55: Normalisation and mass balance | E55: Convert all positions to kg/eq60 with unit rules; opening + receipts − issues ± adjustments = closing per outturn. | F55: Denis Otieno | G55: Moses Masibo | H55: 46321 | I55: 46323 | J55: =NETWORKDAYS(H55,I55,Holidays!$A$5:$A$12) -> 3 | K55: DO-07 | L55: Engine step 1 | M55: T6 passes on test data | N55: 4.2–4.3 | O55: Not started | P55: 0 | Q55: =IF(AND(O55<>"Complete",I55<TODAY()),"OVERDUE","")
A56: DO-10 | B56: 3 Sprint 2 | C56: Engine | D56: L1 Physical vs XBS (F30) | E56: Compare count vs locked snapshot; attach RIs in order TIMING, LOCATION, CORRECTION-PENDING, UNIT-RULE, PACKING, PROVISIONAL, THIRD-PARTY, REMNANT; raise EX01/EX02. | F56: Denis Otieno | H56: 46322 | I56: 46324 | J56: =NETWORKDAYS(H56,I56,Holidays!$A$5:$A$12) -> 3 | K56: DO-09 | L56: L1 engine | M56: Worked example KCS7948 gives residual 0 | N56: 4.4, 8.3 | O56: Not started | P56: 0 | Q56: =IF(AND(O56<>"Complete",I56<TODAY()),"OVERDUE","")
A57: DO-11 | B57: 3 Sprint 2 | C57: Engine | D57: L2 XBS vs Comtras | E57: SNI add-back, provisional, registers; RIs DOWNGRADE, PURCHASE-PENDING, WRONG-BASKET, ROLLOVER, BRIC-PENDING, SHORT-DELIVERY; EX15. | F57: Denis Otieno | G57: Nicole Akinyi | H57: 46324 | I57: 46329 | J57: =NETWORKDAYS(H57,I57,Holidays!$A$5:$A$12) -> 4 | K57: DO-10 | L57: L2 engine | M57: T4 passes on test data | N57: 4.5 | O57: Not started | P57: 0 | Q57: =IF(AND(O57<>"Complete",I57<TODAY()),"OVERDUE","")
A58: DO-12 | B58: 3 Sprint 2 | C58: Engine | D58: L3 Baskets vs Contracts | E58: Basket balances vs contract open quantities incl. roll-over lineage. | F58: Denis Otieno | H58: 46328 | I58: 46330 | J58: =NETWORKDAYS(H58,I58,Holidays!$A$5:$A$12) -> 3 | K58: DO-11 | L58: L3 engine | M58: T5 passes | N58: 4.6 | O58: Not started | P58: 0 | Q58: =IF(AND(O58<>"Complete",I58<TODAY()),"OVERDUE","")
A59: DO-13 | B59: 3 Sprint 2 | C59: Rules | D59: F20 daily rules EX05–EX20 + upsert child flow | E59: Rule child flows return (rule, key, qty, details); upsert on alternate key; auto-close when cleared. | F59: Denis Otieno | G59: Jones Alukwe | H59: 46323 | I59: 46330 | J59: =NETWORKDAYS(H59,I59,Holidays!$A$5:$A$12) -> 6 | K59: DO-08 | L59: F20 + rules | M59: Each EX code fires and auto-closes on test data | N59: 8.5, 12.3 | O59: Not started | P59: 0 | Q59: =IF(AND(O59<>"Complete",I59<TODAY()),"OVERDUE","")
A60: DO-14 | B60: 3 Sprint 2 | C60: Automation | D60: F23 provisional auto-match, F28 correction posting check | E60: Close provisional on matching XBS receipt; mark corrections Posted from next snapshot or raise EX13. | F60: Denis Otieno | H60: 46329 | I60: 46331 | J60: =NETWORKDAYS(H60,I60,Holidays!$A$5:$A$12) -> 3 | K60: DO-11 | L60: Flows F23, F28 | M60: Test receipt closes provisional; unposted correction ages to EX13 | N60: 12.2 | O60: Not started | P60: 0 | Q60: =IF(AND(O60<>"Complete",I60<TODAY()),"OVERDUE","")
A61: NI-04 | B61: 3 Sprint 2 | C61: Power BI | D61: Power BI model | E61: Dataverse connection; FactStock, FactRecon, FactException, FactMovement; dims; Import + DirectQuery split. | F61: Nicole Akinyi | H61: 46321 | I61: 46323 | J61: =NETWORKDAYS(H61,I61,Holidays!$A$5:$A$12) -> 3 | K61: DO-03 | L61: PBIP in Git | M61: Model refreshes in DEV workspace | N61: 13.1 | O61: Not started | P61: 0 | Q61: =IF(AND(O61<>"Complete",I61<TODAY()),"OVERDUE","")
A62: NI-05 | B62: 3 Sprint 2 | C62: Power BI | D62: DAX measures | E62: Eq60 by source, Raw Diff, RI Total, Corrections, Residual, Residual OK, Count Accuracy %, Open/Overdue exceptions. | F62: Nicole Akinyi | H62: 46323 | I62: 46324 | J62: =NETWORKDAYS(H62,I62,Holidays!$A$5:$A$12) -> 2 | K62: NI-04 | L62: Measures | M62: Measures match hand-calculated test values | N62: 13.2 | O62: Not started | P62: 0 | Q62: =IF(AND(O62<>"Complete",I62<TODAY()),"OVERDUE","")
A63: NI-06 | B63: 3 Sprint 2 | C63: Power BI | D63: Eight report pages | E63: Executive, Stock position, Reconciliation waterfall, Exceptions, Count performance, Provisional & SNI, Third parties, Data quality. | F63: Nicole Akinyi | H63: 46324 | I63: 46330 | J63: =NETWORKDAYS(H63,I63,Holidays!$A$5:$A$12) -> 5 | K63: NI-05 | L63: Report | M63: Matches mockup 08; reviewed by PM | N63: 13.3 | O63: Not started | P63: 0 | Q63: =IF(AND(O63<>"Complete",I63<TODAY()),"OVERDUE","")
A64: NI-07 | B64: 3 Sprint 2 | C64: Power BI | D64: RLS, workspace app, embed | E64: RLS by department/warehouse; publish workspace app "NKG EA Stock Control"; embed in Control Centre with Jones. | F64: Nicole Akinyi | G64: Jones Alukwe | H64: 46330 | I64: 46331 | J64: =NETWORKDAYS(H64,I64,Holidays!$A$5:$A$12) -> 2 | K64: NI-06 | L64: Workspace app | M64: Role test: Logistics sees only Logistics pages | N64: 13.3 | O64: Not started | P64: 0 | Q64: =IF(AND(O64<>"Complete",I64<TODAY()),"OVERDUE","")
A65: NI-08 | B65: 3 Sprint 2 | C65: Reporting | D65: Month-end pack template (F32) | E65: Paginated report / Word template: residuals, waterfall, exceptions, corrections, sign-off history. | F65: Nicole Akinyi | G65: Jones Alukwe | H65: 46329 | I65: 46332 | J65: =NETWORKDAYS(H65,I65,Holidays!$A$5:$A$12) -> 4 | K65: NI-06 | L65: Pack template | M65: PDF generated from test period | N65: 12.2 | O65: Not started | P65: 0 | Q65: =IF(AND(O65<>"Complete",I65<TODAY()),"OVERDUE","")
A66: WI-06 | B66: 3 Sprint 2 | C66: Stock Take app | D66: S6 Location summary and close; F11 bulk submit | E66: Review lines, totals, edit before submit, close location; F11 for >50 lines. | F66: William Imo | H66: 46321 | I66: 46322 | J66: =NETWORKDAYS(H66,I66,Holidays!$A$5:$A$12) -> 2 | K66: WI-05 | L66: S6 + F11 | M66: Close writes lines and status in one action | N66: 9.4 | O66: Not started | P66: 0 | Q66: =IF(AND(O66<>"Complete",I66<TODAY()),"OVERDUE","")
A67: WI-07 | B67: 3 Sprint 2 | C67: Stock Take app | D67: Offline queue and sync (S9) | E67: LoadData/SaveData queue; 30-s timer sync; Failed state with reason; idempotent on stk_localid. | F67: William Imo | G67: Moses Masibo | H67: 46322 | I67: 46324 | J67: =NETWORKDAYS(H67,I67,Holidays!$A$5:$A$12) -> 3 | K67: WI-06 | L67: Offline sync | M67: AC-9.3: 100 offline lines sync with 0 duplicates, 0 loss | N67: 9.5 | O67: Not started | P67: 0 | Q67: =IF(AND(O67<>"Complete",I67<TODAY()),"OVERDUE","")
A68: WI-08 | B68: 3 Sprint 2 | C68: Stock Take app | D68: Smart warnings + F12 not-in-list alert | E68: Duplicate in location, counted elsewhere, implausible qty, pocket ≥ bag, closed location; F12 supervisor alert with photo. | F68: William Imo | H68: 46323 | I68: 46325 | J68: =NETWORKDAYS(H68,I68,Holidays!$A$5:$A$12) -> 3 | K68: WI-05 | L68: Warnings + F12 | M68: Each warning shown with test data | N68: 9.3.3 | O68: Not started | P68: 0 | Q68: =IF(AND(O68<>"Complete",I68<TODAY()),"OVERDUE","")
A69: WI-09 | B69: 3 Sprint 2 | C69: Stock Take app | D69: S7 Recount (double-blind), S8 100% issue/receive, S10 Help | E69: Recount task view; issue/receive during count; Help with rules card and Stock Assistant link. | F69: William Imo | H69: 46324 | I69: 46328 | J69: =NETWORKDAYS(H69,I69,Holidays!$A$5:$A$12) -> 3 | K69: WI-08 | L69: Screens S7, S8, S10 | M69: Recount goes to a different counter | N69: 9.2 | O69: Not started | P69: 0 | Q69: =IF(AND(O69<>"Complete",I69<TODAY()),"OVERDUE","")
A70: WI-10 | B70: 3 Sprint 2 | C70: Stock Take app | D70: Device and floor testing | E70: Test on NKG phones/tablets — models to confirm in far zones and Wi-Fi dead spots; glove test; font sizes. | F70: William Imo | G70: Frankie Omasaja | H70: 46329 | I70: 46331 | J70: =NETWORKDAYS(H70,I70,Holidays!$A$5:$A$12) -> 3 | K70: WI-07 | L70: Device test report | M70: No blocker on any device | N70: 9.1 | O70: Not started | P70: 0 | Q70: =IF(AND(O70<>"Complete",I70<TODAY()),"OVERDUE","")
A71: AN-05 | B71: 3 Sprint 2 | C71: Hub | D71: Assignments board and auto-balance | E71: Assign by zone; auto-balance by expected line count; block self-recount. | F71: Andrew Tanui | H71: 46321 | I71: 46322 | J71: =NETWORKDAYS(H71,I71,Holidays!$A$5:$A$12) -> 2 | K71: AN-04 | L71: Assignments board | M71: Balanced split for 98 locations | N71: 10.2 | O71: Not started | P71: 0 | Q71: =IF(AND(O71<>"Complete",I71<TODAY()),"OVERDUE","")
A72: AN-06 | B72: 3 Sprint 2 | C72: Hub | D72: Live monitor | E72: KPIs, floor map, progress by counter, in-XBS-not-counted, counted-not-in-XBS; 60-s refresh. | F72: Andrew Tanui | H72: 46322 | I72: 46324 | J72: =NETWORKDAYS(H72,I72,Holidays!$A$5:$A$12) -> 3 | K72: AN-05, WI-06 | L72: Live monitor | M72: AC-9.4: new line visible within 60 s | N72: 10.3 | O72: Not started | P72: 0 | Q72: =IF(AND(O72<>"Complete",I72<TODAY()),"OVERDUE","")
A73: AN-07 | B73: 3 Sprint 2 | C73: Hub | D73: F13 location variance check, recount and unidentified queues | E73: Compare with hidden expected; out of tolerance → recount to different counter; supervisor queues. | F73: Andrew Tanui | G73: Denis Otieno | H73: 46324 | I73: 46325 | J73: =NETWORKDAYS(H73,I73,Holidays!$A$5:$A$12) -> 2 | K73: AN-06 | L73: F13 + queues | M73: Out-of-tolerance location creates recount | N73: 10.4, 12.2 | O73: Not started | P73: 0 | Q73: =IF(AND(O73<>"Complete",I73<TODAY()),"OVERDUE","")
A74: AN-08 | B74: 3 Sprint 2 | C74: Hub | D74: Variance review, manual approvals, close count + F14 | E74: Supervisor actions with comment; close only when all closed/recounts done; F14 freezes lines and triggers L1. | F74: Andrew Tanui | G74: Denis Otieno | H74: 46328 | I74: 46329 | J74: =NETWORKDAYS(H74,I74,Holidays!$A$5:$A$12) -> 2 | K74: AN-07, DO-10 | L74: Review + close | M74: AC-9.5: close to L1 with no manual step | N74: 10.4–10.5 | O74: Not started | P74: 0 | Q74: =IF(AND(O74<>"Complete",I74<TODAY()),"OVERDUE","")
A75: AN-09 | B75: 3 Sprint 2 | C75: Hub | D75: Third-party confirmations + F15 | E75: Balance statements M−5, capture replies, chase M−3, escalate M−2, EX10/EX11. | F75: Andrew Tanui | H75: 46330 | I75: 46331 | J75: =NETWORKDAYS(H75,I75,Holidays!$A$5:$A$12) -> 2 | K75: DO-13 | L75: Screen + F15 | M75: Test third party with difference creates RI-THIRD-PARTY | N75: 10.6 | O75: Not started | P75: 0 | Q75: =IF(AND(O75<>"Complete",I75<TODAY()),"OVERDUE","")
A76: AN-10 | B76: 3 Sprint 2 | C76: Hub | D76: Registers + F24, Imports & load log, Audit | E76: Disputed, franchise, ex-office, sweepings, loose bags, lights; release actions; upload-to-Incoming fallback; audit view. | F76: Andrew Tanui | H76: 46331 | I76: 46332 | J76: =NETWORKDAYS(H76,I76,Holidays!$A$5:$A$12) -> 2 | K76: AN-09 | L76: Screens + F24 | M76: Release creates correction where required | N76: 10.7, 10.9 | O76: Not started | P76: 0 | Q76: =IF(AND(O76<>"Complete",I76<TODAY()),"OVERDUE","")
A77: JO-04 | B77: 3 Sprint 2 | C77: Control Centre | D77: Contracts lineage + F26, provisional pipeline views | E77: Contract form with allocations, relief, amendments; roll-over lineage; provisional stages and ageing. | F77: Jones Alukwe | H77: 46321 | I77: 46322 | J77: =NETWORKDAYS(H77,I77,Holidays!$A$5:$A$12) -> 2 | K77: JO-02 | L77: Forms + F26 | M77: Roll-over test links successor contract | N77: 11.4–11.5 | O77: Not started | P77: 0 | Q77: =IF(AND(O77<>"Complete",I77<TODAY()),"OVERDUE","")
A78: JO-05 | B78: 3 Sprint 2 | C78: Control Centre | D78: Exception register + F21 notifications | E78: Views (my, team, overdue, closed); SLA timer; comments table; resolution codes; F21 owner alerts, 16:00 reminders, escalation. | F78: Jones Alukwe | H78: 46322 | I78: 46324 | J78: =NETWORKDAYS(H78,I78,Holidays!$A$5:$A$12) -> 3 | K78: DO-13 | L78: Register + F21 | M78: Overdue test exception escalates to manager | N78: 11.8 | O78: Not started | P78: 0 | Q78: =IF(AND(O78<>"Complete",I78<TODAY()),"OVERDUE","")
A79: JO-06 | B79: 3 Sprint 2 | C79: Control Centre | D79: Reconciliation workspace (custom page) | E79: Tabs L1/L2/L3; tiles raw/RIs/corrections/residual; drill grid; side panel (RIs, exceptions, comments); Attach RI, Propose correction, Re-run. | F79: Jones Alukwe | G79: Denis Otieno | H79: 46323 | I79: 46329 | J79: =NETWORKDAYS(H79,I79,Holidays!$A$5:$A$12) -> 5 | K79: DO-10 | L79: Workspace | M79: Matches mockup 04 with live DEV data | N79: 11.6 | O79: Not started | P79: 0 | Q79: =IF(AND(O79<>"Complete",I79<TODAY()),"OVERDUE","")
A80: JO-07 | B80: 3 Sprint 2 | C80: Control Centre | D80: Corrections + approval matrix + F27 batch | E80: Correction form, SoD (proposer ≠ approver), approval by type/value, weekly Excel batch per system owner. | F80: Jones Alukwe | H80: 46328 | I80: 46329 | J80: =NETWORKDAYS(H80,I80,Holidays!$A$5:$A$12) -> 2 | K80: JO-05 | L80: Corrections + F27 | M80: Same-user approval is blocked | N80: 11.9, 15.2 | O80: Not started | P80: 0 | Q80: =IF(AND(O80<>"Complete",I80<TODAY()),"OVERDUE","")
A81: JO-08 | B81: 3 Sprint 2 | C81: Control Centre | D81: Downgrade worksheet + F25; SNI/shorts views; feedback log | E81: Monthly Low Grade candidates; approval creates mapping versions + basket-transfer correction. | F81: Jones Alukwe | G81: Nicole Akinyi | H81: 46329 | I81: 46330 | J81: =NETWORKDAYS(H81,I81,Holidays!$A$5:$A$12) -> 2 | K81: JO-03 | L81: Worksheet + views | M81: Approved downgrade shows RI-DOWNGRADE in L2 | N81: 11.3, 11.7, 11.10 | O81: Not started | P81: 0 | Q81: =IF(AND(O81<>"Complete",I81<TODAY()),"OVERDUE","")
A82: JO-09 | B82: 3 Sprint 2 | C82: Control Centre | D82: Sign-off BPF + F31 gate/lock + F32 trigger | E82: Six stages with automatic gate checks; final locks period and publishes pack. | F82: Jones Alukwe | G82: Nicole Akinyi | H82: 46330 | I82: 46332 | J82: =NETWORKDAYS(H82,I82,Holidays!$A$5:$A$12) -> 3 | K82: JO-06, NI-08 | L82: Sign-off BPF | M82: UAT-06: sign-off blocked while residual ≠ 0 | N82: 11.11 | O82: Not started | P82: 0 | Q82: =IF(AND(O82<>"Complete",I82<TODAY()),"OVERDUE","")
A83: JO-10 | B83: 3 Sprint 2 | C83: Copilot | D83: Stock Assistant set-up + topics T1–T5 | E83: Agent in DEV, Entra auth, STK-Knowledge library, read-only actions; topics: where is outturn, why variance, count progress, my exceptions, explain a rule. | F83: Jones Alukwe | G83: Nicole Akinyi | H83: 46328 | I83: 46332 | J83: =NETWORKDAYS(H83,I83,Holidays!$A$5:$A$12) -> 5 | K83: JO-01, DO-10 | L83: Agent with T1–T5 | M83: T1–T5 answer test questions correctly | N83: 14 | O83: Not started | P83: 0 | Q83: =IF(AND(O83<>"Complete",I83<TODAY()),"OVERDUE","")
A84: MO-10 | B84: 3 Sprint 2 | C84: Architecture | D84: Engine design review | E84: Review L1–L3 order, RI taxonomy implementation and idempotency with Denis. | F84: Moses Masibo | G84: Denis Otieno | H84: 46323 | I84: 46324 | J84: =NETWORKDAYS(H84,I84,Holidays!$A$5:$A$12) -> 2 | K84: DO-10 | L84: Review notes | M84: Issues fixed before SIT | N84: 4, 8.3 | O84: Not started | P84: 0 | Q84: =IF(AND(O84<>"Complete",I84<TODAY()),"OVERDUE","")
A85: MO-11 | B85: 3 Sprint 2 | C85: Operations | D85: F40 health check, F41 housekeeping, Teams STK Support channel | E85: Hourly health check; weekly archive; alert channel. | F85: Moses Masibo | H85: 46328 | I85: 46330 | J85: =NETWORKDAYS(H85,I85,Holidays!$A$5:$A$12) -> 3 | K85: MO-09 | L85: Flows F40–F41 | M85: Turned-off test flow raises alert | N85: 12.2 | O85: Not started | P85: 0 | Q85: =IF(AND(O85<>"Complete",I85<TODAY()),"OVERDUE","")
A86: MO-12 | B86: 3 Sprint 2 | C86: Code review | D86: Pull-request reviews (ongoing) | E86: Review every PR within 1 working day; enforce naming, no hard-coded values, error handling. | F86: Moses Masibo | H86: 46307 | I86: 46332 | J86: =NETWORKDAYS(H86,I86,Holidays!$A$5:$A$12) -> 19 | K86: MO-05 | L86: Merged PRs | M86: No PR older than 1 day | N86: 16.3, App. D | O86: Not started | P86: 0 | Q86: =IF(AND(O86<>"Complete",I86<TODAY()),"OVERDUE","")
A87: FR-03 | B87: 4 SIT | C87: Testing | D87: Execute SIT scripts (rolling as features land) | E87: Run scripts per area as each feature is merged; log defects; retest fixes. | F87: Frankie Omasaja | G87: Nicole Akinyi | H87: 46321 | I87: 46332 | J87: =NETWORKDAYS(H87,I87,Holidays!$A$5:$A$12) -> 10 | K87: FR-02 | L87: SIT results + defect log | M87: All scripts executed; 0 open Sev 1/2 | N87: 18 | O87: Not started | P87: 0 | Q87: =IF(AND(O87<>"Complete",I87<TODAY()),"OVERDUE","")
A88: PM-31 | B88: 4 SIT | C88: Parallel run | D88: Plan October month-end parallel run | E88: Agree with Operations: counters, zones, dates (count Mon 2 – Wed 4 Nov), devices, QR labels on bays, fallback to current process. | F88: Daphne Okwaro | G88: Andrew Tanui, William Imo | H88: 46321 | I88: 46325 | J88: =NETWORKDAYS(H88,I88,Holidays!$A$5:$A$12) -> 5 | K88: PM-30 | L88: Parallel-run plan | M88: Ops manager agreed | N88: 18.1 | O88: Not started | P88: 0 | Q88: =IF(AND(O88<>"Complete",I88<TODAY()),"OVERDUE","")
A89: AN-11 | B89: 4 SIT | C89: Parallel run | D89: Print and fix QR labels on bays for parallel run | E89: Generate and print labels; fix on bays with warehouse team. | F89: Andrew Tanui | G89: William Imo | H89: 46324 | I89: 46325 | J89: =NETWORKDAYS(H89,I89,Holidays!$A$5:$A$12) -> 2 | K89: AN-03 | L89: Labels on bays | M89: All bays in scope labelled | N89: 10.8 | O89: Not started | P89: 0 | Q89: =IF(AND(O89<>"Complete",I89<TODAY()),"OVERDUE","")
A90: DO-15 | B90: 4 SIT | C90: Parallel run | D90: Load October month-end snapshots into UAT and lock | E90: Day 1 feeds (Sun 1 Nov) loaded and locked; stock take created. | F90: Denis Otieno | G90: Andrew Tanui | H90: 46328 | I90: 46328 | J90: =NETWORKDAYS(H90,I90,Holidays!$A$5:$A$12) -> 1 | K90: DO-08, MO-09 | L90: Locked snapshot | M90: Wizard pre-checks all green | N90: 5.2 | O90: Not started | P90: 0 | Q90: =IF(AND(O90<>"Complete",I90<TODAY()),"OVERDUE","")
A91: WI-11 | B91: 4 SIT | C91: Parallel run | D91: Floor support during parallel count | E91: On the floor with counters; capture issues; quick fixes. | F91: William Imo | G91: Andrew Tanui | H91: 46328 | I91: 46330 | J91: =NETWORKDAYS(H91,I91,Holidays!$A$5:$A$12) -> 3 | K91: DO-15 | L91: Issue list | M91: Count completed in new app | N91: — | O91: Not started | P91: 0 | Q91: =IF(AND(O91<>"Complete",I91<TODAY()),"OVERDUE","")
A92: DO-16 | B92: 4 SIT | C92: Parallel run | D92: Run L1–L3 on October data and reconcile | E92: Close count → L1; L2/L3 on month-end feeds; work residual with Finance/Ops. | F92: Denis Otieno | G92: Nicole Akinyi | H92: 46330 | I92: 46332 | J92: =NETWORKDAYS(H92,I92,Holidays!$A$5:$A$12) -> 3 | K92: WI-11 | L92: Recon results | M92: Residual explained to 0 or items listed | N92: 4, 18.2 | O92: Not started | P92: 0 | Q92: =IF(AND(O92<>"Complete",I92<TODAY()),"OVERDUE","")
A93: NI-09 | B93: 4 SIT | C93: Parallel run | D93: Parallel-run comparison report | E93: Compare manual vs new solution: variances found, explanations, time taken (T9). | F93: Nicole Akinyi | G93: Daphne Okwaro | H93: 46330 | I93: 46332 | J93: =NETWORKDAYS(H93,I93,Holidays!$A$5:$A$12) -> 3 | K93: DO-16 | L93: Comparison report | M93: Shared with NKG sponsors | N93: 18.2 T9 | O93: Not started | P93: 0 | Q93: =IF(AND(O93<>"Complete",I93<TODAY()),"OVERDUE","")
A94: DO-17 | B94: 4 SIT | C94: Testing | D94: Tie-outs T1–T8 and T10 | E94: Completeness, mapping coverage, L1, L2, L3, mass balance, repeatability, timeliness; evidence in Git /test. | F94: Denis Otieno | G94: Nicole Akinyi | H94: 46328 | I94: 46332 | J94: =NETWORKDAYS(H94,I94,Holidays!$A$5:$A$12) -> 5 | K94: DO-12 | L94: Tie-out evidence | M94: All = 0 difference | N94: 18.2 | O94: Not started | P94: 0 | Q94: =IF(AND(O94<>"Complete",I94<TODAY()),"OVERDUE","")
A95: NI-10 | B95: 4 SIT | C95: Testing | D95: T7 report vs source tie-out | E95: Every Power BI total vs Dataverse query total. | F95: Nicole Akinyi | H95: 46331 | I95: 46332 | J95: =NETWORKDAYS(H95,I95,Holidays!$A$5:$A$12) -> 2 | K95: NI-06 | L95: T7 evidence | M95: 0 difference | N95: 18.2 | O95: Not started | P95: 0 | Q95: =IF(AND(O95<>"Complete",I95<TODAY()),"OVERDUE","")
A96: MO-13 | B96: 4 SIT | C96: Testing | D96: Performance and security tests | E96: Volume test (50k XBS lines, 20k count lines); SEC-01..05 role tests. | F96: Moses Masibo | G96: Frankie Omasaja | H96: 46329 | I96: 46332 | J96: =NETWORKDAYS(H96,I96,Holidays!$A$5:$A$12) -> 4 | K96: MO-08 | L96: Test results | M96: NFR-01/02/03 met; roles pass | N96: 17, 18 | O96: Not started | P96: 0 | Q96: =IF(AND(O96<>"Complete",I96<TODAY()),"OVERDUE","")
A97: PM-32 | B97: 4 SIT | C97: Delivery | D97: Sprint 2 review / SIT exit | E97: Demo full flow; review SIT and parallel-run results; go/no-go for UAT. | F97: Daphne Okwaro | G97: All | H97: 46332 | I97: 46332 | J97: =NETWORKDAYS(H97,I97,Holidays!$A$5:$A$12) -> 1 | K97: FR-03 | L97: SIT exit note | M97: UAT entry approved | N97: 18.4 | O97: Not started | P97: 0 | Q97: =IF(AND(O97<>"Complete",I97<TODAY()),"OVERDUE","")
A98: PM-40 | B98: 5 Training | C98: Training | D98: Training plan, schedule and invites | E98: Sessions per audience; Digitization Project Team Boardroom / Teams; attendance list. | F98: Daphne Okwaro | G98: Frankie Omasaja | H98: 46324 | I98: 46332 | J98: =NETWORKDAYS(H98,I98,Holidays!$A$5:$A$12) -> 7 | L98: Training schedule + invites | M98: Invites accepted | N98: 21 | O98: Not started | P98: 0 | Q98: =IF(AND(O98<>"Complete",I98<TODAY()),"OVERDUE","")
A99: FR-04 | B99: 5 Training | C99: Documentation | D99: User guides and quick reference cards | E99: Counter card (laminated), supervisor, Ops admin, Trade/QC/Logistics, Finance/Management guides from developer inputs. | F99: Frankie Omasaja | G99: William Imo, Andrew Tanui, Jones Alukwe | H99: 46328 | I99: 46336 | J99: =NETWORKDAYS(H99,I99,Holidays!$A$5:$A$12) -> 7 | K99: PM-32 | L99: Guides + cards | M99: Reviewed by PM | N99: 21 | O99: Not started | P99: 0 | Q99: =IF(AND(O99<>"Complete",I99<TODAY()),"OVERDUE","")
A100: JO-11 | B100: 5 Training | C100: Copilot | D100: Topics T6–T10 + evaluation set | E100: Contract status, provisional status, summarise comments, draft correction note, month-end readiness; run ~30-question evaluation built with Nicole. | F100: Jones Alukwe | G100: Nicole Akinyi | H100: 46335 | I100: 46337 | J100: =NETWORKDAYS(H100,I100,Holidays!$A$5:$A$12) -> 3 | K100: JO-10, NI-09 | L100: Agent T1–T10 + eval results | M100: ≥ 90% correct; 100% on numbers | N100: 14.4 | O100: Not started | P100: 0 | Q100: =IF(AND(O100<>"Complete",I100<TODAY()),"OVERDUE","")
A101: JO-12 | B101: 5 Training | C101: Copilot | D101: Publish Stock Assistant to Teams (UAT) | E101: Teams channel publish; Control Centre side pane; Help link in app. | F101: Jones Alukwe | G101: Moses Masibo | H101: 46338 | I101: 46339 | J101: =NETWORKDAYS(H101,I101,Holidays!$A$5:$A$12) -> 2 | K101: JO-11 | L101: Published agent | M101: Available to UAT users | N101: 14 | O101: Not started | P101: 0 | Q101: =IF(AND(O101<>"Complete",I101<TODAY()),"OVERDUE","")
...

Sheet Next Week 12-16 Oct
A1: Next week, day by day (Mon 12 – Fri 16 Oct)
A2: Daily stand-up 09:00. Design walkthrough with NKG on Tue 13 Oct.
A4: Person | B4: Mon 12 Oct | C4: Tue 13 Oct | D4: Wed 14 Oct | E4: Thu 15 Oct | F4: Fri 16 Oct
A5: Daphne Okwaro | B5: Sprint 1 planning 09:30; circulate BRD/spec/mockups (PM-11); send feed request (PM-15); NKG IT licensing email (PM-16) | C5: Create decision log; book calls with OD owners; prepare walkthrough deck | D5: Design walkthrough with NKG (PM-13); log feedback | E5: Chase feed samples and decisions; update BRD/spec to V1.2 | F5: Collect sign-offs (PM-14); steering check-in; weekly status #3
A6: Moses Masibo | B6: ITB inventory: export solution and flows (MO-01); request environments (MO-03) | C6: Finish ITB inventory; Git repo set-up (MO-05); ownership-transfer plan (MO-02) | D6: Walkthrough with NKG; create publisher + solutions (MO-04) | E6: Data-model review with Denis (MO-06); env-variable standards | F6: Mailbox/SharePoint with NKG IT (MO-07); approve ERD
A7: Denis Otieno | B7: Review ITB dataflows (DO-01); support feed request | C7: Finish dataflow review; list reusable logic | D7: Draft intake templates (DO-02); data-model review prep | E7: Data-model review with Moses; start Dataverse tables (DO-03) | F7: Templates agreed with owners; continue tables
A8: Nicole Akinyi | B8: Prepare profiling checklist; support decision log | C8: Profile first sample files received (NI-01) | D8: Continue profiling; issues list to owners | E8: Start mapping coverage analysis (NI-02) | F8: Profiling report final; coverage first cut
A9: William Imo | B9: Review ITB Stock Take app (WI-01) | C9: Finish review; start component library (WI-02) | D9: Walkthrough demo support; finish component library | E9: S1 Sign-in and version check (WI-03) | F9: S2 Home; demo at stand-up
A10: Andrew Tanui | B10: Review ITB Stock Management app (AN-01) | C10: Finish review; help William with component library | D10: Walkthrough demo support; plan Hub screens | E10: Admin screens: warehouses, grades (AN-02) | F10: Admin: packing types, unit rules, config editor
A11: Jones Alukwe | B11: Copilot Studio and model-driven readiness check (JO-01) | C11: Finish readiness note; draft site map | D11: Walkthrough demo support (mockups 04–07, 09) | E11: Model-driven app shell: site map (JO-02) | F11: Master-data forms and views
A12: Frankie Omasaja | B12: Read BRD, spec and mockups; set up defect log | C12: Test strategy draft (FR-01) | D12: Walkthrough: capture questions as test cases | E12: SIT script template per area | F12: Test strategy approved by PM

Sheet Gantt
A1: Gantt (weekly)
A2: Bars fill from Master Plan dates. Dark green = complete; light green = planned; red = overdue.
A4: ID | B4: Task | C4: Owner | D4: Start | E4: End | F4: Status | G4: 46293 | H4: 46300 | I4: 46307 | J4: 46314 | K4: 46321 | L4: 46328 | M4: 46335 | N4: 46342 | O4: 46349 | P4: 46356 | Q4: 46363 | R4: 46370
A5: =IF('Master Plan'!A5="","",'Master Plan'!A5) -> PM-01 | B5: =IF('Master Plan'!D5="","",'Master Plan'!D5) -> Project kick-off and warehouse walk-through | C5: =IF('Master Plan'!F5="","",'Master Plan'!F5) -> Daphne Okwaro | D5: =IF('Master Plan'!H5="","",'Master Plan'!H5) -> 46296 | E5: =IF('Master Plan'!I5="","",'Master Plan'!I5) -> 46296 | F5: =IF('Master Plan'!O5="","",'Master Plan'!O5) -> Complete
A6: =IF('Master Plan'!A6="","",'Master Plan'!A6) -> PM-02 | B6: =IF('Master Plan'!D6="","",'Master Plan'!D6) -> Discovery sessions: Finance, Warehouse & Operations, Trade & QC, Logistics | C6: =IF('Master Plan'!F6="","",'Master Plan'!F6) -> Daphne Okwaro | D6: =IF('Master Plan'!H6="","",'Master Plan'!H6) -> 46297 | E6: =IF('Master Plan'!I6="","",'Master Plan'!I6) -> 46303 | F6: =IF('Master Plan'!O6="","",'Master Plan'!O6) -> Complete
A7: =IF('Master Plan'!A7="","",'Master Plan'!A7) -> PM-03 | B7: =IF('Master Plan'!D7="","",'Master Plan'!D7) -> BRD V1.1 (red = items to confirm) | C7: =IF('Master Plan'!F7="","",'Master Plan'!F7) -> Daphne Okwaro | D7: =IF('Master Plan'!H7="","",'Master Plan'!H7) -> 46300 | E7: =IF('Master Plan'!I7="","",'Master Plan'!I7) -> 46304 | F7: =IF('Master Plan'!O7="","",'Master Plan'!O7) -> Complete
A8: =IF('Master Plan'!A8="","",'Master Plan'!A8) -> PM-04 | B8: =IF('Master Plan'!D8="","",'Master Plan'!D8) -> Developer Build Specification V1.0 + screen mockups | C8: =IF('Master Plan'!F8="","",'Master Plan'!F8) -> Daphne Okwaro | D8: =IF('Master Plan'!H8="","",'Master Plan'!H8) -> 46302 | E8: =IF('Master Plan'!I8="","",'Master Plan'!I8) -> 46304 | F8: =IF('Master Plan'!O8="","",'Master Plan'!O8) -> Complete
A9: =IF('Master Plan'!A9="","",'Master Plan'!A9) -> PM-05 | B9: =IF('Master Plan'!D9="","",'Master Plan'!D9) -> System access request sent (NKG emails, Power Platform, Git, ITB environment) | C9: =IF('Master Plan'!F9="","",'Master Plan'!F9) -> Daphne Okwaro | D9: =IF('Master Plan'!H9="","",'Master Plan'!H9) -> 46300 | E9: =IF('Master Plan'!I9="","",'Master Plan'!I9) -> 46301 | F9: =IF('Master Plan'!O9="","",'Master Plan'!O9) -> Complete
A10: =IF('Master Plan'!A10="","",'Master Plan'!A10) -> PM-06 | B10: =IF('Master Plan'!D10="","",'Master Plan'!D10) -> Weekly status report #1 | C10: =IF('Master Plan'!F10="","",'Master Plan'!F10) -> Daphne Okwaro | D10: =IF('Master Plan'!H10="","",'Master Plan'!H10) -> 46297 | E10: =IF('Master Plan'!I10="","",'Master Plan'!I10) -> 46297 | F10: =IF('Master Plan'!O10="","",'Master Plan'!O10) -> Complete
A11: =IF('Master Plan'!A11="","",'Master Plan'!A11) -> PM-10 | B11: =IF('Master Plan'!D11="","",'Master Plan'!D11) -> Weekly status report #2 | C11: =IF('Master Plan'!F11="","",'Master Plan'!F11) -> Daphne Okwaro | D11: =IF('Master Plan'!H11="","",'Master Plan'!H11) -> 46304 | E11: =IF('Master Plan'!I11="","",'Master Plan'!I11) -> 46304 | F11: =IF('Master Plan'!O11="","",'Master Plan'!O11) -> In progress
A12: =IF('Master Plan'!A12="","",'Master Plan'!A12) -> PM-11 | B12: =IF('Master Plan'!D12="","",'Master Plan'!D12) -> Circulate BRD V1.1, Build Spec and mockups to NKG for review | C12: =IF('Master Plan'!F12="","",'Master Plan'!F12) -> Daphne Okwaro | D12: =IF('Master Plan'!H12="","",'Master Plan'!H12) -> 46307 | E12: =IF('Master Plan'!I12="","",'Master Plan'!I12) -> 46307 | F12: =IF('Master Plan'!O12="","",'Master Plan'!O12) -> Not started
A13: =IF('Master Plan'!A13="","",'Master Plan'!A13) -> PM-12 | B13: =IF('Master Plan'!D13="","",'Master Plan'!D13) -> Open-decision log OD1–OD9 (red items) | C13: =IF('Master Plan'!F13="","",'Master Plan'!F13) -> Daphne Okwaro | D13: =IF('Master Plan'!H13="","",'Master Plan'!H13) -> 46307 | E13: =IF('Master Plan'!I13="","",'Master Plan'!I13) -> 46311 | F13: =IF('Master Plan'!O13="","",'Master Plan'!O13) -> Not started
A14: =IF('Master Plan'!A14="","",'Master Plan'!A14) -> PM-13 | B14: =IF('Master Plan'!D14="","",'Master Plan'!D14) -> Design walkthrough with NKG (mockups + zero-variance model) | C14: =IF('Master Plan'!F14="","",'Master Plan'!F14) -> Daphne Okwaro | D14: =IF('Master Plan'!H14="","",'Master Plan'!H14) -> 46308 | E14: =IF('Master Plan'!I14="","",'Master Plan'!I14) -> 46308 | F14: =IF('Master Plan'!O14="","",'Master Plan'!O14) -> Not started
A15: =IF('Master Plan'!A15="","",'Master Plan'!A15) -> PM-14 | B15: =IF('Master Plan'!D15="","",'Master Plan'!D15) -> Obtain BRD and design sign-off | C15: =IF('Master Plan'!F15="","",'Master Plan'!F15) -> Daphne Okwaro | D15: =IF('Master Plan'!H15="","",'Master Plan'!H15) -> 46309 | E15: =IF('Master Plan'!I15="","",'Master Plan'!I15) -> 46311 | F15: =IF('Master Plan'!O15="","",'Master Plan'!O15) -> Not started
A16: =IF('Master Plan'!A16="","",'Master Plan'!A16) -> PM-15 | B16: =IF('Master Plan'!D16="","",'Master Plan'!D16) -> Formal data-feed request to XBS and Comtras/BRIC owners | C16: =IF('Master Plan'!F16="","",'Master Plan'!F16) -> Daphne Okwaro | D16: =IF('Master Plan'!H16="","",'Master Plan'!H16) -> 46307 | E16: =IF('Master Plan'!I16="","",'Master Plan'!I16) -> 46309 | F16: =IF('Master Plan'!O16="","",'Master Plan'!O16) -> Not started
... A130: =IF('Master Plan'!A130="","",'Master Plan'!A130) -> PM-70 | B130: =IF('Master Plan'!D130="","",'Master Plan'!D130) -> Final acceptance and project close | C130: =IF('Master Plan'!F130="","",'Master Plan'!F130) -> Daphne Okwaro | D130: =IF('Master Plan'!H130="","",'Master Plan'!H130) -> 46370 | E130: =IF('Master Plan'!I130="","",'Master Plan'!I130) -> 46373 | F130: =IF('Master Plan'!O130="","",'Master Plan'!O130) -> Not started

Sheet Milestones
A1: Milestones
A2: Days to go counts calendar days from today.
A4: # | B4: Milestone | C4: Date | D4: Owner | E4: Status | F4: Days to go
A5: 1 | B5: Discovery complete | C5: 46304 | D5: Daphne Okwaro | E5: Complete | F5: =IF(E5="Complete","—",C5-TODAY()) -> —
A6: 2 | B6: BRD and design signed off | C6: 46311 | D6: Daphne Okwaro | E6: Planned | F6: =IF(E6="Complete","—",C6-TODAY()) -> 7
A7: 3 | B7: All open decisions OD1–OD9 closed | C7: 46318 | D7: Daphne Okwaro | E7: Planned | F7: =IF(E7="Complete","—",C7-TODAY()) -> 14
A8: 4 | B8: Feeds arriving automatically in DEV mailbox | C8: 46316 | D8: Denis Otieno | E8: Planned | F8: =IF(E8="Complete","—",C8-TODAY()) -> 12
A9: 5 | B9: Sprint 1 demo | C9: 46318 | D9: Daphne Okwaro | E9: Planned | F9: =IF(E9="Complete","—",C9-TODAY()) -> 14
A10: 6 | B10: October parallel count (count 2–4 Nov) | C10: 46330 | D10: Daphne Okwaro | E10: Planned | F10: =IF(E10="Complete","—",C10-TODAY()) -> 26
A11: 7 | B11: Sprint 2 demo / SIT exit | C11: 46332 | D11: Daphne Okwaro | E11: Planned | F11: =IF(E11="Complete","—",C11-TODAY()) -> 28
A12: 8 | B12: Training complete | C12: 46339 | D12: Daphne Okwaro | E12: Planned | F12: =IF(E12="Complete","—",C12-TODAY()) -> 35
A13: 9 | B13: UAT signed off + go/no-go | C13: 46353 | D13: Daphne Okwaro | E13: Planned | F13: =IF(E13="Complete","—",C13-TODAY()) -> 49
A14: 10 | B14: PROD final deployment | C14: 46356 | D14: Moses Masibo | E14: Planned | F14: =IF(E14="Complete","—",C14-TODAY()) -> 52
A15: 11 | B15: First live count closed (November) | C15: 46359 | D15: Daphne Okwaro | E15: Planned | F15: =IF(E15="Complete","—",C15-TODAY()) -> 55
A16: 12 | B16: First sign-off with residual = 0 (WD7) | C16: 46365 | D16: Daphne Okwaro | E16: Planned | F16: =IF(E16="Complete","—",C16-TODAY()) -> 61
... A18: 14 | B18: Final acceptance / go-live (business case) | C18: 46373 | D18: Daphne Okwaro | E18: Planned | F18: =IF(E18="Complete","—",C18-TODAY()) -> 69

Sheet NKG Actions
A1: What we need from NKG
A2: Send this list with the weekly status. Late items push the dependent task.
A4: ID | B4: What we need | C4: NKG owner | D4: Needed by | E4: Blocks our task | F4: Our task owner | G4: Status | H4: Days late
A5: NK-01 | B5: Review BRD V1.1, spec and mockups; send comments | C5: Carol, Maina, Mathew, Denis Koech, department leads | D5: 46309 | E5: PM-11 | F5: =INDEX('Master Plan'!$F$5:$F$130,MATCH(E5,'Master Plan'!$A$5:$A$130,0)) -> Daphne Okwaro | G5: Requested | H5: =IF(AND(G5<>"Received",TODAY()>D5),TODAY()-D5,"")
A6: NK-02 | B6: OD1 Cut-off rule (last 3 days posting window vs Day 1 download) | C6: Finance + Operations | D6: 46311 | E6: PM-12 | F6: =INDEX('Master Plan'!$F$5:$F$130,MATCH(E6,'Master Plan'!$A$5:$A$130,0)) -> Daphne Okwaro | G6: Requested | H6: =IF(AND(G6<>"Received",TODAY()>D6),TODAY()-D6,"")
A7: NK-03 | B7: OD2 Unit rule for pockets and lights | C7: Warehouse (Luis Brian) | D7: 46311 | E7: PM-12 | F7: =INDEX('Master Plan'!$F$5:$F$130,MATCH(E7,'Master Plan'!$A$5:$A$130,0)) -> Daphne Okwaro | G7: Requested | H7: =IF(AND(G7<>"Received",TODAY()>D7),TODAY()-D7,"")
A8: NK-04 | B8: OD3 Low Grade posting method in Comtras/BRIC | C8: Finance + Trade | D8: 46311 | E8: PM-12 | F8: =INDEX('Master Plan'!$F$5:$F$130,MATCH(E8,'Master Plan'!$A$5:$A$130,0)) -> Daphne Okwaro | G8: Requested | H8: =IF(AND(G8<>"Received",TODAY()>D8),TODAY()-D8,"")
A9: NK-05 | B9: OD4 Where provisional stock is shown | C9: Trade + Finance | D9: 46311 | E9: PM-12 | F9: =INDEX('Master Plan'!$F$5:$F$130,MATCH(E9,'Master Plan'!$A$5:$A$130,0)) -> Daphne Okwaro | G9: Requested | H9: =IF(AND(G9<>"Received",TODAY()>D9),TODAY()-D9,"")
A10: NK-06 | B10: OD5 Count tolerance (proposed 0 eq60) | C10: Operations | D10: 46311 | E10: PM-12 | F10: =INDEX('Master Plan'!$F$5:$F$130,MATCH(E10,'Master Plan'!$A$5:$A$130,0)) -> Daphne Okwaro | G10: Requested | H10: =IF(AND(G10<>"Received",TODAY()>D10),TODAY()-D10,"")
A11: NK-07 | B11: OD6 Write-off approval thresholds | C11: Finance | D11: 46318 | E11: PM-12 | F11: =INDEX('Master Plan'!$F$5:$F$130,MATCH(E11,'Master Plan'!$A$5:$A$130,0)) -> Daphne Okwaro | G11: Requested | H11: =IF(AND(G11<>"Received",TODAY()>D11),TODAY()-D11,"")
A12: NK-08 | B12: OD7 Sign-off order and signatories | C12: Finance | D12: 46318 | E12: PM-12 | F12: =INDEX('Master Plan'!$F$5:$F$130,MATCH(E12,'Master Plan'!$A$5:$A$130,0)) -> Daphne Okwaro | G12: Requested | H12: =IF(AND(G12<>"Received",TODAY()>D12),TODAY()-D12,"")
A13: NK-09 | B13: OD8 Copilot Studio approval and licensing | C13: NKG IT | D13: 46318 | E13: PM-12 | F13: =INDEX('Master Plan'!$F$5:$F$130,MATCH(E13,'Master Plan'!$A$5:$A$130,0)) -> Daphne Okwaro | G13: Requested | H13: =IF(AND(G13<>"Received",TODAY()>D13),TODAY()-D13,"")
A14: NK-10 | B14: OD9 Licences (Premium), service account, DEV/UAT/PROD environments | C14: NKG IT | D14: 46311 | E14: PM-16 | F14: =INDEX('Master Plan'!$F$5:$F$130,MATCH(E14,'Master Plan'!$A$5:$A$130,0)) -> Daphne Okwaro | G14: Requested | H14: =IF(AND(G14<>"Received",TODAY()>D14),TODAY()-D14,"")
A15: NK-11 | B15: Sample files for every feed (XBS stock & movements, 526, 537, contracts, SNI, provisional, third-party) | C15: XBS and Comtras/BRIC owners, Logistics | D15: 46309 | E15: PM-15 | F15: =INDEX('Master Plan'!$F$5:$F$130,MATCH(E15,'Master Plan'!$A$5:$A$130,0)) -> Daphne Okwaro | G15: Requested | H15: =IF(AND(G15<>"Received",TODAY()>D15),TODAY()-D15,"")
A16: NK-12 | B16: Scheduled daily emails of feeds to the shared mailbox at 07:00 | C16: XBS and Comtras/BRIC owners | D16: 46316 | E16: DO-04 | F16: =INDEX('Master Plan'!$F$5:$F$130,MATCH(E16,'Master Plan'!$A$5:$A$130,0)) -> Denis Otieno | G16: Requested | H16: =IF(AND(G16<>"Received",TODAY()>D16),TODAY()-D16,"")
... A24: NK-20 | B24: Approve opening baseline | C24: Finance + Operations | D24: 46358 | E24: DO-21 | F24: =INDEX('Master Plan'!$F$5:$F$130,MATCH(E24,'Master Plan'!$A$5:$A$130,0)) -> Denis Otieno | G24: Requested | H24: =IF(AND(G24<>"Received",TODAY()>D24),TODAY()-D24,"")

Sheet Meetings & Rhythm
A1: Meetings and working rhythm
A2: Location: Digitization Project Team Boardroom / Microsoft Teams Meeting
A4: Meeting / routine | B4: When | C4: Who | D4: Organiser | E4: Period | F4: Notes
A5: Daily stand-up (15 min) | B5: Every working day 09:00 | C5: All team | D5: Daphne Okwaro | E5: 12 Oct – 11 Dec | F5: Yesterday / today / blockers; update the plan statuses
A6: Weekly status report to NKG | B6: Every Friday | C6: NKG distribution list | D6: Daphne Okwaro | E6: 9 Oct – 11 Dec | F6: Word + email; RAG, progress, next week, decisions needed
A7: Decision chase (OD1–OD9) | B7: Daily until closed | C7: Decision owners | D7: Daphne Okwaro | E7: 12 – 23 Oct | F7: One message per open decision
A8: RAID log update | B8: Every Friday | C8: Team | D8: Daphne Okwaro | E8: 9 Oct – 11 Dec | F8: Risks, assumptions, issues, dependencies
A9: PR code review | B9: Within 1 working day of each PR | C9: Developers | D9: Moses Masibo | E9: 12 Oct – 11 Dec | F9: Naming, no hard-coded values, error handling
A10: Sprint planning | B10: Mon 12 Oct, Mon 26 Oct | C10: All team | D10: Daphne Okwaro | E10: — | F10: 1 hour
A11: Sprint review / demo to NKG | B11: Fri 23 Oct, Fri 6 Nov | C11: NKG + team | D11: Daphne Okwaro | E11: — | F11: 1 hour, Teams
A12: Steering check-in with sponsor | B12: Fri 16 Oct, 30 Oct, 13 Nov, 27 Nov, 11 Dec | C12: NKG sponsors | D12: Daphne Okwaro | E12: — | F12: 30 min
A13: UAT defect triage | B13: Daily 16:00 | C13: Team + UAT leads | D13: Daphne Okwaro | E13: 16 – 27 Nov | F13: Severity, owner, fix date
A14: Budget tracking | B14: Last Friday of month | C14: Pathways | D14: Daphne Okwaro | E14: Oct – Dec | F14: Against USD 24,753

Sheet Daphne
A1: Daphne Okwaro — Project Manager / Data Analytics Lead
A2: Owns: Plan, NKG decisions, access, stakeholder management, status reporting, SIT/UAT/training/cutover coordination. Live links to Master Plan — update status there.
A4: ID | B4: Phase | C4: Task | D4: Detailed description / steps | E4: Support | F4: Start | G4: End | H4: Work days | I4: Depends on | J4: Deliverable | K4: Done when | L4: Spec ref | M4: Status | N4: Overdue?
A5: =IF('Master Plan'!A5="","",'Master Plan'!A5) -> PM-01 | B5: =IF('Master Plan'!B5="","",'Master Plan'!B5) -> 0 Discovery | C5: =IF('Master Plan'!D5="","",'Master Plan'!D5) -> Project kick-off and warehouse walk-through | D5: =IF('Master Plan'!E5="","",'Master Plan'!E5) -> Kick-off with NKG; walk the warehouse floor; observe stacking, rows A–G / sections 1–14, bag tags, pockets, lights. | E5: =IF('Master Plan'!G5="","",'Master Plan'!G5) -> All | F5: =IF('Master Plan'!H5="","",'Master Plan'!H5) -> 46296 | G5: =IF('Master Plan'!I5="","",'Master Plan'!I5) -> 46296 | H5: =IF('Master Plan'!J5="","",'Master Plan'!J5) -> 1 | I5: =IF('Master Plan'!K5="","",'Master Plan'!K5) | J5: =IF('Master Plan'!L5="","",'Master Plan'!L5) -> Kick-off notes | K5: =IF('Master Plan'!M5="","",'Master Plan'!M5) -> Held with NKG stakeholders | L5: =IF('Master Plan'!N5="","",'Master Plan'!N5) -> — | M5: =IF('Master Plan'!O5="","",'Master Plan'!O5) -> Complete | N5: =IF('Master Plan'!Q5="","",'Master Plan'!Q5)
A6: =IF('Master Plan'!A10="","",'Master Plan'!A10) -> PM-06 | B6: =IF('Master Plan'!B10="","",'Master Plan'!B10) -> 0 Discovery | C6: =IF('Master Plan'!D10="","",'Master Plan'!D10) -> Weekly status report #1 | D6: =IF('Master Plan'!E10="","",'Master Plan'!E10) -> Status email (Word + HTML) to NKG. | E6: =IF('Master Plan'!G10="","",'Master Plan'!G10) | F6: =IF('Master Plan'!H10="","",'Master Plan'!H10) -> 46297 | G6: =IF('Master Plan'!I10="","",'Master Plan'!I10) -> 46297 | H6: =IF('Master Plan'!J10="","",'Master Plan'!J10) -> 1 | I6: =IF('Master Plan'!K10="","",'Master Plan'!K10) | J6: =IF('Master Plan'!L10="","",'Master Plan'!L10) -> Status report | K6: =IF('Master Plan'!M10="","",'Master Plan'!M10) -> Sent | L6: =IF('Master Plan'!N10="","",'Master Plan'!N10) -> — | M6: =IF('Master Plan'!O10="","",'Master Plan'!O10) -> Complete | N6: =IF('Master Plan'!Q10="","",'Master Plan'!Q10)
A7: =IF('Master Plan'!A6="","",'Master Plan'!A6) -> PM-02 | B7: =IF('Master Plan'!B6="","",'Master Plan'!B6) -> 0 Discovery | C7: =IF('Master Plan'!D6="","",'Master Plan'!D6) -> Discovery sessions: Finance, Warehouse & Operations, Trade & QC, Logistics | D7: =IF('Master Plan'!E6="","",'Master Plan'!E6) -> Run four sessions; record and transcribe; capture process, pain points, reports, data owners. | E7: =IF('Master Plan'!G6="","",'Master Plan'!G6) -> Moses Masibo, Denis Otieno, Nicole Akinyi | F7: =IF('Master Plan'!H6="","",'Master Plan'!H6) -> 46297 | G7: =IF('Master Plan'!I6="","",'Master Plan'!I6) -> 46303 | H7: =IF('Master Plan'!J6="","",'Master Plan'!J6) -> 5 | I7: =IF('Master Plan'!K6="","",'Master Plan'!K6) -> PM-01 | J7: =IF('Master Plan'!L6="","",'Master Plan'!L6) -> Recordings + notes | K7: =IF('Master Plan'!M6="","",'Master Plan'!M6) -> All four sessions held and transcribed | L7: =IF('Master Plan'!N6="","",'Master Plan'!N6) -> BRD | M7: =IF('Master Plan'!O6="","",'Master Plan'!O6) -> Complete | N7: =IF('Master Plan'!Q6="","",'Master Plan'!Q6)
A8: =IF('Master Plan'!A9="","",'Master Plan'!A9) -> PM-05 | B8: =IF('Master Plan'!B9="","",'Master Plan'!B9) -> 0 Discovery | C8: =IF('Master Plan'!D9="","",'Master Plan'!D9) -> System access request sent (NKG emails, Power Platform, Git, ITB environment) | D8: =IF('Master Plan'!E9="","",'Master Plan'!E9) -> Request NKG accounts for all 8 team members, environment maker access, Git, legacy ITB environment. | E8: =IF('Master Plan'!G9="","",'Master Plan'!G9) -> Moses Masibo | F8: =IF('Master Plan'!H9="","",'Master Plan'!H9) -> 46300 | G8: =IF('Master Plan'!I9="","",'Master Plan'!I9) -> 46301 | H8: =IF('Master Plan'!J9="","",'Master Plan'!J9) -> 2 | I8: =IF('Master Plan'!K9="","",'Master Plan'!K9) | J8: =IF('Master Plan'!L9="","",'Master Plan'!L9) -> Access request email | K8: =IF('Master Plan'!M9="","",'Master Plan'!M9) -> Sent; ITB environment access received | L8: =IF('Master Plan'!N9="","",'Master Plan'!N9) -> 16 | M8: =IF('Master Plan'!O9="","",'Master Plan'!O9) -> Complete | N8: =IF('Master Plan'!Q9="","",'Master Plan'!Q9)
A9: =IF('Master Plan'!A7="","",'Master Plan'!A7) -> PM-03 | B9: =IF('Master Plan'!B7="","",'Master Plan'!B7) -> 0 Discovery | C9: =IF('Master Plan'!D7="","",'Master Plan'!D7) -> BRD V1.1 (red = items to confirm) | D9: =IF('Master Plan'!E7="","",'Master Plan'!E7) -> Update the BRD from all recordings; mark unconfirmed items in red. | E9: =IF('Master Plan'!G7="","",'Master Plan'!G7) -> Nicole Akinyi | F9: =IF('Master Plan'!H7="","",'Master Plan'!H7) -> 46300 | G9: =IF('Master Plan'!I7="","",'Master Plan'!I7) -> 46304 | H9: =IF('Master Plan'!J7="","",'Master Plan'!J7) -> 5 | I9: =IF('Master Plan'!K7="","",'Master Plan'!K7) -> PM-02 | J9: =IF('Master Plan'!L7="","",'Master Plan'!L7) -> STOCKTAKE_BRD_V1.1.docx | K9: =IF('Master Plan'!M7="","",'Master Plan'!M7) -> Issued to team | L9: =IF('Master Plan'!N7="","",'Master Plan'!N7) -> BRD | M9: =IF('Master Plan'!O7="","",'Master Plan'!O7) -> Complete | N9: =IF('Master Plan'!Q7="","",'Master Plan'!Q7)
A10: =IF('Master Plan'!A8="","",'Master Plan'!A8) -> PM-04 | B10: =IF('Master Plan'!B8="","",'Master Plan'!B8) -> 0 Discovery | C10: =IF('Master Plan'!D8="","",'Master Plan'!D8) -> Developer Build Specification V1.0 + screen mockups | D10: =IF('Master Plan'!E8="","",'Master Plan'!E8) -> Write the build specification (Sections 1–22 + appendices) and 10 screen mockups. | E10: =IF('Master Plan'!G8="","",'Master Plan'!G8) -> Moses Masibo | F10: =IF('Master Plan'!H8="","",'Master Plan'!H8) -> 46302 | G10: =IF('Master Plan'!I8="","",'Master Plan'!I8) -> 46304 | H10: =IF('Master Plan'!J8="","",'Master Plan'!J8) -> 3 | I10: =IF('Master Plan'!K8="","",'Master Plan'!K8) -> PM-03 | J10: =IF('Master Plan'!L8="","",'Master Plan'!L8) -> Spec V1.0 + mockups PDF | K10: =IF('Master Plan'!M8="","",'Master Plan'!M8) -> Issued to team | L10: =IF('Master Plan'!N8="","",'Master Plan'!N8) -> All | M10: =IF('Master Plan'!O8="","",'Master Plan'!O8) -> Complete | N10: =IF('Master Plan'!Q8="","",'Master Plan'!Q8)
A11: =IF('Master Plan'!A11="","",'Master Plan'!A11) -> PM-10 | B11: =IF('Master Plan'!B11="","",'Master Plan'!B11) -> 1 Design | C11: =IF('Master Plan'!D11="","",'Master Plan'!D11) -> Weekly status report #2 | D11: =IF('Master Plan'!E11="","",'Master Plan'!E11) -> Progress: discovery complete, BRD V1.1, build spec, mockups; next week: design sign-off, decisions OD1–OD9, sprint 1 start. | E11: =IF('Master Plan'!G11="","",'Master Plan'!G11) | F11: =IF('Master Plan'!H11="","",'Master Plan'!H11) -> 46304 | G11: =IF('Master Plan'!I11="","",'Master Plan'!I11) -> 46304 | H11: =IF('Master Plan'!J11="","",'Master Plan'!J11) -> 1 | I11: =IF('Master Plan'!K11="","",'Master Plan'!K11) -> PM-04 | J11: =IF('Master Plan'!L11="","",'Master Plan'!L11) -> Status report | K11: =IF('Master Plan'!M11="","",'Master Plan'!M11) -> Sent to NKG distribution list | L11: =IF('Master Plan'!N11="","",'Master Plan'!N11) -> — | M11: =IF('Master Plan'!O11="","",'Master Plan'!O11) -> In progress | N11: =IF('Master Plan'!Q11="","",'Master Plan'!Q11)
A12: =IF('Master Plan'!A12="","",'Master Plan'!A12) -> PM-11 | B12: =IF('Master Plan'!B12="","",'Master Plan'!B12) -> 1 Design | C12: =IF('Master Plan'!D12="","",'Master Plan'!D12) -> Circulate BRD V1.1, Build Spec and mockups to NKG for review | D12: =IF('Master Plan'!E12="","",'Master Plan'!E12) -> Email to Carol, Maina, Mathew, Denis Koech, department leads; ask for written comments by Wed 14 Oct; attach mockups PDF. | E12: =IF('Master Plan'!G12="","",'Master Plan'!G12) | F12: =IF('Master Plan'!H12="","",'Master Plan'!H12) -> 46307 | G12: =IF('Master Plan'!I12="","",'Master Plan'!I12) -> 46307 | H12: =IF('Master Plan'!J12="","",'Master Plan'!J12) -> 1 | I12: =IF('Master Plan'!K12="","",'Master Plan'!K12) -> PM-04 | J12: =IF('Master Plan'!L12="","",'Master Plan'!L12) -> Review email | K12: =IF('Master Plan'!M12="","",'Master Plan'!M12) -> Sent; every reviewer acknowledged | L12: =IF('Master Plan'!N12="","",'Master Plan'!N12) -> — | M12: =IF('Master Plan'!O12="","",'Master Plan'!O12) -> Not started | N12: =IF('Master Plan'!Q12="","",'Master Plan'!Q12)
A13: =IF('Master Plan'!A32="","",'Master Plan'!A32) -> PM-20 | B13: =IF('Master Plan'!B32="","",'Master Plan'!B32) -> 2 Sprint 1 | C13: =IF('Master Plan'!D32="","",'Master Plan'!D32) -> Sprint 1 planning | D13: =IF('Master Plan'!E32="","",'Master Plan'!E32) -> Assign Sprint 1 stories; confirm capacity (Mashujaa Day Tue 20 Oct is a public holiday). | E13: =IF('Master Plan'!G32="","",'Master Plan'!G32) -> All | F13: =IF('Master Plan'!H32="","",'Master Plan'!H32) -> 46307 | G13: =IF('Master Plan'!I32="","",'Master Plan'!I32) -> 46307 | H13: =IF('Master Plan'!J32="","",'Master Plan'!J32) -> 1 | I13: =IF('Master Plan'!K32="","",'Master Plan'!K32) | J13: =IF('Master Plan'!L32="","",'Master Plan'!L32) -> Sprint 1 board | K13: =IF('Master Plan'!M32="","",'Master Plan'!M32) -> Every story has owner and estimate | L13: =IF('Master Plan'!N32="","",'Master Plan'!N32) -> 19 | M13: =IF('Master Plan'!O32="","",'Master Plan'!O32) -> Not started | N13: =IF('Master Plan'!Q32="","",'Master Plan'!Q32)
A14: =IF('Master Plan'!A16="","",'Master Plan'!A16) -> PM-15 | B14: =IF('Master Plan'!B16="","",'Master Plan'!B16) -> 1 Design | C14: =IF('Master Plan'!D16="","",'Master Plan'!D16) -> Formal data-feed request to XBS and Comtras/BRIC owners | D14: =IF('Master Plan'!E16="","",'Master Plan'!E16) -> Request: (1) sample files for every feed S1–S15 by 14 Oct; (2) scheduled daily email to shared mailbox at 07:00 with subject STK|<SOURCE>|<YYYYMMDD>|<HHMM>; (3) named backup sender. | E14: =IF('Master Plan'!G16="","",'Master Plan'!G16) -> Denis Otieno | F14: =IF('Master Plan'!H16="","",'Master Plan'!H16) -> 46307 | G14: =IF('Master Plan'!I16="","",'Master Plan'!I16) -> 46309 | H14: =IF('Master Plan'!J16="","",'Master Plan'!J16) -> 3 | I14: =IF('Master Plan'!K16="","",'Master Plan'!K16) | J14: =IF('Master Plan'!L16="","",'Master Plan'!L16) -> Feed request email + owner list | K14: =IF('Master Plan'!M16="","",'Master Plan'!M16) -> Every feed has a named owner and a start date | L14: =IF('Master Plan'!N16="","",'Master Plan'!N16) -> 7.1–7.2 | M14: =IF('Master Plan'!O16="","",'Master Plan'!O16) -> Not started | N14: =IF('Master Plan'!Q16="","",'Master Plan'!Q16)
A15: =IF('Master Plan'!A13="","",'Master Plan'!A13) -> PM-12 | B15: =IF('Master Plan'!B13="","",'Master Plan'!B13) -> 1 Design | C15: =IF('Master Plan'!D13="","",'Master Plan'!D13) -> Open-decision log OD1–OD9 (red items) | D15: =IF('Master Plan'!E13="","",'Master Plan'!E13) -> Create decision log (decision, options, recommendation, owner, needed-by). Book 30-min calls per owner. Chase daily until closed. OD1 cut-off rule; OD2 unit rule (pocket, lights); OD3 Low Grade posting; OD4 provisional stock location; OD5 count tolerance; OD6 write-off thresholds; OD7 sign-off order; OD8 Copilot approval; OD9 licensing/environments. | E15: =IF('Master Plan'!G13="","",'Master Plan'!G13) -> Moses Masibo | F15: =IF('Master Plan'!H13="","",'Master Plan'!H13) -> 46307 | G15: =IF('Master Plan'!I13="","",'Master Plan'!I13) -> 46311 | H15: =IF('Master Plan'!J13="","",'Master Plan'!J13) -> 5 | I15: =IF('Master Plan'!K13="","",'Master Plan'!K13) -> PM-11 | J15: =IF('Master Plan'!L13="","",'Master Plan'!L13) -> Decision log | K15: =IF('Master Plan'!M13="","",'Master Plan'!M13) -> OD1–OD5 and OD9 closed by 16 Oct; OD6–OD8 by 23 Oct | L15: =IF('Master Plan'!N13="","",'Master Plan'!N13) -> 22.3 | M15: =IF('Master Plan'!O13="","",'Master Plan'!O13) -> Not started | N15: =IF('Master Plan'!Q13="","",'Master Plan'!Q13)
A16: =IF('Master Plan'!A17="","",'Master Plan'!A17) -> PM-16 | B16: =IF('Master Plan'!B17="","",'Master Plan'!B17) -> 1 Design | C16: =IF('Master Plan'!D17="","",'Master Plan'!D17) -> Licensing and environment confirmation with NKG IT | D16: =IF('Master Plan'!E17="","",'Master Plan'!E17) -> Confirm Power Apps Premium for Hub/Control Centre users, service account stk.svc, shared mailbox, DEV/UAT/PROD Dataverse environments, Copilot Studio availability. | E16: =IF('Master Plan'!G17="","",'Master Plan'!G17) -> Moses Masibo | F16: =IF('Master Plan'!H17="","",'Master Plan'!H17) -> 46307 | G16: =IF('Master Plan'!I17="","",'Master Plan'!I17) -> 46311 | H16: =IF('Master Plan'!J17="","",'Master Plan'!J17) -> 5 | I16: =IF('Master Plan'!K17="","",'Master Plan'!K17) | J16: =IF('Master Plan'!L17="","",'Master Plan'!L17) -> Confirmation email from NKG IT | K16: =IF('Master Plan'!M17="","",'Master Plan'!M17) -> Licences and environments confirmed in writing | L16: =IF('Master Plan'!N17="","",'Master Plan'!N17) -> 15, 16 | M16: =IF('Master Plan'!O17="","",'Master Plan'!O17) -> Not started | N16: =IF('Master Plan'!Q17="","",'Master Plan'!Q17)
A17: =IF('Master Plan'!A14="","",'Master Plan'!A14) -> PM-13 | B17: =IF('Master Plan'!B14="","",'Master Plan'!B14) -> 1 Design | C17: =IF('Master Plan'!D14="","",'Master Plan'!D14) -> Design walkthrough with NKG (mockups + zero-variance model) | D17: =IF('Master Plan'!E14="","",'Master Plan'!E14) -> 2-hour session, Digitization Project Team Boardroom / Teams. Demo mockups screen by screen; explain residual = 0 gate; collect feedback. | E17: =IF('Master Plan'!G14="","",'Master Plan'!G14) -> Moses Masibo, William Imo, Andrew Tanui, Jones Alukwe | F17: =IF('Master Plan'!H14="","",'Master Plan'!H14) -> 46308 | G17: =IF('Master Plan'!I14="","",'Master Plan'!I14) -> 46308 | H17: =IF('Master Plan'!J14="","",'Master Plan'!J14) -> 1 | I17: =IF('Master Plan'!K14="","",'Master Plan'!K14) -> PM-11 | J17: =IF('Master Plan'!L14="","",'Master Plan'!L14) -> Feedback list | K17: =IF('Master Plan'!M14="","",'Master Plan'!M14) -> Feedback logged and triaged into backlog | L17: =IF('Master Plan'!N14="","",'Master Plan'!N14) -> 3, 4, 9–14 | M17: =IF('Master Plan'!O14="","",'Master Plan'!O14) -> Not started | N17: =IF('Master Plan'!Q14="","",'Master Plan'!Q14)
A18: =IF('Master Plan'!A15="","",'Master Plan'!A15) -> PM-14 | B18: =IF('Master Plan'!B15="","",'Master Plan'!B15) -> 1 Design | C18: =IF('Master Plan'!D15="","",'Master Plan'!D15) -> Obtain BRD and design sign-off | D18: =IF('Master Plan'!E15="","",'Master Plan'!E15) -> Update BRD/spec for walkthrough feedback (V1.2); obtain written sign-off from the approval table. | E18: =IF('Master Plan'!G15="","",'Master Plan'!G15) -> Moses Masibo | F18: =IF('Master Plan'!H15="","",'Master Plan'!H15) -> 46309 | G18: =IF('Master Plan'!I15="","",'Master Plan'!I15) -> 46311 | H18: =IF('Master Plan'!J15="","",'Master Plan'!J15) -> 3 | I18: =IF('Master Plan'!K15="","",'Master Plan'!K15) -> PM-13, PM-12 | J18: =IF('Master Plan'!L15="","",'Master Plan'!L15) -> Signed BRD V1.2 + Spec V1.1 | K18: =IF('Master Plan'!M15="","",'Master Plan'!M15) -> Signatures/approval emails received | L18: =IF('Master Plan'!N15="","",'Master Plan'!N15) -> Doc control | M18: =IF('Master Plan'!O15="","",'Master Plan'!O15) -> Not started | N18: =IF('Master Plan'!Q15="","",'Master Plan'!Q15)
A19: =IF('Master Plan'!A52="","",'Master Plan'!A52) -> PM-21 | B19: =IF('Master Plan'!B52="","",'Master Plan'!B52) -> 2 Sprint 1 | C19: =IF('Master Plan'!D52="","",'Master Plan'!D52) -> Sprint 1 review / demo to NKG | D19: =IF('Master Plan'!E52="","",'Master Plan'!E52) -> Demo intake, master data, Stock Take app capture, wizard, mapping BPF. | E19: =IF('Master Plan'!G52="","",'Master Plan'!G52) -> All | F19: =IF('Master Plan'!H52="","",'Master Plan'!H52) -> 46318 | G19: =IF('Master Plan'!I52="","",'Master Plan'!I52) -> 46318 | H19: =IF('Master Plan'!J52="","",'Master Plan'!J52) -> 1 | I19: =IF('Master Plan'!K52="","",'Master Plan'!K52) | J19: =IF('Master Plan'!L52="","",'Master Plan'!L52) -> Demo + feedback | K19: =IF('Master Plan'!M52="","",'Master Plan'!M52) -> NKG feedback logged | L19: =IF('Master Plan'!N52="","",'Master Plan'!N52) -> 19 | M19: =IF('Master Plan'!O52="","",'Master Plan'!O52) -> Not started | N19: =IF('Master Plan'!Q52="","",'Master Plan'!Q52)
A20: =IF('Master Plan'!A53="","",'Master Plan'!A53) -> PM-30 | B20: =IF('Master Plan'!B53="","",'Master Plan'!B53) -> 3 Sprint 2 | C20: =IF('Master Plan'!D53="","",'Master Plan'!D53) -> Sprint 2 planning | D20: =IF('Master Plan'!E53="","",'Master Plan'!E53) -> Carry-over from Sprint 1; confirm parallel-run plan. | E20: =IF('Master Plan'!G53="","",'Master Plan'!G53) -> All | F20: =IF('Master Plan'!H53="","",'Master Plan'!H53) -> 46321 | G20: =IF('Master Plan'!I53="","",'Master Plan'!I53) -> 46321 | H20: =IF('Master Plan'!J53="","",'Master Plan'!J53) -> 1 | I20: =IF('Master Plan'!K53="","",'Master Plan'!K53) -> PM-21 | J20: =IF('Master Plan'!L53="","",'Master Plan'!L53) -> Sprint 2 board | K20: =IF('Master Plan'!M53="","",'Master Plan'!M53) -> Stories assigned | L20: =IF('Master Plan'!N53="","",'Master Plan'!N53) -> 19 | M20: =IF('Master Plan'!O53="","",'Master Plan'!O53) -> Not started | N20: =IF('Master Plan'!Q53="","",'Master Plan'!Q53)
A21: =IF('Master Plan'!A88="","",'Master Plan'!A88) -> PM-31 | B21: =IF('Master Plan'!B88="","",'Master Plan'!B88) -> 4 SIT | C21: =IF('Master Plan'!D88="","",'Master Plan'!D88) -> Plan October month-end parallel run | D21: =IF('Master Plan'!E88="","",'Master Plan'!E88) -> Agree with Operations: counters, zones, dates (count Mon 2 – Wed 4 Nov), devices, QR labels on bays, fallback to current process. | E21: =IF('Master Plan'!G88="","",'Master Plan'!G88) -> Andrew Tanui, William Imo | F21: =IF('Master Plan'!H88="","",'Master Plan'!H88) -> 46321 | G21: =IF('Master Plan'!I88="","",'Master Plan'!I88) -> 46325 | H21: =IF('Master Plan'!J88="","",'Master Plan'!J88) -> 5 | I21: =IF('Master Plan'!K88="","",'Master Plan'!K88) -> PM-30 | J21: =IF('Master Plan'!L88="","",'Master Plan'!L88) -> Parallel-run plan | K21: =IF('Master Plan'!M88="","",'Master Plan'!M88) -> Ops manager agreed | L21: =IF('Master Plan'!N88="","",'Master Plan'!N88) -> 18.1 | M21: =IF('Master Plan'!O88="","",'Master Plan'!O88) -> Not started | N21: =IF('Master Plan'!Q88="","",'Master Plan'!Q88)
A22: =IF('Master Plan'!A98="","",'Master Plan'!A98) -> PM-40 | B22: =IF('Master Plan'!B98="","",'Master Plan'!B98) -> 5 Training | C22: =IF('Master Plan'!D98="","",'Master Plan'!D98) -> Training plan, schedule and invites | D22: =IF('Master Plan'!E98="","",'Master Plan'!E98) -> Sessions per audience; Digitization Project Team Boardroom / Teams; attendance list. | E22: =IF('Master Plan'!G98="","",'Master Plan'!G98) -> Frankie Omasaja | F22: =IF('Master Plan'!H98="","",'Master Plan'!H98) -> 46324 | G22: =IF('Master Plan'!I98="","",'Master Plan'!I98) -> 46332 | H22: =IF('Master Plan'!J98="","",'Master Plan'!J98) -> 7 | I22: =IF('Master Plan'!K98="","",'Master Plan'!K98) | J22: =IF('Master Plan'!L98="","",'Master Plan'!L98) -> Training schedule + invites | K22: =IF('Master Plan'!M98="","",'Master Plan'!M98) -> Invites accepted | L22: =IF('Master Plan'!N98="","",'Master Plan'!N98) -> 21 | M22: =IF('Master Plan'!O98="","",'Master Plan'!O98) -> Not started | N22: =IF('Master Plan'!Q98="","",'Master Plan'!Q98)
A23: =IF('Master Plan'!A97="","",'Master Plan'!A97) -> PM-32 | B23: =IF('Master Plan'!B97="","",'Master Plan'!B97) -> 4 SIT | C23: =IF('Master Plan'!D97="","",'Master Plan'!D97) -> Sprint 2 review / SIT exit | D23: =IF('Master Plan'!E97="","",'Master Plan'!E97) -> Demo full flow; review SIT and parallel-run results; go/no-go for UAT. | E23: =IF('Master Plan'!G97="","",'Master Plan'!G97) -> All | F23: =IF('Master Plan'!H97="","",'Master Plan'!H97) -> 46332 | G23: =IF('Master Plan'!I97="","",'Master Plan'!I97) -> 46332 | H23: =IF('Master Plan'!J97="","",'Master Plan'!J97) -> 1 | I23: =IF('Master Plan'!K97="","",'Master Plan'!K97) -> FR-03 | J23: =IF('Master Plan'!L97="","",'Master Plan'!L97) -> SIT exit note | K23: =IF('Master Plan'!M97="","",'Master Plan'!M97) -> UAT entry approved | L23: =IF('Master Plan'!N97="","",'Master Plan'!N97) -> 18.4 | M23: =IF('Master Plan'!O97="","",'Master Plan'!O97) -> Not started | N23: =IF('Master Plan'!Q97="","",'Master Plan'!Q97)
A24: =IF('Master Plan'!A108="","",'Master Plan'!A108) -> PM-50 | B24: =IF('Master Plan'!B108="","",'Master Plan'!B108) -> 6 UAT | C24: =IF('Master Plan'!D108="","",'Master Plan'!D108) -> Run UAT and daily defect triage | D24: =IF('Master Plan'!E108="","",'Master Plan'!E108) -> Kick-off Mon 16 Nov; daily 16:00 triage; track progress per department. | E24: =IF('Master Plan'!G108="","",'Master Plan'!G108) -> Frankie Omasaja, Moses Masibo | F24: =IF('Master Plan'!H108="","",'Master Plan'!H108) -> 46342 | G24: =IF('Master Plan'!I108="","",'Master Plan'!I108) -> 46353 | H24: =IF('Master Plan'!J108="","",'Master Plan'!J108) -> 10 | I24: =IF('Master Plan'!K108="","",'Master Plan'!K108) -> MO-14, FR-05 | J24: =IF('Master Plan'!L108="","",'Master Plan'!L108) -> UAT tracker | K24: =IF('Master Plan'!M108="","",'Master Plan'!M108) -> All scenarios executed | L24: =IF('Master Plan'!N108="","",'Master Plan'!N108) -> 18.3 | M24: =IF('Master Plan'!O108="","",'Master Plan'!O108) -> Not started | N24: =IF('Master Plan'!Q108="","",'Master Plan'!Q108)
A25: =IF('Master Plan'!A114="","",'Master Plan'!A114) -> PM-51 | B25: =IF('Master Plan'!B114="","",'Master Plan'!B114) -> 6 UAT | C25: =IF('Master Plan'!D114="","",'Master Plan'!D114) -> UAT sign-off by department leads | D25: =IF('Master Plan'!E114="","",'Master Plan'!E114) -> Sign-off sheet per department. | E25: =IF('Master Plan'!G114="","",'Master Plan'!G114) | F25: =IF('Master Plan'!H114="","",'Master Plan'!H114) -> 46353 | G25: =IF('Master Plan'!I114="","",'Master Plan'!I114) -> 46353 | H25: =IF('Master Plan'!J114="","",'Master Plan'!J114) -> 1 | I25: =IF('Master Plan'!K114="","",'Master Plan'!K114) -> PM-50 | J25: =IF('Master Plan'!L114="","",'Master Plan'!L114) -> Signed UAT | K25: =IF('Master Plan'!M114="","",'Master Plan'!M114) -> All departments signed | L25: =IF('Master Plan'!N114="","",'Master Plan'!N114) -> 18.4 | M25: =IF('Master Plan'!O114="","",'Master Plan'!O114) -> Not started | N25: =IF('Master Plan'!Q114="","",'Master Plan'!Q114)
A26: =IF('Master Plan'!A120="","",'Master Plan'!A120) -> PM-60 | B26: =IF('Master Plan'!B120="","",'Master Plan'!B120) -> 7 Cutover | C26: =IF('Master Plan'!D120="","",'Master Plan'!D120) -> Go / no-go meeting | D26: =IF('Master Plan'!E120="","",'Master Plan'!E120) -> Criteria: UAT signed, parallel run residual 0, feeds live, ≥ 90% trained, support rota. | E26: =IF('Master Plan'!G120="","",'Master Plan'!G120) -> Moses Masibo | F26: =IF('Master Plan'!H120="","",'Master Plan'!H120) -> 46353 | G26: =IF('Master Plan'!I120="","",'Master Plan'!I120) -> 46353 | H26: =IF('Master Plan'!J120="","",'Master Plan'!J120) -> 1 | I26: =IF('Master Plan'!K120="","",'Master Plan'!K120) -> PM-51, DO-20 | J26: =IF('Master Plan'!L120="","",'Master Plan'!L120) -> Go/no-go decision | K26: =IF('Master Plan'!M120="","",'Master Plan'!M120) -> Decision minuted | L26: =IF('Master Plan'!N120="","",'Master Plan'!N120) -> 20.2 | M26: =IF('Master Plan'!O120="","",'Master Plan'!O120) -> Not started | N26: =IF('Master Plan'!Q120="","",'Master Plan'!Q120)
A27: =IF('Master Plan'!A122="","",'Master Plan'!A122) -> PM-61 | B27: =IF('Master Plan'!B122="","",'Master Plan'!B122) -> 7 Cutover | C27: =IF('Master Plan'!D122="","",'Master Plan'!D122) -> First live month-end count (November) in PROD | D27: =IF('Master Plan'!E122="","",'Master Plan'!E122) -> Count Tue 1 – Thu 3 Dec; whole team on call; floor support William/Andrew. | E27: =IF('Master Plan'!G122="","",'Master Plan'!G122) -> All | F27: =IF('Master Plan'!H122="","",'Master Plan'!H122) -> 46357 | G27: =IF('Master Plan'!I122="","",'Master Plan'!I122) -> 46359 | H27: =IF('Master Plan'!J122="","",'Master Plan'!J122) -> 3 | I27: =IF('Master Plan'!K122="","",'Master Plan'!K122) -> MO-17 | J27: =IF('Master Plan'!L122="","",'Master Plan'!L122) -> Live count | K27: =IF('Master Plan'!M122="","",'Master Plan'!M122) -> Count closed in PROD | L27: =IF('Master Plan'!N122="","",'Master Plan'!N122) -> 5.2 | M27: =IF('Master Plan'!O122="","",'Master Plan'!O122) -> Not started | N27: =IF('Master Plan'!Q122="","",'Master Plan'!Q122)
A28: =IF('Master Plan'!A125="","",'Master Plan'!A125) -> PM-63 | B28: =IF('Master Plan'!B125="","",'Master Plan'!B125) -> 8 Hypercare | C28: =IF('Master Plan'!D125="","",'Master Plan'!D125) -> Hypercare: daily stand-up with NKG super users | D28: =IF('Master Plan'!E125="","",'Master Plan'!E125) -> Sev1 4 h, Sev2 1 day; daily issue review. | E28: =IF('Master Plan'!G125="","",'Master Plan'!G125) -> All | F28: =IF('Master Plan'!H125="","",'Master Plan'!H125) -> 46357 | G28: =IF('Master Plan'!I125="","",'Master Plan'!I125) -> 46367 | H28: =IF('Master Plan'!J125="","",'Master Plan'!J125) -> 9 | I28: =IF('Master Plan'!K125="","",'Master Plan'!K125) -> MO-17 | J28: =IF('Master Plan'!L125="","",'Master Plan'!L125) -> Hypercare log | K28: =IF('Master Plan'!M125="","",'Master Plan'!M125) -> Issues closed or handed over | L28: =IF('Master Plan'!N125="","",'Master Plan'!N125) -> 20.4 | M28: =IF('Master Plan'!O125="","",'Master Plan'!O125) -> Not started | N28: =IF('Master Plan'!Q125="","",'Master Plan'!Q125)
A29: =IF('Master Plan'!A124="","",'Master Plan'!A124) -> PM-62 | B29: =IF('Master Plan'!B124="","",'Master Plan'!B124) -> 8 Hypercare | C29: =IF('Master Plan'!D124="","",'Master Plan'!D124) -> First live sign-off (residual = 0 gate) | D29: =IF('Master Plan'!E124="","",'Master Plan'!E124) -> Walk signatories through BPF; pack generated and distributed. | E29: =IF('Master Plan'!G124="","",'Master Plan'!G124) -> Jones Alukwe | F29: =IF('Master Plan'!H124="","",'Master Plan'!H124) -> 46365 | G29: =IF('Master Plan'!I124="","",'Master Plan'!I124) -> 46365 | H29: =IF('Master Plan'!J124="","",'Master Plan'!J124) -> 1 | I29: =IF('Master Plan'!K124="","",'Master Plan'!K124) -> DO-22 | J29: =IF('Master Plan'!L124="","",'Master Plan'!L124) -> Signed period | K29: =IF('Master Plan'!M124="","",'Master Plan'!M124) -> Period locked | L29: =IF('Master Plan'!N124="","",'Master Plan'!N124) -> 11.11 | M29: =IF('Master Plan'!O124="","",'Master Plan'!O124) -> Not started | N29: =IF('Master Plan'!Q124="","",'Master Plan'!Q124)
A30: =IF('Master Plan'!A129="","",'Master Plan'!A129) -> PM-64 | B30: =IF('Master Plan'!B129="","",'Master Plan'!B129) -> 8 Hypercare | C30: =IF('Master Plan'!D129="","",'Master Plan'!D129) -> Hypercare exit report | D30: =IF('Master Plan'!E129="","",'Master Plan'!E129) -> Issues, fixes, open items, recommendations. | E30: =IF('Master Plan'!G129="","",'Master Plan'!G129) | F30: =IF('Master Plan'!H129="","",'Master Plan'!H129) -> 46367 | G30: =IF('Master Plan'!I129="","",'Master Plan'!I129) -> 46367 | H30: =IF('Master Plan'!J129="","",'Master Plan'!J129) -> 1 | I30: =IF('Master Plan'!K129="","",'Master Plan'!K129) -> PM-63 | J30: =IF('Master Plan'!L129="","",'Master Plan'!L129) -> Exit report | K30: =IF('Master Plan'!M129="","",'Master Plan'!M129) -> Sent to sponsors | L30: =IF('Master Plan'!N129="","",'Master Plan'!N129) -> 20.4 | M30: =IF('Master Plan'!O129="","",'Master Plan'!O129) -> Not started | N30: =IF('Master Plan'!Q129="","",'Master Plan'!Q129)
A31: =IF('Master Plan'!A130="","",'Master Plan'!A130) -> PM-70 | B31: =IF('Master Plan'!B130="","",'Master Plan'!B130) -> 9 Acceptance | C31: =IF('Master Plan'!D130="","",'Master Plan'!D130) -> Final acceptance and project close | D31: =IF('Master Plan'!E130="","",'Master Plan'!E130) -> Formal acceptance meeting; lessons learned; budget close (USD 24,753). | E31: =IF('Master Plan'!G130="","",'Master Plan'!G130) -> Moses Masibo | F31: =IF('Master Plan'!H130="","",'Master Plan'!H130) -> 46370 | G31: =IF('Master Plan'!I130="","",'Master Plan'!I130) -> 46373 | H31: =IF('Master Plan'!J130="","",'Master Plan'!J130) -> 4 | I31: =IF('Master Plan'!K130="","",'Master Plan'!K130) -> PM-64 | J31: =IF('Master Plan'!L130="","",'Master Plan'!L130) -> Acceptance certificate | K31: =IF('Master Plan'!M130="","",'Master Plan'!M130) -> Signed by NKG sponsor | L31: =IF('Master Plan'!N130="","",'Master Plan'!N130) -> 19.1 | M31: =IF('Master Plan'!O130="","",'Master Plan'!O130) -> Not started | N31: =IF('Master Plan'!Q130="","",'Master Plan'!Q130)
A33: Tasks where Daphne is supporting
A34: ID | B34: Phase | C34: Task | D34: Owner | E34: Start | F34: End
A35: =IF('Master Plan'!A20="","",'Master Plan'!A20) -> MO-03 | B35: =IF('Master Plan'!B20="","",'Master Plan'!B20) -> 1 Design | C35: =IF('Master Plan'!D20="","",'Master Plan'!D20) -> Request/confirm DEV, UAT, PROD environments and DLP policy | D35: =IF('Master Plan'!F20="","",'Master Plan'!F20) -> Moses Masibo | E35: =IF('Master Plan'!H20="","",'Master Plan'!H20) -> 46307 | F35: =IF('Master Plan'!I20="","",'Master Plan'!I20) -> 46311
A36: =IF('Master Plan'!A31="","",'Master Plan'!A31) -> FR-01 | B36: =IF('Master Plan'!B31="","",'Master Plan'!B31) -> 1 Design | C36: =IF('Master Plan'!D31="","",'Master Plan'!D31) -> Test strategy and defect process | D36: =IF('Master Plan'!F31="","",'Master Plan'!F31) -> Frankie Omasaja | E36: =IF('Master Plan'!H31="","",'Master Plan'!H31) -> 46308 | F36: =IF('Master Plan'!I31="","",'Master Plan'!I31) -> 46311
A37: =IF('Master Plan'!A93="","",'Master Plan'!A93) -> NI-09 | B37: =IF('Master Plan'!B93="","",'Master Plan'!B93) -> 4 SIT | C37: =IF('Master Plan'!D93="","",'Master Plan'!D93) -> Parallel-run comparison report | D37: =IF('Master Plan'!F93="","",'Master Plan'!F93) -> Nicole Akinyi | E37: =IF('Master Plan'!H93="","",'Master Plan'!H93) -> 46330 | F37: =IF('Master Plan'!I93="","",'Master Plan'!I93) -> 46332
A38: =IF('Master Plan'!A107="","",'Master Plan'!A107) -> FR-05 | B38: =IF('Master Plan'!B107="","",'Master Plan'!B107) -> 5 Training | C38: =IF('Master Plan'!D107="","",'Master Plan'!D107) -> UAT scripts and UAT participant packs | D38: =IF('Master Plan'!F107="","",'Master Plan'!F107) -> Frankie Omasaja | E38: =IF('Master Plan'!H107="","",'Master Plan'!H107) -> 46335 | F38: =IF('Master Plan'!I107="","",'Master Plan'!I107) -> 46339
A39: =IF('Master Plan'!A104="","",'Master Plan'!A104) -> JO-13 | B39: =IF('Master Plan'!B104="","",'Master Plan'!B104) -> 5 Training | C39: =IF('Master Plan'!D104="","",'Master Plan'!D104) -> Train Trade, QC, Logistics, Finance, Management (Control Centre + Copilot) | D39: =IF('Master Plan'!F104="","",'Master Plan'!F104) -> Jones Alukwe | E39: =IF('Master Plan'!H104="","",'Master Plan'!H104) -> 46337 | F39: =IF('Master Plan'!I104="","",'Master Plan'!I104) -> 46339
A40: =IF('Master Plan'!A115="","",'Master Plan'!A115) -> MO-15 | B40: =IF('Master Plan'!B115="","",'Master Plan'!B115) -> 7 Cutover | C40: =IF('Master Plan'!D115="","",'Master Plan'!D115) -> PROD readiness | D40: =IF('Master Plan'!F115="","",'Master Plan'!F115) -> Moses Masibo | E40: =IF('Master Plan'!H115="","",'Master Plan'!H115) -> 46342 | F40: =IF('Master Plan'!I115="","",'Master Plan'!I115) -> 46346

Sheet Moses
A1: Moses Masibo — Solution Architect
A2: Owns: Environments, solutions, ALM and Git, security model, data-model and engine design review, code review, PROD readiness. Live links to Master Plan — update status there.
A4: ID | B4: Phase | C4: Task | D4: Detailed description / steps | E4: Support | F4: Start | G4: End | H4: Work days | I4: Depends on | J4: Deliverable | K4: Done when | L4: Spec ref | M4: Status | N4: Overdue?
A5: =IF('Master Plan'!A18="","",'Master Plan'!A18) -> MO-01 | B5: =IF('Master Plan'!B18="","",'Master Plan'!B18) -> 1 Design | C5: =IF('Master Plan'!D18="","",'Master Plan'!D18) -> Inventory the ITB (John Nyongesa) solution | D5: =IF('Master Plan'!E18="","",'Master Plan'!E18) -> Export managed solution "NKG Stock Solution" and all flows; list every app, flow, dataflow, table, SharePoint list, connection and owner; note what to keep/rebuild/retire. | E5: =IF('Master Plan'!G18="","",'Master Plan'!G18) -> Denis Otieno | F5: =IF('Master Plan'!H18="","",'Master Plan'!H18) -> 46307 | G5: =IF('Master Plan'!I18="","",'Master Plan'!I18) -> 46308 | H5: =IF('Master Plan'!J18="","",'Master Plan'!J18) -> 2 | I5: =IF('Master Plan'!K18="","",'Master Plan'!K18) -> PM-05 | J5: =IF('Master Plan'!L18="","",'Master Plan'!L18) -> ITB inventory sheet + exported zip in Git /legacy | K5: =IF('Master Plan'!M18="","",'Master Plan'!M18) -> Inventory reviewed with team | L5: =IF('Master Plan'!N18="","",'Master Plan'!N18) -> 2, 16.4 | M5: =IF('Master Plan'!O18="","",'Master Plan'!O18) -> Not started | N5: =IF('Master Plan'!Q18="","",'Master Plan'!Q18)
A6: =IF('Master Plan'!A20="","",'Master Plan'!A20) -> MO-03 | B6: =IF('Master Plan'!B20="","",'Master Plan'!B20) -> 1 Design | C6: =IF('Master Plan'!D20="","",'Master Plan'!D20) -> Request/confirm DEV, UAT, PROD environments and DLP policy | D6: =IF('Master Plan'!E20="","",'Master Plan'!E20) -> Dataverse in each; DLP Business group: Dataverse, SharePoint, Outlook, Teams, Approvals, Power BI; block consumer connectors. | E6: =IF('Master Plan'!G20="","",'Master Plan'!G20) -> Daphne Okwaro | F6: =IF('Master Plan'!H20="","",'Master Plan'!H20) -> 46307 | G6: =IF('Master Plan'!I20="","",'Master Plan'!I20) -> 46311 | H6: =IF('Master Plan'!J20="","",'Master Plan'!J20) -> 5 | I6: =IF('Master Plan'!K20="","",'Master Plan'!K20) -> PM-16 | J6: =IF('Master Plan'!L20="","",'Master Plan'!L20) -> Environments live | K6: =IF('Master Plan'!M20="","",'Master Plan'!M20) -> Team can open DEV as makers | L6: =IF('Master Plan'!N20="","",'Master Plan'!N20) -> 16.1, 15.2 | M6: =IF('Master Plan'!O20="","",'Master Plan'!O20) -> Not started | N6: =IF('Master Plan'!Q20="","",'Master Plan'!Q20)
A7: =IF('Master Plan'!A86="","",'Master Plan'!A86) -> MO-12 | B7: =IF('Master Plan'!B86="","",'Master Plan'!B86) -> 3 Sprint 2 | C7: =IF('Master Plan'!D86="","",'Master Plan'!D86) -> Pull-request reviews (ongoing) | D7: =IF('Master Plan'!E86="","",'Master Plan'!E86) -> Review every PR within 1 working day; enforce naming, no hard-coded values, error handling. | E7: =IF('Master Plan'!G86="","",'Master Plan'!G86) | F7: =IF('Master Plan'!H86="","",'Master Plan'!H86) -> 46307 | G7: =IF('Master Plan'!I86="","",'Master Plan'!I86) -> 46332 | H7: =IF('Master Plan'!J86="","",'Master Plan'!J86) -> 19 | I7: =IF('Master Plan'!K86="","",'Master Plan'!K86) -> MO-05 | J7: =IF('Master Plan'!L86="","",'Master Plan'!L86) -> Merged PRs | K7: =IF('Master Plan'!M86="","",'Master Plan'!M86) -> No PR older than 1 day | L7: =IF('Master Plan'!N86="","",'Master Plan'!N86) -> 16.3, App. D | M7: =IF('Master Plan'!O86="","",'Master Plan'!O86) -> Not started | N7: =IF('Master Plan'!Q86="","",'Master Plan'!Q86)
A8: =IF('Master Plan'!A19="","",'Master Plan'!A19) -> MO-02 | B8: =IF('Master Plan'!B19="","",'Master Plan'!B19) -> 1 Design | C8: =IF('Master Plan'!D19="","",'Master Plan'!D19) -> Ownership-transfer plan for ITB apps and flows | D8: =IF('Master Plan'!E19="","",'Master Plan'!E19) -> Plan transfer of flows/apps from the external account to stk.svc so nothing stops when the external account is removed; agree date with NKG IT. | E8: =IF('Master Plan'!G19="","",'Master Plan'!G19) | F8: =IF('Master Plan'!H19="","",'Master Plan'!H19) -> 46308 | G8: =IF('Master Plan'!I19="","",'Master Plan'!I19) -> 46309 | H8: =IF('Master Plan'!J19="","",'Master Plan'!J19) -> 2 | I8: =IF('Master Plan'!K19="","",'Master Plan'!K19) -> MO-01 | J8: =IF('Master Plan'!L19="","",'Master Plan'!L19) -> Transfer plan | K8: =IF('Master Plan'!M19="","",'Master Plan'!M19) -> NKG IT agreed date | L8: =IF('Master Plan'!N19="","",'Master Plan'!N19) -> 16.4 | M8: =IF('Master Plan'!O19="","",'Master Plan'!O19) -> Not started | N8: =IF('Master Plan'!Q19="","",'Master Plan'!Q19)
A9: =IF('Master Plan'!A22="","",'Master Plan'!A22) -> MO-05 | B9: =IF('Master Plan'!B22="","",'Master Plan'!B22) -> 1 Design | C9: =IF('Master Plan'!D22="","",'Master Plan'!D22) -> Git repository and branching | D9: =IF('Master Plan'!E22="","",'Master Plan'!E22) -> Create repo (/solutions, /powerbi, /docs, /test, /legacy); main/develop/feature branches; PR rule (Moses reviews); access for all 8. | E9: =IF('Master Plan'!G22="","",'Master Plan'!G22) | F9: =IF('Master Plan'!H22="","",'Master Plan'!H22) -> 46308 | G9: =IF('Master Plan'!I22="","",'Master Plan'!I22) -> 46310 | H9: =IF('Master Plan'!J22="","",'Master Plan'!J22) -> 3 | I9: =IF('Master Plan'!K22="","",'Master Plan'!K22) -> PM-05 | J9: =IF('Master Plan'!L22="","",'Master Plan'!L22) -> Git repo | K9: =IF('Master Plan'!M22="","",'Master Plan'!M22) -> First commit by every developer | L9: =IF('Master Plan'!N22="","",'Master Plan'!N22) -> 16.3 | M9: =IF('Master Plan'!O22="","",'Master Plan'!O22) -> Not started | N9: =IF('Master Plan'!Q22="","",'Master Plan'!Q22)
A10: =IF('Master Plan'!A21="","",'Master Plan'!A21) -> MO-04 | B10: =IF('Master Plan'!B21="","",'Master Plan'!B21) -> 1 Design | C10: =IF('Master Plan'!D21="","",'Master Plan'!D21) -> Create publisher (prefix stk) and solutions in DEV | D10: =IF('Master Plan'!E21="","",'Master Plan'!E21) -> STK Core, STK Apps, STK Automation, STK Copilot; environment-variable and connection-reference standards. | E10: =IF('Master Plan'!G21="","",'Master Plan'!G21) | F10: =IF('Master Plan'!H21="","",'Master Plan'!H21) -> 46309 | G10: =IF('Master Plan'!I21="","",'Master Plan'!I21) -> 46310 | H10: =IF('Master Plan'!J21="","",'Master Plan'!J21) -> 2 | I10: =IF('Master Plan'!K21="","",'Master Plan'!K21) -> MO-03 | J10: =IF('Master Plan'!L21="","",'Master Plan'!L21) -> Solutions in DEV | K10: =IF('Master Plan'!M21="","",'Master Plan'!M21) -> All devs building inside solutions | L10: =IF('Master Plan'!N21="","",'Master Plan'!N21) -> 16.2, App. D | M10: =IF('Master Plan'!O21="","",'Master Plan'!O21) -> Not started | N10: =IF('Master Plan'!Q21="","",'Master Plan'!Q21)
A11: =IF('Master Plan'!A23="","",'Master Plan'!A23) -> MO-06 | B11: =IF('Master Plan'!B23="","",'Master Plan'!B23) -> 1 Design | C11: =IF('Master Plan'!D23="","",'Master Plan'!D23) -> Data-model review (34 tables, keys, alternate keys) | D11: =IF('Master Plan'!E23="","",'Master Plan'!E23) -> Review with Denis: columns, choice sets, relationships, alternate keys (stk_localid, rule+key), audit settings. | E11: =IF('Master Plan'!G23="","",'Master Plan'!G23) -> Denis Otieno | F11: =IF('Master Plan'!H23="","",'Master Plan'!H23) -> 46309 | G11: =IF('Master Plan'!I23="","",'Master Plan'!I23) -> 46311 | H11: =IF('Master Plan'!J23="","",'Master Plan'!J23) -> 3 | I11: =IF('Master Plan'!K23="","",'Master Plan'!K23) -> MO-04 | J11: =IF('Master Plan'!L23="","",'Master Plan'!L23) -> Approved ERD | K11: =IF('Master Plan'!M23="","",'Master Plan'!M23) -> Signed off by Moses | L11: =IF('Master Plan'!N23="","",'Master Plan'!N23) -> 6 | M11: =IF('Master Plan'!O23="","",'Master Plan'!O23) -> Not started | N11: =IF('Master Plan'!Q23="","",'Master Plan'!Q23)
A12: =IF('Master Plan'!A33="","",'Master Plan'!A33) -> MO-07 | B12: =IF('Master Plan'!B33="","",'Master Plan'!B33) -> 2 Sprint 1 | C12: =IF('Master Plan'!D33="","",'Master Plan'!D33) -> Shared mailbox and SharePoint STK-Intake site | D12: =IF('Master Plan'!E33="","",'Master Plan'!E33) -> With NKG IT: create mailbox stocktake.data@nkg.coffee; library STK-Intake with Incoming/Rejected/Processed/Templates; permissions for stk.svc. | E12: =IF('Master Plan'!G33="","",'Master Plan'!G33) -> Denis Otieno | F12: =IF('Master Plan'!H33="","",'Master Plan'!H33) -> 46310 | G12: =IF('Master Plan'!I33="","",'Master Plan'!I33) -> 46311 | H12: =IF('Master Plan'!J33="","",'Master Plan'!J33) -> 2 | I12: =IF('Master Plan'!K33="","",'Master Plan'!K33) -> PM-16 | J12: =IF('Master Plan'!L33="","",'Master Plan'!L33) -> Mailbox + library | K12: =IF('Master Plan'!M33="","",'Master Plan'!M33) -> Test email lands and is readable by flow | L12: =IF('Master Plan'!N33="","",'Master Plan'!N33) -> 7.1 | M12: =IF('Master Plan'!O33="","",'Master Plan'!O33) -> Not started | N12: =IF('Master Plan'!Q33="","",'Master Plan'!Q33)
A13: =IF('Master Plan'!A49="","",'Master Plan'!A49) -> MO-08 | B13: =IF('Master Plan'!B49="","",'Master Plan'!B49) -> 2 Sprint 1 | C13: =IF('Master Plan'!D49="","",'Master Plan'!D49) -> Security model build | D13: =IF('Master Plan'!E49="","",'Master Plan'!E49) -> Entra groups SG-STK-<Role>; 10 Dataverse roles; team mapping; field security (expected qty hidden from Counter, approvals, config). | E13: =IF('Master Plan'!G49="","",'Master Plan'!G49) | F13: =IF('Master Plan'!H49="","",'Master Plan'!H49) -> 46314 | G13: =IF('Master Plan'!I49="","",'Master Plan'!I49) -> 46318 | H13: =IF('Master Plan'!J49="","",'Master Plan'!J49) -> 4 | I13: =IF('Master Plan'!K49="","",'Master Plan'!K49) -> DO-03 | J13: =IF('Master Plan'!L49="","",'Master Plan'!L49) -> Roles + groups | K13: =IF('Master Plan'!M49="","",'Master Plan'!M49) -> Role test: counter cannot read expected qty | L13: =IF('Master Plan'!N49="","",'Master Plan'!N49) -> 15 | M13: =IF('Master Plan'!O49="","",'Master Plan'!O49) -> Not started | N13: =IF('Master Plan'!Q49="","",'Master Plan'!Q49)
A14: =IF('Master Plan'!A50="","",'Master Plan'!A50) -> MO-09 | B14: =IF('Master Plan'!B50="","",'Master Plan'!B50) -> 2 Sprint 1 | C14: =IF('Master Plan'!D50="","",'Master Plan'!D50) -> Build and deploy pipeline DEV → UAT | D14: =IF('Master Plan'!E50="","",'Master Plan'!E50) -> pac CLI export/unpack/commit; managed build; deployment settings per environment. | E14: =IF('Master Plan'!G50="","",'Master Plan'!G50) | F14: =IF('Master Plan'!H50="","",'Master Plan'!H50) -> 46316 | G14: =IF('Master Plan'!I50="","",'Master Plan'!I50) -> 46318 | H14: =IF('Master Plan'!J50="","",'Master Plan'!J50) -> 3 | I14: =IF('Master Plan'!K50="","",'Master Plan'!K50) -> MO-05 | J14: =IF('Master Plan'!L50="","",'Master Plan'!L50) -> Pipeline | K14: =IF('Master Plan'!M50="","",'Master Plan'!M50) -> First managed deploy to UAT succeeds | L14: =IF('Master Plan'!N50="","",'Master Plan'!N50) -> 16.3 | M14: =IF('Master Plan'!O50="","",'Master Plan'!O50) -> Not started | N14: =IF('Master Plan'!Q50="","",'Master Plan'!Q50)
A15: =IF('Master Plan'!A84="","",'Master Plan'!A84) -> MO-10 | B15: =IF('Master Plan'!B84="","",'Master Plan'!B84) -> 3 Sprint 2 | C15: =IF('Master Plan'!D84="","",'Master Plan'!D84) -> Engine design review | D15: =IF('Master Plan'!E84="","",'Master Plan'!E84) -> Review L1–L3 order, RI taxonomy implementation and idempotency with Denis. | E15: =IF('Master Plan'!G84="","",'Master Plan'!G84) -> Denis Otieno | F15: =IF('Master Plan'!H84="","",'Master Plan'!H84) -> 46323 | G15: =IF('Master Plan'!I84="","",'Master Plan'!I84) -> 46324 | H15: =IF('Master Plan'!J84="","",'Master Plan'!J84) -> 2 | I15: =IF('Master Plan'!K84="","",'Master Plan'!K84) -> DO-10 | J15: =IF('Master Plan'!L84="","",'Master Plan'!L84) -> Review notes | K15: =IF('Master Plan'!M84="","",'Master Plan'!M84) -> Issues fixed before SIT | L15: =IF('Master Plan'!N84="","",'Master Plan'!N84) -> 4, 8.3 | M15: =IF('Master Plan'!O84="","",'Master Plan'!O84) -> Not started | N15: =IF('Master Plan'!Q84="","",'Master Plan'!Q84)
A16: =IF('Master Plan'!A85="","",'Master Plan'!A85) -> MO-11 | B16: =IF('Master Plan'!B85="","",'Master Plan'!B85) -> 3 Sprint 2 | C16: =IF('Master Plan'!D85="","",'Master Plan'!D85) -> F40 health check, F41 housekeeping, Teams STK Support channel | D16: =IF('Master Plan'!E85="","",'Master Plan'!E85) -> Hourly health check; weekly archive; alert channel. | E16: =IF('Master Plan'!G85="","",'Master Plan'!G85) | F16: =IF('Master Plan'!H85="","",'Master Plan'!H85) -> 46328 | G16: =IF('Master Plan'!I85="","",'Master Plan'!I85) -> 46330 | H16: =IF('Master Plan'!J85="","",'Master Plan'!J85) -> 3 | I16: =IF('Master Plan'!K85="","",'Master Plan'!K85) -> MO-09 | J16: =IF('Master Plan'!L85="","",'Master Plan'!L85) -> Flows F40–F41 | K16: =IF('Master Plan'!M85="","",'Master Plan'!M85) -> Turned-off test flow raises alert | L16: =IF('Master Plan'!N85="","",'Master Plan'!N85) -> 12.2 | M16: =IF('Master Plan'!O85="","",'Master Plan'!O85) -> Not started | N16: =IF('Master Plan'!Q85="","",'Master Plan'!Q85)
A17: =IF('Master Plan'!A96="","",'Master Plan'!A96) -> MO-13 | B17: =IF('Master Plan'!B96="","",'Master Plan'!B96) -> 4 SIT | C17: =IF('Master Plan'!D96="","",'Master Plan'!D96) -> Performance and security tests | D17: =IF('Master Plan'!E96="","",'Master Plan'!E96) -> Volume test (50k XBS lines, 20k count lines); SEC-01..05 role tests. | E17: =IF('Master Plan'!G96="","",'Master Plan'!G96) -> Frankie Omasaja | F17: =IF('Master Plan'!H96="","",'Master Plan'!H96) -> 46329 | G17: =IF('Master Plan'!I96="","",'Master Plan'!I96) -> 46332 | H17: =IF('Master Plan'!J96="","",'Master Plan'!J96) -> 4 | I17: =IF('Master Plan'!K96="","",'Master Plan'!K96) -> MO-08 | J17: =IF('Master Plan'!L96="","",'Master Plan'!L96) -> Test results | K17: =IF('Master Plan'!M96="","",'Master Plan'!M96) -> NFR-01/02/03 met; roles pass | L17: =IF('Master Plan'!N96="","",'Master Plan'!N96) -> 17, 18 | M17: =IF('Master Plan'!O96="","",'Master Plan'!O96) -> Not started | N17: =IF('Master Plan'!Q96="","",'Master Plan'!Q96)
A18: =IF('Master Plan'!A106="","",'Master Plan'!A106) -> MO-14 | B18: =IF('Master Plan'!B106="","",'Master Plan'!B106) -> 5 Training | C18: =IF('Master Plan'!D106="","",'Master Plan'!D106) -> Deploy release candidate to UAT | D18: =IF('Master Plan'!E106="","",'Master Plan'!E106) -> Managed deployment; environment variables; connections; users added to groups. | E18: =IF('Master Plan'!G106="","",'Master Plan'!G106) | F18: =IF('Master Plan'!H106="","",'Master Plan'!H106) -> 46338 | G18: =IF('Master Plan'!I106="","",'Master Plan'!I106) -> 46339 | H18: =IF('Master Plan'!J106="","",'Master Plan'!J106) -> 2 | I18: =IF('Master Plan'!K106="","",'Master Plan'!K106) -> PM-32 | J18: =IF('Master Plan'!L106="","",'Master Plan'!L106) -> UAT RC | K18: =IF('Master Plan'!M106="","",'Master Plan'!M106) -> Smoke test passes | L18: =IF('Master Plan'!N106="","",'Master Plan'!N106) -> 16 | M18: =IF('Master Plan'!O106="","",'Master Plan'!O106) -> Not started | N18: =IF('Master Plan'!Q106="","",'Master Plan'!Q106)
A19: =IF('Master Plan'!A115="","",'Master Plan'!A115) -> MO-15 | B19: =IF('Master Plan'!B115="","",'Master Plan'!B115) -> 7 Cutover | C19: =IF('Master Plan'!D115="","",'Master Plan'!D115) -> PROD readiness | D19: =IF('Master Plan'!E115="","",'Master Plan'!E115) -> Environment, DLP, groups, service account licensed, mailbox and library in PROD. | E19: =IF('Master Plan'!G115="","",'Master Plan'!G115) -> Daphne Okwaro | F19: =IF('Master Plan'!H115="","",'Master Plan'!H115) -> 46342 | G19: =IF('Master Plan'!I115="","",'Master Plan'!I115) -> 46346 | H19: =IF('Master Plan'!J115="","",'Master Plan'!J115) -> 5 | I19: =IF('Master Plan'!K115="","",'Master Plan'!K115) -> MO-03 | J19: =IF('Master Plan'!L115="","",'Master Plan'!L115) -> PROD ready | K19: =IF('Master Plan'!M115="","",'Master Plan'!M115) -> Checklist items 1 and 5 done | L19: =IF('Master Plan'!N115="","",'Master Plan'!N115) -> 20.1 | M19: =IF('Master Plan'!O115="","",'Master Plan'!O115) -> Not started | N19: =IF('Master Plan'!Q115="","",'Master Plan'!Q115)
A20: =IF('Master Plan'!A116="","",'Master Plan'!A116) -> MO-16 | B20: =IF('Master Plan'!B116="","",'Master Plan'!B116) -> 7 Cutover | C20: =IF('Master Plan'!D116="","",'Master Plan'!D116) -> Deploy release candidate to PROD | D20: =IF('Master Plan'!E116="","",'Master Plan'!E116) -> Managed solutions; settings file; connections; share apps. | E20: =IF('Master Plan'!G116="","",'Master Plan'!G116) | F20: =IF('Master Plan'!H116="","",'Master Plan'!H116) -> 46350 | G20: =IF('Master Plan'!I116="","",'Master Plan'!I116) -> 46350 | H20: =IF('Master Plan'!J116="","",'Master Plan'!J116) -> 1 | I20: =IF('Master Plan'!K116="","",'Master Plan'!K116) -> MO-15 | J20: =IF('Master Plan'!L116="","",'Master Plan'!L116) -> PROD RC | K20: =IF('Master Plan'!M116="","",'Master Plan'!M116) -> Smoke test passes | L20: =IF('Master Plan'!N116="","",'Master Plan'!N116) -> 20.1 | M20: =IF('Master Plan'!O116="","",'Master Plan'!O116) -> Not started | N20: =IF('Master Plan'!Q116="","",'Master Plan'!Q116)
A21: =IF('Master Plan'!A121="","",'Master Plan'!A121) -> MO-17 | B21: =IF('Master Plan'!B121="","",'Master Plan'!B121) -> 7 Cutover | C21: =IF('Master Plan'!D121="","",'Master Plan'!D121) -> Final patch deploy to PROD after UAT fixes | D21: =IF('Master Plan'!E121="","",'Master Plan'!E121) -> Deploy last fixes; set legacy ITB apps read-only after first live count. | E21: =IF('Master Plan'!G121="","",'Master Plan'!G121) | F21: =IF('Master Plan'!H121="","",'Master Plan'!H121) -> 46356 | G21: =IF('Master Plan'!I121="","",'Master Plan'!I121) -> 46356 | H21: =IF('Master Plan'!J121="","",'Master Plan'!J121) -> 1 | I21: =IF('Master Plan'!K121="","",'Master Plan'!K121) -> PM-60 | J21: =IF('Master Plan'!L121="","",'Master Plan'!L121) -> PROD final | K21: =IF('Master Plan'!M121="","",'Master Plan'!M121) -> Smoke test passes | L21: =IF('Master Plan'!N121="","",'Master Plan'!N121) -> 20.1 | M21: =IF('Master Plan'!O121="","",'Master Plan'!O121) -> Not started | N21: =IF('Master Plan'!Q121="","",'Master Plan'!Q121)
A22: =IF('Master Plan'!A126="","",'Master Plan'!A126) -> MO-18 | B22: =IF('Master Plan'!B126="","",'Master Plan'!B126) -> 8 Hypercare | C22: =IF('Master Plan'!D126="","",'Master Plan'!D126) -> Knowledge transfer to NKG IT (2 × 2 h) | D22: =IF('Master Plan'!E126="","",'Master Plan'!E126) -> ALM, flows, monitoring, support runbook. | E22: =IF('Master Plan'!G126="","",'Master Plan'!G126) -> Denis Otieno | F22: =IF('Master Plan'!H126="","",'Master Plan'!H126) -> 46363 | G22: =IF('Master Plan'!I126="","",'Master Plan'!I126) -> 46365 | H22: =IF('Master Plan'!J126="","",'Master Plan'!J126) -> 3 | I22: =IF('Master Plan'!K126="","",'Master Plan'!K126) | J22: =IF('Master Plan'!L126="","",'Master Plan'!L126) -> KT attendance | K22: =IF('Master Plan'!M126="","",'Master Plan'!M126) -> NKG IT can deploy and monitor | L22: =IF('Master Plan'!N126="","",'Master Plan'!N126) -> 20.4 | M22: =IF('Master Plan'!O126="","",'Master Plan'!O126) -> Not started | N22: =IF('Master Plan'!Q126="","",'Master Plan'!Q126)
A24: Tasks where Moses is supporting
A25: ID | B25: Phase | C25: Task | D25: Owner | E25: Start | F25: End
A26: =IF('Master Plan'!A5="","",'Master Plan'!A5) -> PM-01 | B26: =IF('Master Plan'!B5="","",'Master Plan'!B5) -> 0 Discovery | C26: =IF('Master Plan'!D5="","",'Master Plan'!D5) -> Project kick-off and warehouse walk-through | D26: =IF('Master Plan'!F5="","",'Master Plan'!F5) -> Daphne Okwaro | E26: =IF('Master Plan'!H5="","",'Master Plan'!H5) -> 46296 | F26: =IF('Master Plan'!I5="","",'Master Plan'!I5) -> 46296
A27: =IF('Master Plan'!A6="","",'Master Plan'!A6) -> PM-02 | B27: =IF('Master Plan'!B6="","",'Master Plan'!B6) -> 0 Discovery | C27: =IF('Master Plan'!D6="","",'Master Plan'!D6) -> Discovery sessions: Finance, Warehouse & Operations, Trade & QC, Logistics | D27: =IF('Master Plan'!F6="","",'Master Plan'!F6) -> Daphne Okwaro | E27: =IF('Master Plan'!H6="","",'Master Plan'!H6) -> 46297 | F27: =IF('Master Plan'!I6="","",'Master Plan'!I6) -> 46303
A28: =IF('Master Plan'!A9="","",'Master Plan'!A9) -> PM-05 | B28: =IF('Master Plan'!B9="","",'Master Plan'!B9) -> 0 Discovery | C28: =IF('Master Plan'!D9="","",'Master Plan'!D9) -> System access request sent (NKG emails, Power Platform, Git, ITB environment) | D28: =IF('Master Plan'!F9="","",'Master Plan'!F9) -> Daphne Okwaro | E28: =IF('Master Plan'!H9="","",'Master Plan'!H9) -> 46300 | F28: =IF('Master Plan'!I9="","",'Master Plan'!I9) -> 46301
A29: =IF('Master Plan'!A8="","",'Master Plan'!A8) -> PM-04 | B29: =IF('Master Plan'!B8="","",'Master Plan'!B8) -> 0 Discovery | C29: =IF('Master Plan'!D8="","",'Master Plan'!D8) -> Developer Build Specification V1.0 + screen mockups | D29: =IF('Master Plan'!F8="","",'Master Plan'!F8) -> Daphne Okwaro | E29: =IF('Master Plan'!H8="","",'Master Plan'!H8) -> 46302 | F29: =IF('Master Plan'!I8="","",'Master Plan'!I8) -> 46304
A30: =IF('Master Plan'!A13="","",'Master Plan'!A13) -> PM-12 | B30: =IF('Master Plan'!B13="","",'Master Plan'!B13) -> 1 Design | C30: =IF('Master Plan'!D13="","",'Master Plan'!D13) -> Open-decision log OD1–OD9 (red items) | D30: =IF('Master Plan'!F13="","",'Master Plan'!F13) -> Daphne Okwaro | E30: =IF('Master Plan'!H13="","",'Master Plan'!H13) -> 46307 | F30: =IF('Master Plan'!I13="","",'Master Plan'!I13) -> 46311
A31: =IF('Master Plan'!A17="","",'Master Plan'!A17) -> PM-16 | B31: =IF('Master Plan'!B17="","",'Master Plan'!B17) -> 1 Design | C31: =IF('Master Plan'!D17="","",'Master Plan'!D17) -> Licensing and environment confirmation with NKG IT | D31: =IF('Master Plan'!F17="","",'Master Plan'!F17) -> Daphne Okwaro | E31: =IF('Master Plan'!H17="","",'Master Plan'!H17) -> 46307 | F31: =IF('Master Plan'!I17="","",'Master Plan'!I17) -> 46311
A32: =IF('Master Plan'!A25="","",'Master Plan'!A25) -> DO-01 | B32: =IF('Master Plan'!B25="","",'Master Plan'!B25) -> 1 Design | C32: =IF('Master Plan'!D25="","",'Master Plan'!D25) -> Review ITB dataflows and staging | D32: =IF('Master Plan'!F25="","",'Master Plan'!F25) -> Denis Otieno | E32: =IF('Master Plan'!H25="","",'Master Plan'!H25) -> 46307 | F32: =IF('Master Plan'!I25="","",'Master Plan'!I25) -> 46308
A33: =IF('Master Plan'!A29="","",'Master Plan'!A29) -> JO-01 | B33: =IF('Master Plan'!B29="","",'Master Plan'!B29) -> 1 Design | C33: =IF('Master Plan'!D29="","",'Master Plan'!D29) -> Copilot Studio and model-driven readiness check | D33: =IF('Master Plan'!F29="","",'Master Plan'!F29) -> Jones Alukwe | E33: =IF('Master Plan'!H29="","",'Master Plan'!H29) -> 46307 | F33: =IF('Master Plan'!I29="","",'Master Plan'!I29) -> 46308
A34: =IF('Master Plan'!A32="","",'Master Plan'!A32) -> PM-20 | B34: =IF('Master Plan'!B32="","",'Master Plan'!B32) -> 2 Sprint 1 | C34: =IF('Master Plan'!D32="","",'Master Plan'!D32) -> Sprint 1 planning | D34: =IF('Master Plan'!F32="","",'Master Plan'!F32) -> Daphne Okwaro | E34: =IF('Master Plan'!H32="","",'Master Plan'!H32) -> 46307 | F34: =IF('Master Plan'!I32="","",'Master Plan'!I32) -> 46307
A35: =IF('Master Plan'!A14="","",'Master Plan'!A14) -> PM-13 | B35: =IF('Master Plan'!B14="","",'Master Plan'!B14) -> 1 Design | C35: =IF('Master Plan'!D14="","",'Master Plan'!D14) -> Design walkthrough with NKG (mockups + zero-variance model) | D35: =IF('Master Plan'!F14="","",'Master Plan'!F14) -> Daphne Okwaro | E35: =IF('Master Plan'!H14="","",'Master Plan'!H14) -> 46308 | F35: =IF('Master Plan'!I14="","",'Master Plan'!I14) -> 46308
A36: =IF('Master Plan'!A15="","",'Master Plan'!A15) -> PM-14 | B36: =IF('Master Plan'!B15="","",'Master Plan'!B15) -> 1 Design | C36: =IF('Master Plan'!D15="","",'Master Plan'!D15) -> Obtain BRD and design sign-off | D36: =IF('Master Plan'!F15="","",'Master Plan'!F15) -> Daphne Okwaro | E36: =IF('Master Plan'!H15="","",'Master Plan'!H15) -> 46309 | F36: =IF('Master Plan'!I15="","",'Master Plan'!I15) -> 46311
A37: =IF('Master Plan'!A34="","",'Master Plan'!A34) -> DO-03 | B37: =IF('Master Plan'!B34="","",'Master Plan'!B34) -> 2 Sprint 1 | C37: =IF('Master Plan'!D34="","",'Master Plan'!D34) -> Create Dataverse tables in STK Core | D37: =IF('Master Plan'!F34="","",'Master Plan'!F34) -> Denis Otieno | E37: =IF('Master Plan'!H34="","",'Master Plan'!H34) -> 46310 | F37: =IF('Master Plan'!I34="","",'Master Plan'!I34) -> 46316
A38: =IF('Master Plan'!A52="","",'Master Plan'!A52) -> PM-21 | B38: =IF('Master Plan'!B52="","",'Master Plan'!B52) -> 2 Sprint 1 | C38: =IF('Master Plan'!D52="","",'Master Plan'!D52) -> Sprint 1 review / demo to NKG | D38: =IF('Master Plan'!F52="","",'Master Plan'!F52) -> Daphne Okwaro | E38: =IF('Master Plan'!H52="","",'Master Plan'!H52) -> 46318 | F38: =IF('Master Plan'!I52="","",'Master Plan'!I52) -> 46318
A39: =IF('Master Plan'!A53="","",'Master Plan'!A53) -> PM-30 | B39: =IF('Master Plan'!B53="","",'Master Plan'!B53) -> 3 Sprint 2 | C39: =IF('Master Plan'!D53="","",'Master Plan'!D53) -> Sprint 2 planning | D39: =IF('Master Plan'!F53="","",'Master Plan'!F53) -> Daphne Okwaro | E39: =IF('Master Plan'!H53="","",'Master Plan'!H53) -> 46321 | F39: =IF('Master Plan'!I53="","",'Master Plan'!I53) -> 46321
A40: =IF('Master Plan'!A55="","",'Master Plan'!A55) -> DO-09 | B40: =IF('Master Plan'!B55="","",'Master Plan'!B55) -> 3 Sprint 2 | C40: =IF('Master Plan'!D55="","",'Master Plan'!D55) -> Normalisation and mass balance | D40: =IF('Master Plan'!F55="","",'Master Plan'!F55) -> Denis Otieno | E40: =IF('Master Plan'!H55="","",'Master Plan'!H55) -> 46321 | F40: =IF('Master Plan'!I55="","",'Master Plan'!I55) -> 46323
A41: =IF('Master Plan'!A67="","",'Master Plan'!A67) -> WI-07 | B41: =IF('Master Plan'!B67="","",'Master Plan'!B67) -> 3 Sprint 2 | C41: =IF('Master Plan'!D67="","",'Master Plan'!D67) -> Offline queue and sync (S9) | D41: =IF('Master Plan'!F67="","",'Master Plan'!F67) -> William Imo | E41: =IF('Master Plan'!H67="","",'Master Plan'!H67) -> 46322 | F41: =IF('Master Plan'!I67="","",'Master Plan'!I67) -> 46324
A42: =IF('Master Plan'!A97="","",'Master Plan'!A97) -> PM-32 | B42: =IF('Master Plan'!B97="","",'Master Plan'!B97) -> 4 SIT | C42: =IF('Master Plan'!D97="","",'Master Plan'!D97) -> Sprint 2 review / SIT exit | D42: =IF('Master Plan'!F97="","",'Master Plan'!F97) -> Daphne Okwaro | E42: =IF('Master Plan'!H97="","",'Master Plan'!H97) -> 46332 | F42: =IF('Master Plan'!I97="","",'Master Plan'!I97) -> 46332
A43: =IF('Master Plan'!A101="","",'Master Plan'!A101) -> JO-12 | B43: =IF('Master Plan'!B101="","",'Master Plan'!B101) -> 5 Training | C43: =IF('Master Plan'!D101="","",'Master Plan'!D101) -> Publish Stock Assistant to Teams (UAT) | D43: =IF('Master Plan'!F101="","",'Master Plan'!F101) -> Jones Alukwe | E43: =IF('Master Plan'!H101="","",'Master Plan'!H101) -> 46338 | F43: =IF('Master Plan'!I101="","",'Master Plan'!I101) -> 46339
A44: =IF('Master Plan'!A108="","",'Master Plan'!A108) -> PM-50 | B44: =IF('Master Plan'!B108="","",'Master Plan'!B108) -> 6 UAT | C44: =IF('Master Plan'!D108="","",'Master Plan'!D108) -> Run UAT and daily defect triage | D44: =IF('Master Plan'!F108="","",'Master Plan'!F108) -> Daphne Okwaro | E44: =IF('Master Plan'!H108="","",'Master Plan'!H108) -> 46342 | F44: =IF('Master Plan'!I108="","",'Master Plan'!I108) -> 46353
A45: =IF('Master Plan'!A120="","",'Master Plan'!A120) -> PM-60 | B45: =IF('Master Plan'!B120="","",'Master Plan'!B120) -> 7 Cutover | C45: =IF('Master Plan'!D120="","",'Master Plan'!D120) -> Go / no-go meeting | D45: =IF('Master Plan'!F120="","",'Master Plan'!F120) -> Daphne Okwaro | E45: =IF('Master Plan'!H120="","",'Master Plan'!H120) -> 46353 | F45: =IF('Master Plan'!I120="","",'Master Plan'!I120) -> 46353
A46: =IF('Master Plan'!A122="","",'Master Plan'!A122) -> PM-61 | B46: =IF('Master Plan'!B122="","",'Master Plan'!B122) -> 7 Cutover | C46: =IF('Master Plan'!D122="","",'Master Plan'!D122) -> First live month-end count (November) in PROD | D46: =IF('Master Plan'!F122="","",'Master Plan'!F122) -> Daphne Okwaro | E46: =IF('Master Plan'!H122="","",'Master Plan'!H122) -> 46357 | F46: =IF('Master Plan'!I122="","",'Master Plan'!I122) -> 46359
A47: =IF('Master Plan'!A125="","",'Master Plan'!A125) -> PM-63 | B47: =IF('Master Plan'!B125="","",'Master Plan'!B125) -> 8 Hypercare | C47: =IF('Master Plan'!D125="","",'Master Plan'!D125) -> Hypercare: daily stand-up with NKG super users | D47: =IF('Master Plan'!F125="","",'Master Plan'!F125) -> Daphne Okwaro | E47: =IF('Master Plan'!H125="","",'Master Plan'!H125) -> 46357 | F47: =IF('Master Plan'!I125="","",'Master Plan'!I125) -> 46367
A48: =IF('Master Plan'!A128="","",'Master Plan'!A128) -> FR-06 | B48: =IF('Master Plan'!B128="","",'Master Plan'!B128) -> 8 Hypercare | C48: =IF('Master Plan'!D128="","",'Master Plan'!D128) -> As-built documentation pack | D48: =IF('Master Plan'!F128="","",'Master Plan'!F128) -> Frankie Omasaja | E48: =IF('Master Plan'!H128="","",'Master Plan'!H128) -> 46363 | F48: =IF('Master Plan'!I128="","",'Master Plan'!I128) -> 46367
A49: =IF('Master Plan'!A130="","",'Master Plan'!A130) -> PM-70 | B49: =IF('Master Plan'!B130="","",'Master Plan'!B130) -> 9 Acceptance | C49: =IF('Master Plan'!D130="","",'Master Plan'!D130) -> Final acceptance and project close | D49: =IF('Master Plan'!F130="","",'Master Plan'!F130) -> Daphne Okwaro | E49: =IF('Master Plan'!H130="","",'Master Plan'!H130) -> 46370 | F49: =IF('Master Plan'!I130="","",'Master Plan'!I130) -> 46373

Sheet Denis
A1: Denis Otieno — Data Engineer
A2: Owns: Email intake, validation, dataflows, Dataverse tables, master-data migration, reconciliation engine L1–L3, rules, tie-outs. Live links to Master Plan — update status there.
A4: ID | B4: Phase | C4: Task | D4: Detailed description / steps | E4: Support | F4: Start | G4: End | H4: Work days | I4: Depends on | J4: Deliverable | K4: Done when | L4: Spec ref | M4: Status | N4: Overdue?
A5: =IF('Master Plan'!A25="","",'Master Plan'!A25) -> DO-01 | B5: =IF('Master Plan'!B25="","",'Master Plan'!B25) -> 1 Design | C5: =IF('Master Plan'!D25="","",'Master Plan'!D25) -> Review ITB dataflows and staging | D5: =IF('Master Plan'!E25="","",'Master Plan'!E25) -> Understand current dataflows → Dataverse staging → SharePoint lists; note reusable logic and known failures. | E5: =IF('Master Plan'!G25="","",'Master Plan'!G25) -> Moses Masibo | F5: =IF('Master Plan'!H25="","",'Master Plan'!H25) -> 46307 | G5: =IF('Master Plan'!I25="","",'Master Plan'!I25) -> 46308 | H5: =IF('Master Plan'!J25="","",'Master Plan'!J25) -> 2 | I5: =IF('Master Plan'!K25="","",'Master Plan'!K25) -> PM-05 | J5: =IF('Master Plan'!L25="","",'Master Plan'!L25) -> Notes in Git /docs | K5: =IF('Master Plan'!M25="","",'Master Plan'!M25) -> Reviewed with Moses | L5: =IF('Master Plan'!N25="","",'Master Plan'!N25) -> 2 | M5: =IF('Master Plan'!O25="","",'Master Plan'!O25) -> Not started | N5: =IF('Master Plan'!Q25="","",'Master Plan'!Q25)
A6: =IF('Master Plan'!A26="","",'Master Plan'!A26) -> DO-02 | B6: =IF('Master Plan'!B26="","",'Master Plan'!B26) -> 1 Design | C6: =IF('Master Plan'!D26="","",'Master Plan'!D26) -> Finalise intake file templates and column mappings | D6: =IF('Master Plan'!E26="","",'Master Plan'!E26) -> Agree exact column names per feed with owners; publish templates in STK-Intake/Templates. | E6: =IF('Master Plan'!G26="","",'Master Plan'!G26) -> Nicole Akinyi | F6: =IF('Master Plan'!H26="","",'Master Plan'!H26) -> 46309 | G6: =IF('Master Plan'!I26="","",'Master Plan'!I26) -> 46311 | H6: =IF('Master Plan'!J26="","",'Master Plan'!J26) -> 3 | I6: =IF('Master Plan'!K26="","",'Master Plan'!K26) -> NI-01 | J6: =IF('Master Plan'!L26="","",'Master Plan'!L26) -> Templates S1–S15 | K6: =IF('Master Plan'!M26="","",'Master Plan'!M26) -> Owners confirm they can produce them | L6: =IF('Master Plan'!N26="","",'Master Plan'!N26) -> App. E | M6: =IF('Master Plan'!O26="","",'Master Plan'!O26) -> Not started | N6: =IF('Master Plan'!Q26="","",'Master Plan'!Q26)
A7: =IF('Master Plan'!A34="","",'Master Plan'!A34) -> DO-03 | B7: =IF('Master Plan'!B34="","",'Master Plan'!B34) -> 2 Sprint 1 | C7: =IF('Master Plan'!D34="","",'Master Plan'!D34) -> Create Dataverse tables in STK Core | D7: =IF('Master Plan'!E34="","",'Master Plan'!E34) -> Build 34 stk_ tables with columns, choices, alternate keys, relationships, auditing; stk_config seeded with keys. | E7: =IF('Master Plan'!G34="","",'Master Plan'!G34) -> Moses Masibo | F7: =IF('Master Plan'!H34="","",'Master Plan'!H34) -> 46310 | G7: =IF('Master Plan'!I34="","",'Master Plan'!I34) -> 46316 | H7: =IF('Master Plan'!J34="","",'Master Plan'!J34) -> 4 | I7: =IF('Master Plan'!K34="","",'Master Plan'!K34) -> MO-06 | J7: =IF('Master Plan'!L34="","",'Master Plan'!L34) -> Tables in DEV | K7: =IF('Master Plan'!M34="","",'Master Plan'!M34) -> ERD = DEV schema; solution exported to Git | L7: =IF('Master Plan'!N34="","",'Master Plan'!N34) -> 6 | M7: =IF('Master Plan'!O34="","",'Master Plan'!O34) -> Not started | N7: =IF('Master Plan'!Q34="","",'Master Plan'!Q34)
A8: =IF('Master Plan'!A35="","",'Master Plan'!A35) -> DO-04 | B8: =IF('Master Plan'!B35="","",'Master Plan'!B35) -> 2 Sprint 1 | C8: =IF('Master Plan'!D35="","",'Master Plan'!D35) -> F01 Receive intake email | D8: =IF('Master Plan'!E35="","",'Master Plan'!E35) -> Trigger on shared mailbox; parse subject; sender allow-list; save attachment as <SOURCE>_<YYYYMMDD>_<HHMM>.<ext>; log to stk_loadlog. | E8: =IF('Master Plan'!G35="","",'Master Plan'!G35) | F8: =IF('Master Plan'!H35="","",'Master Plan'!H35) -> 46314 | G8: =IF('Master Plan'!I35="","",'Master Plan'!I35) -> 46316 | H8: =IF('Master Plan'!J35="","",'Master Plan'!J35) -> 2 | I8: =IF('Master Plan'!K35="","",'Master Plan'!K35) -> MO-07, DO-03 | J8: =IF('Master Plan'!L35="","",'Master Plan'!L35) -> Flow F01 | K8: =IF('Master Plan'!M35="","",'Master Plan'!M35) -> 10 test emails processed correctly, bad sender rejected | L8: =IF('Master Plan'!N35="","",'Master Plan'!N35) -> 12.2 | M8: =IF('Master Plan'!O35="","",'Master Plan'!O35) -> Not started | N8: =IF('Master Plan'!Q35="","",'Master Plan'!Q35)
A9: =IF('Master Plan'!A37="","",'Master Plan'!A37) -> DO-06 | B9: =IF('Master Plan'!B37="","",'Master Plan'!B37) -> 2 Sprint 1 | C9: =IF('Master Plan'!D37="","",'Master Plan'!D37) -> Dataflows to staging + F03 load | D9: =IF('Master Plan'!E37="","",'Master Plan'!E37) -> One dataflow per source (XBS stock, XBS movements, 526, 537, contracts, SNI, provisional, third-party); F03 refresh, poll, snapshot header, row-count check. | E9: =IF('Master Plan'!G37="","",'Master Plan'!G37) | F9: =IF('Master Plan'!H37="","",'Master Plan'!H37) -> 46314 | G9: =IF('Master Plan'!I37="","",'Master Plan'!I37) -> 46318 | H9: =IF('Master Plan'!J37="","",'Master Plan'!J37) -> 4 | I9: =IF('Master Plan'!K37="","",'Master Plan'!K37) -> DO-03 | J9: =IF('Master Plan'!L37="","",'Master Plan'!L37) -> Dataflows + F03 | K9: =IF('Master Plan'!M37="","",'Master Plan'!M37) -> T1 completeness passes for every sample file | L9: =IF('Master Plan'!N37="","",'Master Plan'!N37) -> 7, 12.2 | M9: =IF('Master Plan'!O37="","",'Master Plan'!O37) -> Not started | N9: =IF('Master Plan'!Q37="","",'Master Plan'!Q37)
A10: =IF('Master Plan'!A36="","",'Master Plan'!A36) -> DO-05 | B10: =IF('Master Plan'!B36="","",'Master Plan'!B36) -> 2 Sprint 1 | C10: =IF('Master Plan'!D36="","",'Master Plan'!D36) -> F02 Validate file (V1–V7) | D10: =IF('Master Plan'!E36="","",'Master Plan'!E36) -> Columns, types, dates, row counts, duplicates, control totals, period; move to Rejected + reply with reason, or Processed + trigger load. | E10: =IF('Master Plan'!G36="","",'Master Plan'!G36) -> Nicole Akinyi | F10: =IF('Master Plan'!H36="","",'Master Plan'!H36) -> 46316 | G10: =IF('Master Plan'!I36="","",'Master Plan'!I36) -> 46318 | H10: =IF('Master Plan'!J36="","",'Master Plan'!J36) -> 3 | I10: =IF('Master Plan'!K36="","",'Master Plan'!K36) -> DO-04 | J10: =IF('Master Plan'!L36="","",'Master Plan'!L36) -> Flow F02 | K10: =IF('Master Plan'!M36="","",'Master Plan'!M36) -> Each V-rule has a failing test file that is rejected with the right reason | L10: =IF('Master Plan'!N36="","",'Master Plan'!N36) -> 7.3 | M10: =IF('Master Plan'!O36="","",'Master Plan'!O36) -> Not started | N10: =IF('Master Plan'!Q36="","",'Master Plan'!Q36)
A11: =IF('Master Plan'!A38="","",'Master Plan'!A38) -> DO-07 | B11: =IF('Master Plan'!B38="","",'Master Plan'!B38) -> 2 Sprint 1 | C11: =IF('Master Plan'!D38="","",'Master Plan'!D38) -> Master-data migration | D11: =IF('Master Plan'!E38="","",'Master Plan'!E38) -> Load warehouses, locations, zones, grades, quality codes, packing types, secondary/primary baskets, contracts, mappings from ITB lists and Comtras. | E11: =IF('Master Plan'!G38="","",'Master Plan'!G38) -> Nicole Akinyi | F11: =IF('Master Plan'!H38="","",'Master Plan'!H38) -> 46316 | G11: =IF('Master Plan'!I38="","",'Master Plan'!I38) -> 46318 | H11: =IF('Master Plan'!J38="","",'Master Plan'!J38) -> 3 | I11: =IF('Master Plan'!K38="","",'Master Plan'!K38) -> DO-03 | J11: =IF('Master Plan'!L38="","",'Master Plan'!L38) -> Master data in DEV | K11: =IF('Master Plan'!M38="","",'Master Plan'!M38) -> Counts tie to sources; T2 coverage report produced | L11: =IF('Master Plan'!N38="","",'Master Plan'!N38) -> 7.5 | M11: =IF('Master Plan'!O38="","",'Master Plan'!O38) -> Not started | N11: =IF('Master Plan'!Q38="","",'Master Plan'!Q38)
A12: =IF('Master Plan'!A54="","",'Master Plan'!A54) -> DO-08 | B12: =IF('Master Plan'!B54="","",'Master Plan'!B54) -> 3 Sprint 2 | C12: =IF('Master Plan'!D54="","",'Master Plan'!D54) -> F04 missing-feed, F05 reprocess, F06 lock snapshot | D12: =IF('Master Plan'!E54="","",'Master Plan'!E54) -> F04 08:00 check → EX20; F05 Hub button; F06 locks month-end snapshot. | E12: =IF('Master Plan'!G54="","",'Master Plan'!G54) | F12: =IF('Master Plan'!H54="","",'Master Plan'!H54) -> 46321 | G12: =IF('Master Plan'!I54="","",'Master Plan'!I54) -> 46322 | H12: =IF('Master Plan'!J54="","",'Master Plan'!J54) -> 2 | I12: =IF('Master Plan'!K54="","",'Master Plan'!K54) -> DO-06 | J12: =IF('Master Plan'!L54="","",'Master Plan'!L54) -> Flows F04–F06 | K12: =IF('Master Plan'!M54="","",'Master Plan'!M54) -> Missing test feed raises EX20 | L12: =IF('Master Plan'!N54="","",'Master Plan'!N54) -> 12.2 | M12: =IF('Master Plan'!O54="","",'Master Plan'!O54) -> Not started | N12: =IF('Master Plan'!Q54="","",'Master Plan'!Q54)
A13: =IF('Master Plan'!A55="","",'Master Plan'!A55) -> DO-09 | B13: =IF('Master Plan'!B55="","",'Master Plan'!B55) -> 3 Sprint 2 | C13: =IF('Master Plan'!D55="","",'Master Plan'!D55) -> Normalisation and mass balance | D13: =IF('Master Plan'!E55="","",'Master Plan'!E55) -> Convert all positions to kg/eq60 with unit rules; opening + receipts − issues ± adjustments = closing per outturn. | E13: =IF('Master Plan'!G55="","",'Master Plan'!G55) -> Moses Masibo | F13: =IF('Master Plan'!H55="","",'Master Plan'!H55) -> 46321 | G13: =IF('Master Plan'!I55="","",'Master Plan'!I55) -> 46323 | H13: =IF('Master Plan'!J55="","",'Master Plan'!J55) -> 3 | I13: =IF('Master Plan'!K55="","",'Master Plan'!K55) -> DO-07 | J13: =IF('Master Plan'!L55="","",'Master Plan'!L55) -> Engine step 1 | K13: =IF('Master Plan'!M55="","",'Master Plan'!M55) -> T6 passes on test data | L13: =IF('Master Plan'!N55="","",'Master Plan'!N55) -> 4.2–4.3 | M13: =IF('Master Plan'!O55="","",'Master Plan'!O55) -> Not started | N13: =IF('Master Plan'!Q55="","",'Master Plan'!Q55)
A14: =IF('Master Plan'!A56="","",'Master Plan'!A56) -> DO-10 | B14: =IF('Master Plan'!B56="","",'Master Plan'!B56) -> 3 Sprint 2 | C14: =IF('Master Plan'!D56="","",'Master Plan'!D56) -> L1 Physical vs XBS (F30) | D14: =IF('Master Plan'!E56="","",'Master Plan'!E56) -> Compare count vs locked snapshot; attach RIs in order TIMING, LOCATION, CORRECTION-PENDING, UNIT-RULE, PACKING, PROVISIONAL, THIRD-PARTY, REMNANT; raise EX01/EX02. | E14: =IF('Master Plan'!G56="","",'Master Plan'!G56) | F14: =IF('Master Plan'!H56="","",'Master Plan'!H56) -> 46322 | G14: =IF('Master Plan'!I56="","",'Master Plan'!I56) -> 46324 | H14: =IF('Master Plan'!J56="","",'Master Plan'!J56) -> 3 | I14: =IF('Master Plan'!K56="","",'Master Plan'!K56) -> DO-09 | J14: =IF('Master Plan'!L56="","",'Master Plan'!L56) -> L1 engine | K14: =IF('Master Plan'!M56="","",'Master Plan'!M56) -> Worked example KCS7948 gives residual 0 | L14: =IF('Master Plan'!N56="","",'Master Plan'!N56) -> 4.4, 8.3 | M14: =IF('Master Plan'!O56="","",'Master Plan'!O56) -> Not started | N14: =IF('Master Plan'!Q56="","",'Master Plan'!Q56)
A15: =IF('Master Plan'!A59="","",'Master Plan'!A59) -> DO-13 | B15: =IF('Master Plan'!B59="","",'Master Plan'!B59) -> 3 Sprint 2 | C15: =IF('Master Plan'!D59="","",'Master Plan'!D59) -> F20 daily rules EX05–EX20 + upsert child flow | D15: =IF('Master Plan'!E59="","",'Master Plan'!E59) -> Rule child flows return (rule, key, qty, details); upsert on alternate key; auto-close when cleared. | E15: =IF('Master Plan'!G59="","",'Master Plan'!G59) -> Jones Alukwe | F15: =IF('Master Plan'!H59="","",'Master Plan'!H59) -> 46323 | G15: =IF('Master Plan'!I59="","",'Master Plan'!I59) -> 46330 | H15: =IF('Master Plan'!J59="","",'Master Plan'!J59) -> 6 | I15: =IF('Master Plan'!K59="","",'Master Plan'!K59) -> DO-08 | J15: =IF('Master Plan'!L59="","",'Master Plan'!L59) -> F20 + rules | K15: =IF('Master Plan'!M59="","",'Master Plan'!M59) -> Each EX code fires and auto-closes on test data | L15: =IF('Master Plan'!N59="","",'Master Plan'!N59) -> 8.5, 12.3 | M15: =IF('Master Plan'!O59="","",'Master Plan'!O59) -> Not started | N15: =IF('Master Plan'!Q59="","",'Master Plan'!Q59)
A16: =IF('Master Plan'!A57="","",'Master Plan'!A57) -> DO-11 | B16: =IF('Master Plan'!B57="","",'Master Plan'!B57) -> 3 Sprint 2 | C16: =IF('Master Plan'!D57="","",'Master Plan'!D57) -> L2 XBS vs Comtras | D16: =IF('Master Plan'!E57="","",'Master Plan'!E57) -> SNI add-back, provisional, registers; RIs DOWNGRADE, PURCHASE-PENDING, WRONG-BASKET, ROLLOVER, BRIC-PENDING, SHORT-DELIVERY; EX15. | E16: =IF('Master Plan'!G57="","",'Master Plan'!G57) -> Nicole Akinyi | F16: =IF('Master Plan'!H57="","",'Master Plan'!H57) -> 46324 | G16: =IF('Master Plan'!I57="","",'Master Plan'!I57) -> 46329 | H16: =IF('Master Plan'!J57="","",'Master Plan'!J57) -> 4 | I16: =IF('Master Plan'!K57="","",'Master Plan'!K57) -> DO-10 | J16: =IF('Master Plan'!L57="","",'Master Plan'!L57) -> L2 engine | K16: =IF('Master Plan'!M57="","",'Master Plan'!M57) -> T4 passes on test data | L16: =IF('Master Plan'!N57="","",'Master Plan'!N57) -> 4.5 | M16: =IF('Master Plan'!O57="","",'Master Plan'!O57) -> Not started | N16: =IF('Master Plan'!Q57="","",'Master Plan'!Q57)
A17: =IF('Master Plan'!A90="","",'Master Plan'!A90) -> DO-15 | B17: =IF('Master Plan'!B90="","",'Master Plan'!B90) -> 4 SIT | C17: =IF('Master Plan'!D90="","",'Master Plan'!D90) -> Load October month-end snapshots into UAT and lock | D17: =IF('Master Plan'!E90="","",'Master Plan'!E90) -> Day 1 feeds (Sun 1 Nov) loaded and locked; stock take created. | E17: =IF('Master Plan'!G90="","",'Master Plan'!G90) -> Andrew Tanui | F17: =IF('Master Plan'!H90="","",'Master Plan'!H90) -> 46328 | G17: =IF('Master Plan'!I90="","",'Master Plan'!I90) -> 46328 | H17: =IF('Master Plan'!J90="","",'Master Plan'!J90) -> 1 | I17: =IF('Master Plan'!K90="","",'Master Plan'!K90) -> DO-08, MO-09 | J17: =IF('Master Plan'!L90="","",'Master Plan'!L90) -> Locked snapshot | K17: =IF('Master Plan'!M90="","",'Master Plan'!M90) -> Wizard pre-checks all green | L17: =IF('Master Plan'!N90="","",'Master Plan'!N90) -> 5.2 | M17: =IF('Master Plan'!O90="","",'Master Plan'!O90) -> Not started | N17: =IF('Master Plan'!Q90="","",'Master Plan'!Q90)
A18: =IF('Master Plan'!A58="","",'Master Plan'!A58) -> DO-12 | B18: =IF('Master Plan'!B58="","",'Master Plan'!B58) -> 3 Sprint 2 | C18: =IF('Master Plan'!D58="","",'Master Plan'!D58) -> L3 Baskets vs Contracts | D18: =IF('Master Plan'!E58="","",'Master Plan'!E58) -> Basket balances vs contract open quantities incl. roll-over lineage. | E18: =IF('Master Plan'!G58="","",'Master Plan'!G58) | F18: =IF('Master Plan'!H58="","",'Master Plan'!H58) -> 46328 | G18: =IF('Master Plan'!I58="","",'Master Plan'!I58) -> 46330 | H18: =IF('Master Plan'!J58="","",'Master Plan'!J58) -> 3 | I18: =IF('Master Plan'!K58="","",'Master Plan'!K58) -> DO-11 | J18: =IF('Master Plan'!L58="","",'Master Plan'!L58) -> L3 engine | K18: =IF('Master Plan'!M58="","",'Master Plan'!M58) -> T5 passes | L18: =IF('Master Plan'!N58="","",'Master Plan'!N58) -> 4.6 | M18: =IF('Master Plan'!O58="","",'Master Plan'!O58) -> Not started | N18: =IF('Master Plan'!Q58="","",'Master Plan'!Q58)
A19: =IF('Master Plan'!A94="","",'Master Plan'!A94) -> DO-17 | B19: =IF('Master Plan'!B94="","",'Master Plan'!B94) -> 4 SIT | C19: =IF('Master Plan'!D94="","",'Master Plan'!D94) -> Tie-outs T1–T8 and T10 | D19: =IF('Master Plan'!E94="","",'Master Plan'!E94) -> Completeness, mapping coverage, L1, L2, L3, mass balance, repeatability, timeliness; evidence in Git /test. | E19: =IF('Master Plan'!G94="","",'Master Plan'!G94) -> Nicole Akinyi | F19: =IF('Master Plan'!H94="","",'Master Plan'!H94) -> 46328 | G19: =IF('Master Plan'!I94="","",'Master Plan'!I94) -> 46332 | H19: =IF('Master Plan'!J94="","",'Master Plan'!J94) -> 5 | I19: =IF('Master Plan'!K94="","",'Master Plan'!K94) -> DO-12 | J19: =IF('Master Plan'!L94="","",'Master Plan'!L94) -> Tie-out evidence | K19: =IF('Master Plan'!M94="","",'Master Plan'!M94) -> All = 0 difference | L19: =IF('Master Plan'!N94="","",'Master Plan'!N94) -> 18.2 | M19: =IF('Master Plan'!O94="","",'Master Plan'!O94) -> Not started | N19: =IF('Master Plan'!Q94="","",'Master Plan'!Q94)
A20: =IF('Master Plan'!A60="","",'Master Plan'!A60) -> DO-14 | B20: =IF('Master Plan'!B60="","",'Master Plan'!B60) -> 3 Sprint 2 | C20: =IF('Master Plan'!D60="","",'Master Plan'!D60) -> F23 provisional auto-match, F28 correction posting check | D20: =IF('Master Plan'!E60="","",'Master Plan'!E60) -> Close provisional on matching XBS receipt; mark corrections Posted from next snapshot or raise EX13. | E20: =IF('Master Plan'!G60="","",'Master Plan'!G60) | F20: =IF('Master Plan'!H60="","",'Master Plan'!H60) -> 46329 | G20: =IF('Master Plan'!I60="","",'Master Plan'!I60) -> 46331 | H20: =IF('Master Plan'!J60="","",'Master Plan'!J60) -> 3 | I20: =IF('Master Plan'!K60="","",'Master Plan'!K60) -> DO-11 | J20: =IF('Master Plan'!L60="","",'Master Plan'!L60) -> Flows F23, F28 | K20: =IF('Master Plan'!M60="","",'Master Plan'!M60) -> Test receipt closes provisional; unposted correction ages to EX13 | L20: =IF('Master Plan'!N60="","",'Master Plan'!N60) -> 12.2 | M20: =IF('Master Plan'!O60="","",'Master Plan'!O60) -> Not started | N20: =IF('Master Plan'!Q60="","",'Master Plan'!Q60)
A21: =IF('Master Plan'!A92="","",'Master Plan'!A92) -> DO-16 | B21: =IF('Master Plan'!B92="","",'Master Plan'!B92) -> 4 SIT | C21: =IF('Master Plan'!D92="","",'Master Plan'!D92) -> Run L1–L3 on October data and reconcile | D21: =IF('Master Plan'!E92="","",'Master Plan'!E92) -> Close count → L1; L2/L3 on month-end feeds; work residual with Finance/Ops. | E21: =IF('Master Plan'!G92="","",'Master Plan'!G92) -> Nicole Akinyi | F21: =IF('Master Plan'!H92="","",'Master Plan'!H92) -> 46330 | G21: =IF('Master Plan'!I92="","",'Master Plan'!I92) -> 46332 | H21: =IF('Master Plan'!J92="","",'Master Plan'!J92) -> 3 | I21: =IF('Master Plan'!K92="","",'Master Plan'!K92) -> WI-11 | J21: =IF('Master Plan'!L92="","",'Master Plan'!L92) -> Recon results | K21: =IF('Master Plan'!M92="","",'Master Plan'!M92) -> Residual explained to 0 or items listed | L21: =IF('Master Plan'!N92="","",'Master Plan'!N92) -> 4, 18.2 | M21: =IF('Master Plan'!O92="","",'Master Plan'!O92) -> Not started | N21: =IF('Master Plan'!Q92="","",'Master Plan'!Q92)
A22: =IF('Master Plan'!A112="","",'Master Plan'!A112) -> DO-18 | B22: =IF('Master Plan'!B112="","",'Master Plan'!B112) -> 6 UAT | C22: =IF('Master Plan'!D112="","",'Master Plan'!D112) -> Fix UAT defects — intake and engine | D22: =IF('Master Plan'!E112="","",'Master Plan'!E112) -> Fix and redeploy within severity SLA. | E22: =IF('Master Plan'!G112="","",'Master Plan'!G112) | F22: =IF('Master Plan'!H112="","",'Master Plan'!H112) -> 46342 | G22: =IF('Master Plan'!I112="","",'Master Plan'!I112) -> 46352 | H22: =IF('Master Plan'!J112="","",'Master Plan'!J112) -> 9 | I22: =IF('Master Plan'!K112="","",'Master Plan'!K112) -> PM-50 | J22: =IF('Master Plan'!L112="","",'Master Plan'!L112) -> Fixes | K22: =IF('Master Plan'!M112="","",'Master Plan'!M112) -> No open Sev 1/2 | L22: =IF('Master Plan'!N112="","",'Master Plan'!N112) -> — | M22: =IF('Master Plan'!O112="","",'Master Plan'!O112) -> Not started | N22: =IF('Master Plan'!Q112="","",'Master Plan'!Q112)
A23: =IF('Master Plan'!A117="","",'Master Plan'!A117) -> DO-19 | B23: =IF('Master Plan'!B117="","",'Master Plan'!B117) -> 7 Cutover | C23: =IF('Master Plan'!D117="","",'Master Plan'!D117) -> PROD master-data load and tie-out | D23: =IF('Master Plan'!E117="","",'Master Plan'!E117) -> Load and tie out all master data; mapping coverage = 100%. | E23: =IF('Master Plan'!G117="","",'Master Plan'!G117) -> Nicole Akinyi | F23: =IF('Master Plan'!H117="","",'Master Plan'!H117) -> 46350 | G23: =IF('Master Plan'!I117="","",'Master Plan'!I117) -> 46351 | H23: =IF('Master Plan'!J117="","",'Master Plan'!J117) -> 2 | I23: =IF('Master Plan'!K117="","",'Master Plan'!K117) -> MO-16 | J23: =IF('Master Plan'!L117="","",'Master Plan'!L117) -> PROD master data | K23: =IF('Master Plan'!M117="","",'Master Plan'!M117) -> T1/T2 pass in PROD | L23: =IF('Master Plan'!N117="","",'Master Plan'!N117) -> 20.1 | M23: =IF('Master Plan'!O117="","",'Master Plan'!O117) -> Not started | N23: =IF('Master Plan'!Q117="","",'Master Plan'!Q117)
A24: =IF('Master Plan'!A118="","",'Master Plan'!A118) -> DO-20 | B24: =IF('Master Plan'!B118="","",'Master Plan'!B118) -> 7 Cutover | C24: =IF('Master Plan'!D118="","",'Master Plan'!D118) -> Switch feeds to PROD mailbox; 3 clean intake days | D24: =IF('Master Plan'!E118="","",'Master Plan'!E118) -> Owners send to PROD; monitor 25, 26, 27 Nov. | E24: =IF('Master Plan'!G118="","",'Master Plan'!G118) | F24: =IF('Master Plan'!H118="","",'Master Plan'!H118) -> 46351 | G24: =IF('Master Plan'!I118="","",'Master Plan'!I118) -> 46353 | H24: =IF('Master Plan'!J118="","",'Master Plan'!J118) -> 3 | I24: =IF('Master Plan'!K118="","",'Master Plan'!K118) -> DO-19 | J24: =IF('Master Plan'!L118="","",'Master Plan'!L118) -> Clean intake log | K24: =IF('Master Plan'!M118="","",'Master Plan'!M118) -> 3 consecutive clean days | L24: =IF('Master Plan'!N118="","",'Master Plan'!N118) -> 20.1 | M24: =IF('Master Plan'!O118="","",'Master Plan'!O118) -> Not started | N24: =IF('Master Plan'!Q118="","",'Master Plan'!Q118)
A25: =IF('Master Plan'!A119="","",'Master Plan'!A119) -> DO-21 | B25: =IF('Master Plan'!B119="","",'Master Plan'!B119) -> 7 Cutover | C25: =IF('Master Plan'!D119="","",'Master Plan'!D119) -> Opening baseline calculation | D25: =IF('Master Plan'!E119="","",'Master Plan'!E119) -> Agree last reconciled position (October parallel run); record historic unexplained as RI-BASELINE. | E25: =IF('Master Plan'!G119="","",'Master Plan'!G119) -> Nicole Akinyi | F25: =IF('Master Plan'!H119="","",'Master Plan'!H119) -> 46352 | G25: =IF('Master Plan'!I119="","",'Master Plan'!I119) -> 46358 | H25: =IF('Master Plan'!J119="","",'Master Plan'!J119) -> 5 | I25: =IF('Master Plan'!K119="","",'Master Plan'!K119) -> DO-16 | J25: =IF('Master Plan'!L119="","",'Master Plan'!L119) -> Baseline workbook | K25: =IF('Master Plan'!M119="","",'Master Plan'!M119) -> Approved by Finance + Ops | L25: =IF('Master Plan'!N119="","",'Master Plan'!N119) -> 4.8, 20.3 | M25: =IF('Master Plan'!O119="","",'Master Plan'!O119) -> Not started | N25: =IF('Master Plan'!Q119="","",'Master Plan'!Q119)
A26: =IF('Master Plan'!A123="","",'Master Plan'!A123) -> DO-22 | B26: =IF('Master Plan'!B123="","",'Master Plan'!B123) -> 8 Hypercare | C26: =IF('Master Plan'!D123="","",'Master Plan'!D123) -> November L1–L3 runs; drive residual to 0 | D26: =IF('Master Plan'!E123="","",'Master Plan'!E123) -> Support Finance/Ops to clear exceptions and corrections by WD7 (Wed 9 Dec). | E26: =IF('Master Plan'!G123="","",'Master Plan'!G123) -> Nicole Akinyi, Jones Alukwe | F26: =IF('Master Plan'!H123="","",'Master Plan'!H123) -> 46359 | G26: =IF('Master Plan'!I123="","",'Master Plan'!I123) -> 46365 | H26: =IF('Master Plan'!J123="","",'Master Plan'!J123) -> 5 | I26: =IF('Master Plan'!K123="","",'Master Plan'!K123) -> PM-61 | J26: =IF('Master Plan'!L123="","",'Master Plan'!L123) -> Recon results | K26: =IF('Master Plan'!M123="","",'Master Plan'!M123) -> Residual 0 at all levels | L26: =IF('Master Plan'!N123="","",'Master Plan'!N123) -> 4, 5.2 | M26: =IF('Master Plan'!O123="","",'Master Plan'!O123) -> Not started | N26: =IF('Master Plan'!Q123="","",'Master Plan'!Q123)
A27: =IF('Master Plan'!A127="","",'Master Plan'!A127) -> DO-23 | B27: =IF('Master Plan'!B127="","",'Master Plan'!B127) -> 8 Hypercare | C27: =IF('Master Plan'!D127="","",'Master Plan'!D127) -> Runbooks for intake and engine failures | D27: =IF('Master Plan'!E127="","",'Master Plan'!E127) -> One runbook entry per failure type. | E27: =IF('Master Plan'!G127="","",'Master Plan'!G127) | F27: =IF('Master Plan'!H127="","",'Master Plan'!H127) -> 46363 | G27: =IF('Master Plan'!I127="","",'Master Plan'!I127) -> 46365 | H27: =IF('Master Plan'!J127="","",'Master Plan'!J127) -> 3 | I27: =IF('Master Plan'!K127="","",'Master Plan'!K127) | J27: =IF('Master Plan'!L127="","",'Master Plan'!L127) -> Runbooks | K27: =IF('Master Plan'!M127="","",'Master Plan'!M127) -> Reviewed by Moses | L27: =IF('Master Plan'!N127="","",'Master Plan'!N127) -> 17 NFR-10 | M27: =IF('Master Plan'!O127="","",'Master Plan'!O127) -> Not started | N27: =IF('Master Plan'!Q127="","",'Master Plan'!Q127)
A29: Tasks where Denis is supporting
A30: ID | B30: Phase | C30: Task | D30: Owner | E30: Start | F30: End
A31: =IF('Master Plan'!A5="","",'Master Plan'!A5) -> PM-01 | B31: =IF('Master Plan'!B5="","",'Master Plan'!B5) -> 0 Discovery | C31: =IF('Master Plan'!D5="","",'Master Plan'!D5) -> Project kick-off and warehouse walk-through | D31: =IF('Master Plan'!F5="","",'Master Plan'!F5) -> Daphne Okwaro | E31: =IF('Master Plan'!H5="","",'Master Plan'!H5) -> 46296 | F31: =IF('Master Plan'!I5="","",'Master Plan'!I5) -> 46296
A32: =IF('Master Plan'!A6="","",'Master Plan'!A6) -> PM-02 | B32: =IF('Master Plan'!B6="","",'Master Plan'!B6) -> 0 Discovery | C32: =IF('Master Plan'!D6="","",'Master Plan'!D6) -> Discovery sessions: Finance, Warehouse & Operations, Trade & QC, Logistics | D32: =IF('Master Plan'!F6="","",'Master Plan'!F6) -> Daphne Okwaro | E32: =IF('Master Plan'!H6="","",'Master Plan'!H6) -> 46297 | F32: =IF('Master Plan'!I6="","",'Master Plan'!I6) -> 46303
A33: =IF('Master Plan'!A16="","",'Master Plan'!A16) -> PM-15 | B33: =IF('Master Plan'!B16="","",'Master Plan'!B16) -> 1 Design | C33: =IF('Master Plan'!D16="","",'Master Plan'!D16) -> Formal data-feed request to XBS and Comtras/BRIC owners | D33: =IF('Master Plan'!F16="","",'Master Plan'!F16) -> Daphne Okwaro | E33: =IF('Master Plan'!H16="","",'Master Plan'!H16) -> 46307 | F33: =IF('Master Plan'!I16="","",'Master Plan'!I16) -> 46309
A34: =IF('Master Plan'!A18="","",'Master Plan'!A18) -> MO-01 | B34: =IF('Master Plan'!B18="","",'Master Plan'!B18) -> 1 Design | C34: =IF('Master Plan'!D18="","",'Master Plan'!D18) -> Inventory the ITB (John Nyongesa) solution | D34: =IF('Master Plan'!F18="","",'Master Plan'!F18) -> Moses Masibo | E34: =IF('Master Plan'!H18="","",'Master Plan'!H18) -> 46307 | F34: =IF('Master Plan'!I18="","",'Master Plan'!I18) -> 46308
A35: =IF('Master Plan'!A32="","",'Master Plan'!A32) -> PM-20 | B35: =IF('Master Plan'!B32="","",'Master Plan'!B32) -> 2 Sprint 1 | C35: =IF('Master Plan'!D32="","",'Master Plan'!D32) -> Sprint 1 planning | D35: =IF('Master Plan'!F32="","",'Master Plan'!F32) -> Daphne Okwaro | E35: =IF('Master Plan'!H32="","",'Master Plan'!H32) -> 46307 | F35: =IF('Master Plan'!I32="","",'Master Plan'!I32) -> 46307
A36: =IF('Master Plan'!A24="","",'Master Plan'!A24) -> NI-01 | B36: =IF('Master Plan'!B24="","",'Master Plan'!B24) -> 1 Design | C36: =IF('Master Plan'!D24="","",'Master Plan'!D24) -> Profile sample files from every feed | D36: =IF('Master Plan'!F24="","",'Master Plan'!F24) -> Nicole Akinyi | E36: =IF('Master Plan'!H24="","",'Master Plan'!H24) -> 46308 | F36: =IF('Master Plan'!I24="","",'Master Plan'!I24) -> 46311
A37: =IF('Master Plan'!A23="","",'Master Plan'!A23) -> MO-06 | B37: =IF('Master Plan'!B23="","",'Master Plan'!B23) -> 1 Design | C37: =IF('Master Plan'!D23="","",'Master Plan'!D23) -> Data-model review (34 tables, keys, alternate keys) | D37: =IF('Master Plan'!F23="","",'Master Plan'!F23) -> Moses Masibo | E37: =IF('Master Plan'!H23="","",'Master Plan'!H23) -> 46309 | F37: =IF('Master Plan'!I23="","",'Master Plan'!I23) -> 46311
A38: =IF('Master Plan'!A33="","",'Master Plan'!A33) -> MO-07 | B38: =IF('Master Plan'!B33="","",'Master Plan'!B33) -> 2 Sprint 1 | C38: =IF('Master Plan'!D33="","",'Master Plan'!D33) -> Shared mailbox and SharePoint STK-Intake site | D38: =IF('Master Plan'!F33="","",'Master Plan'!F33) -> Moses Masibo | E38: =IF('Master Plan'!H33="","",'Master Plan'!H33) -> 46310 | F38: =IF('Master Plan'!I33="","",'Master Plan'!I33) -> 46311
A39: =IF('Master Plan'!A39="","",'Master Plan'!A39) -> NI-02 | B39: =IF('Master Plan'!B39="","",'Master Plan'!B39) -> 2 Sprint 1 | C39: =IF('Master Plan'!D39="","",'Master Plan'!D39) -> Mapping coverage analysis | D39: =IF('Master Plan'!F39="","",'Master Plan'!F39) -> Nicole Akinyi | E39: =IF('Master Plan'!H39="","",'Master Plan'!H39) -> 46310 | F39: =IF('Master Plan'!I39="","",'Master Plan'!I39) -> 46316
A40: =IF('Master Plan'!A43="","",'Master Plan'!A43) -> WI-05 | B40: =IF('Master Plan'!B43="","",'Master Plan'!B43) -> 2 Sprint 1 | C40: =IF('Master Plan'!D43="","",'Master Plan'!D43) -> S5 Capture screen | D40: =IF('Master Plan'!F43="","",'Master Plan'!F43) -> William Imo | E40: =IF('Master Plan'!H43="","",'Master Plan'!H43) -> 46316 | F40: =IF('Master Plan'!I43="","",'Master Plan'!I43) -> 46318
A41: =IF('Master Plan'!A46="","",'Master Plan'!A46) -> AN-04 | B41: =IF('Master Plan'!B46="","",'Master Plan'!B46) -> 2 Sprint 1 | C41: =IF('Master Plan'!D46="","",'Master Plan'!D46) -> Stock take wizard (5 steps) + F10 notify | D41: =IF('Master Plan'!F46="","",'Master Plan'!F46) -> Andrew Tanui | E41: =IF('Master Plan'!H46="","",'Master Plan'!H46) -> 46316 | F41: =IF('Master Plan'!I46="","",'Master Plan'!I46) -> 46321
A42: =IF('Master Plan'!A52="","",'Master Plan'!A52) -> PM-21 | B42: =IF('Master Plan'!B52="","",'Master Plan'!B52) -> 2 Sprint 1 | C42: =IF('Master Plan'!D52="","",'Master Plan'!D52) -> Sprint 1 review / demo to NKG | D42: =IF('Master Plan'!F52="","",'Master Plan'!F52) -> Daphne Okwaro | E42: =IF('Master Plan'!H52="","",'Master Plan'!H52) -> 46318 | F42: =IF('Master Plan'!I52="","",'Master Plan'!I52) -> 46318
A43: =IF('Master Plan'!A53="","",'Master Plan'!A53) -> PM-30 | B43: =IF('Master Plan'!B53="","",'Master Plan'!B53) -> 3 Sprint 2 | C43: =IF('Master Plan'!D53="","",'Master Plan'!D53) -> Sprint 2 planning | D43: =IF('Master Plan'!F53="","",'Master Plan'!F53) -> Daphne Okwaro | E43: =IF('Master Plan'!H53="","",'Master Plan'!H53) -> 46321 | F43: =IF('Master Plan'!I53="","",'Master Plan'!I53) -> 46321
A44: =IF('Master Plan'!A79="","",'Master Plan'!A79) -> JO-06 | B44: =IF('Master Plan'!B79="","",'Master Plan'!B79) -> 3 Sprint 2 | C44: =IF('Master Plan'!D79="","",'Master Plan'!D79) -> Reconciliation workspace (custom page) | D44: =IF('Master Plan'!F79="","",'Master Plan'!F79) -> Jones Alukwe | E44: =IF('Master Plan'!H79="","",'Master Plan'!H79) -> 46323 | F44: =IF('Master Plan'!I79="","",'Master Plan'!I79) -> 46329
A45: =IF('Master Plan'!A84="","",'Master Plan'!A84) -> MO-10 | B45: =IF('Master Plan'!B84="","",'Master Plan'!B84) -> 3 Sprint 2 | C45: =IF('Master Plan'!D84="","",'Master Plan'!D84) -> Engine design review | D45: =IF('Master Plan'!F84="","",'Master Plan'!F84) -> Moses Masibo | E45: =IF('Master Plan'!H84="","",'Master Plan'!H84) -> 46323 | F45: =IF('Master Plan'!I84="","",'Master Plan'!I84) -> 46324
A46: =IF('Master Plan'!A73="","",'Master Plan'!A73) -> AN-07 | B46: =IF('Master Plan'!B73="","",'Master Plan'!B73) -> 3 Sprint 2 | C46: =IF('Master Plan'!D73="","",'Master Plan'!D73) -> F13 location variance check, recount and unidentified queues | D46: =IF('Master Plan'!F73="","",'Master Plan'!F73) -> Andrew Tanui | E46: =IF('Master Plan'!H73="","",'Master Plan'!H73) -> 46324 | F46: =IF('Master Plan'!I73="","",'Master Plan'!I73) -> 46325
A47: =IF('Master Plan'!A74="","",'Master Plan'!A74) -> AN-08 | B47: =IF('Master Plan'!B74="","",'Master Plan'!B74) -> 3 Sprint 2 | C47: =IF('Master Plan'!D74="","",'Master Plan'!D74) -> Variance review, manual approvals, close count + F14 | D47: =IF('Master Plan'!F74="","",'Master Plan'!F74) -> Andrew Tanui | E47: =IF('Master Plan'!H74="","",'Master Plan'!H74) -> 46328 | F47: =IF('Master Plan'!I74="","",'Master Plan'!I74) -> 46329
A48: =IF('Master Plan'!A97="","",'Master Plan'!A97) -> PM-32 | B48: =IF('Master Plan'!B97="","",'Master Plan'!B97) -> 4 SIT | C48: =IF('Master Plan'!D97="","",'Master Plan'!D97) -> Sprint 2 review / SIT exit | D48: =IF('Master Plan'!F97="","",'Master Plan'!F97) -> Daphne Okwaro | E48: =IF('Master Plan'!H97="","",'Master Plan'!H97) -> 46332 | F48: =IF('Master Plan'!I97="","",'Master Plan'!I97) -> 46332
A49: =IF('Master Plan'!A122="","",'Master Plan'!A122) -> PM-61 | B49: =IF('Master Plan'!B122="","",'Master Plan'!B122) -> 7 Cutover | C49: =IF('Master Plan'!D122="","",'Master Plan'!D122) -> First live month-end count (November) in PROD | D49: =IF('Master Plan'!F122="","",'Master Plan'!F122) -> Daphne Okwaro | E49: =IF('Master Plan'!H122="","",'Master Plan'!H122) -> 46357 | F49: =IF('Master Plan'!I122="","",'Master Plan'!I122) -> 46359
A50: =IF('Master Plan'!A125="","",'Master Plan'!A125) -> PM-63 | B50: =IF('Master Plan'!B125="","",'Master Plan'!B125) -> 8 Hypercare | C50: =IF('Master Plan'!D125="","",'Master Plan'!D125) -> Hypercare: daily stand-up with NKG super users | D50: =IF('Master Plan'!F125="","",'Master Plan'!F125) -> Daphne Okwaro | E50: =IF('Master Plan'!H125="","",'Master Plan'!H125) -> 46357 | F50: =IF('Master Plan'!I125="","",'Master Plan'!I125) -> 46367
A51: =IF('Master Plan'!A126="","",'Master Plan'!A126) -> MO-18 | B51: =IF('Master Plan'!B126="","",'Master Plan'!B126) -> 8 Hypercare | C51: =IF('Master Plan'!D126="","",'Master Plan'!D126) -> Knowledge transfer to NKG IT (2 × 2 h) | D51: =IF('Master Plan'!F126="","",'Master Plan'!F126) -> Moses Masibo | E51: =IF('Master Plan'!H126="","",'Master Plan'!H126) -> 46363 | F51: =IF('Master Plan'!I126="","",'Master Plan'!I126) -> 46365

Sheet Nicole
A1: Nicole Akinyi — Data Analyst
A2: Owns: Data profiling, mapping coverage, test data, Power BI model and reports, month-end pack, parallel-run analysis. Live links to Master Plan — update status there.
A4: ID | B4: Phase | C4: Task | D4: Detailed description / steps | E4: Support | F4: Start | G4: End | H4: Work days | I4: Depends on | J4: Deliverable | K4: Done when | L4: Spec ref | M4: Status | N4: Overdue?
A5: =IF('Master Plan'!A24="","",'Master Plan'!A24) -> NI-01 | B5: =IF('Master Plan'!B24="","",'Master Plan'!B24) -> 1 Design | C5: =IF('Master Plan'!D24="","",'Master Plan'!D24) -> Profile sample files from every feed | D5: =IF('Master Plan'!E24="","",'Master Plan'!E24) -> For each file: row counts, keys, duplicates, blanks, grade/quality codes, units, date formats; compare to Appendix E templates. | E5: =IF('Master Plan'!G24="","",'Master Plan'!G24) -> Denis Otieno | F5: =IF('Master Plan'!H24="","",'Master Plan'!H24) -> 46308 | G5: =IF('Master Plan'!I24="","",'Master Plan'!I24) -> 46311 | H5: =IF('Master Plan'!J24="","",'Master Plan'!J24) -> 4 | I5: =IF('Master Plan'!K24="","",'Master Plan'!K24) -> PM-15 | J5: =IF('Master Plan'!L24="","",'Master Plan'!L24) -> Profiling report | K5: =IF('Master Plan'!M24="","",'Master Plan'!M24) -> Issues list sent to data owners | L5: =IF('Master Plan'!N24="","",'Master Plan'!N24) -> 7.2, App. E | M5: =IF('Master Plan'!O24="","",'Master Plan'!O24) -> Not started | N5: =IF('Master Plan'!Q24="","",'Master Plan'!Q24)
A6: =IF('Master Plan'!A39="","",'Master Plan'!A39) -> NI-02 | B6: =IF('Master Plan'!B39="","",'Master Plan'!B39) -> 2 Sprint 1 | C6: =IF('Master Plan'!D39="","",'Master Plan'!D39) -> Mapping coverage analysis | D6: =IF('Master Plan'!E39="","",'Master Plan'!E39) -> Outturn → grade → secondary → primary basket; list unmapped and conflicting outturns for Trade/QC with eq60 impact. | E6: =IF('Master Plan'!G39="","",'Master Plan'!G39) -> Denis Otieno | F6: =IF('Master Plan'!H39="","",'Master Plan'!H39) -> 46310 | G6: =IF('Master Plan'!I39="","",'Master Plan'!I39) -> 46316 | H6: =IF('Master Plan'!J39="","",'Master Plan'!J39) -> 4 | I6: =IF('Master Plan'!K39="","",'Master Plan'!K39) -> NI-01 | J6: =IF('Master Plan'!L39="","",'Master Plan'!L39) -> Coverage report + unmapped list | K6: =IF('Master Plan'!M39="","",'Master Plan'!M39) -> List sent to Trade and QC | L6: =IF('Master Plan'!N39="","",'Master Plan'!N39) -> 8.2, 11.2 | M6: =IF('Master Plan'!O39="","",'Master Plan'!O39) -> Not started | N6: =IF('Master Plan'!Q39="","",'Master Plan'!Q39)
A7: =IF('Master Plan'!A40="","",'Master Plan'!A40) -> NI-03 | B7: =IF('Master Plan'!B40="","",'Master Plan'!B40) -> 2 Sprint 1 | C7: =IF('Master Plan'!D40="","",'Master Plan'!D40) -> Build test data sets | D7: =IF('Master Plan'!E40="","",'Master Plan'!E40) -> Scenarios for every RI code and EX01–EX20: found-elsewhere, pockets, lights, timing, third-party, SNI, provisional, wrong basket, roll-over. | E7: =IF('Master Plan'!G40="","",'Master Plan'!G40) -> Frankie Omasaja | F7: =IF('Master Plan'!H40="","",'Master Plan'!H40) -> 46314 | G7: =IF('Master Plan'!I40="","",'Master Plan'!I40) -> 46318 | H7: =IF('Master Plan'!J40="","",'Master Plan'!J40) -> 4 | I7: =IF('Master Plan'!K40="","",'Master Plan'!K40) -> DO-02 | J7: =IF('Master Plan'!L40="","",'Master Plan'!L40) -> Test data pack in Git /test | K7: =IF('Master Plan'!M40="","",'Master Plan'!M40) -> Each scenario has expected result | L7: =IF('Master Plan'!N40="","",'Master Plan'!N40) -> 8.4, 8.5, 18 | M7: =IF('Master Plan'!O40="","",'Master Plan'!O40) -> Not started | N7: =IF('Master Plan'!Q40="","",'Master Plan'!Q40)
A8: =IF('Master Plan'!A61="","",'Master Plan'!A61) -> NI-04 | B8: =IF('Master Plan'!B61="","",'Master Plan'!B61) -> 3 Sprint 2 | C8: =IF('Master Plan'!D61="","",'Master Plan'!D61) -> Power BI model | D8: =IF('Master Plan'!E61="","",'Master Plan'!E61) -> Dataverse connection; FactStock, FactRecon, FactException, FactMovement; dims; Import + DirectQuery split. | E8: =IF('Master Plan'!G61="","",'Master Plan'!G61) | F8: =IF('Master Plan'!H61="","",'Master Plan'!H61) -> 46321 | G8: =IF('Master Plan'!I61="","",'Master Plan'!I61) -> 46323 | H8: =IF('Master Plan'!J61="","",'Master Plan'!J61) -> 3 | I8: =IF('Master Plan'!K61="","",'Master Plan'!K61) -> DO-03 | J8: =IF('Master Plan'!L61="","",'Master Plan'!L61) -> PBIP in Git | K8: =IF('Master Plan'!M61="","",'Master Plan'!M61) -> Model refreshes in DEV workspace | L8: =IF('Master Plan'!N61="","",'Master Plan'!N61) -> 13.1 | M8: =IF('Master Plan'!O61="","",'Master Plan'!O61) -> Not started | N8: =IF('Master Plan'!Q61="","",'Master Plan'!Q61)
A9: =IF('Master Plan'!A62="","",'Master Plan'!A62) -> NI-05 | B9: =IF('Master Plan'!B62="","",'Master Plan'!B62) -> 3 Sprint 2 | C9: =IF('Master Plan'!D62="","",'Master Plan'!D62) -> DAX measures | D9: =IF('Master Plan'!E62="","",'Master Plan'!E62) -> Eq60 by source, Raw Diff, RI Total, Corrections, Residual, Residual OK, Count Accuracy %, Open/Overdue exceptions. | E9: =IF('Master Plan'!G62="","",'Master Plan'!G62) | F9: =IF('Master Plan'!H62="","",'Master Plan'!H62) -> 46323 | G9: =IF('Master Plan'!I62="","",'Master Plan'!I62) -> 46324 | H9: =IF('Master Plan'!J62="","",'Master Plan'!J62) -> 2 | I9: =IF('Master Plan'!K62="","",'Master Plan'!K62) -> NI-04 | J9: =IF('Master Plan'!L62="","",'Master Plan'!L62) -> Measures | K9: =IF('Master Plan'!M62="","",'Master Plan'!M62) -> Measures match hand-calculated test values | L9: =IF('Master Plan'!N62="","",'Master Plan'!N62) -> 13.2 | M9: =IF('Master Plan'!O62="","",'Master Plan'!O62) -> Not started | N9: =IF('Master Plan'!Q62="","",'Master Plan'!Q62)
A10: =IF('Master Plan'!A63="","",'Master Plan'!A63) -> NI-06 | B10: =IF('Master Plan'!B63="","",'Master Plan'!B63) -> 3 Sprint 2 | C10: =IF('Master Plan'!D63="","",'Master Plan'!D63) -> Eight report pages | D10: =IF('Master Plan'!E63="","",'Master Plan'!E63) -> Executive, Stock position, Reconciliation waterfall, Exceptions, Count performance, Provisional & SNI, Third parties, Data quality. | E10: =IF('Master Plan'!G63="","",'Master Plan'!G63) | F10: =IF('Master Plan'!H63="","",'Master Plan'!H63) -> 46324 | G10: =IF('Master Plan'!I63="","",'Master Plan'!I63) -> 46330 | H10: =IF('Master Plan'!J63="","",'Master Plan'!J63) -> 5 | I10: =IF('Master Plan'!K63="","",'Master Plan'!K63) -> NI-05 | J10: =IF('Master Plan'!L63="","",'Master Plan'!L63) -> Report | K10: =IF('Master Plan'!M63="","",'Master Plan'!M63) -> Matches mockup 08; reviewed by PM | L10: =IF('Master Plan'!N63="","",'Master Plan'!N63) -> 13.3 | M10: =IF('Master Plan'!O63="","",'Master Plan'!O63) -> Not started | N10: =IF('Master Plan'!Q63="","",'Master Plan'!Q63)
A11: =IF('Master Plan'!A65="","",'Master Plan'!A65) -> NI-08 | B11: =IF('Master Plan'!B65="","",'Master Plan'!B65) -> 3 Sprint 2 | C11: =IF('Master Plan'!D65="","",'Master Plan'!D65) -> Month-end pack template (F32) | D11: =IF('Master Plan'!E65="","",'Master Plan'!E65) -> Paginated report / Word template: residuals, waterfall, exceptions, corrections, sign-off history. | E11: =IF('Master Plan'!G65="","",'Master Plan'!G65) -> Jones Alukwe | F11: =IF('Master Plan'!H65="","",'Master Plan'!H65) -> 46329 | G11: =IF('Master Plan'!I65="","",'Master Plan'!I65) -> 46332 | H11: =IF('Master Plan'!J65="","",'Master Plan'!J65) -> 4 | I11: =IF('Master Plan'!K65="","",'Master Plan'!K65) -> NI-06 | J11: =IF('Master Plan'!L65="","",'Master Plan'!L65) -> Pack template | K11: =IF('Master Plan'!M65="","",'Master Plan'!M65) -> PDF generated from test period | L11: =IF('Master Plan'!N65="","",'Master Plan'!N65) -> 12.2 | M11: =IF('Master Plan'!O65="","",'Master Plan'!O65) -> Not started | N11: =IF('Master Plan'!Q65="","",'Master Plan'!Q65)
A12: =IF('Master Plan'!A64="","",'Master Plan'!A64) -> NI-07 | B12: =IF('Master Plan'!B64="","",'Master Plan'!B64) -> 3 Sprint 2 | C12: =IF('Master Plan'!D64="","",'Master Plan'!D64) -> RLS, workspace app, embed | D12: =IF('Master Plan'!E64="","",'Master Plan'!E64) -> RLS by department/warehouse; publish workspace app "NKG EA Stock Control"; embed in Control Centre with Jones. | E12: =IF('Master Plan'!G64="","",'Master Plan'!G64) -> Jones Alukwe | F12: =IF('Master Plan'!H64="","",'Master Plan'!H64) -> 46330 | G12: =IF('Master Plan'!I64="","",'Master Plan'!I64) -> 46331 | H12: =IF('Master Plan'!J64="","",'Master Plan'!J64) -> 2 | I12: =IF('Master Plan'!K64="","",'Master Plan'!K64) -> NI-06 | J12: =IF('Master Plan'!L64="","",'Master Plan'!L64) -> Workspace app | K12: =IF('Master Plan'!M64="","",'Master Plan'!M64) -> Role test: Logistics sees only Logistics pages | L12: =IF('Master Plan'!N64="","",'Master Plan'!N64) -> 13.3 | M12: =IF('Master Plan'!O64="","",'Master Plan'!O64) -> Not started | N12: =IF('Master Plan'!Q64="","",'Master Plan'!Q64)
A13: =IF('Master Plan'!A93="","",'Master Plan'!A93) -> NI-09 | B13: =IF('Master Plan'!B93="","",'Master Plan'!B93) -> 4 SIT | C13: =IF('Master Plan'!D93="","",'Master Plan'!D93) -> Parallel-run comparison report | D13: =IF('Master Plan'!E93="","",'Master Plan'!E93) -> Compare manual vs new solution: variances found, explanations, time taken (T9). | E13: =IF('Master Plan'!G93="","",'Master Plan'!G93) -> Daphne Okwaro | F13: =IF('Master Plan'!H93="","",'Master Plan'!H93) -> 46330 | G13: =IF('Master Plan'!I93="","",'Master Plan'!I93) -> 46332 | H13: =IF('Master Plan'!J93="","",'Master Plan'!J93) -> 3 | I13: =IF('Master Plan'!K93="","",'Master Plan'!K93) -> DO-16 | J13: =IF('Master Plan'!L93="","",'Master Plan'!L93) -> Comparison report | K13: =IF('Master Plan'!M93="","",'Master Plan'!M93) -> Shared with NKG sponsors | L13: =IF('Master Plan'!N93="","",'Master Plan'!N93) -> 18.2 T9 | M13: =IF('Master Plan'!O93="","",'Master Plan'!O93) -> Not started | N13: =IF('Master Plan'!Q93="","",'Master Plan'!Q93)
A14: =IF('Master Plan'!A95="","",'Master Plan'!A95) -> NI-10 | B14: =IF('Master Plan'!B95="","",'Master Plan'!B95) -> 4 SIT | C14: =IF('Master Plan'!D95="","",'Master Plan'!D95) -> T7 report vs source tie-out | D14: =IF('Master Plan'!E95="","",'Master Plan'!E95) -> Every Power BI total vs Dataverse query total. | E14: =IF('Master Plan'!G95="","",'Master Plan'!G95) | F14: =IF('Master Plan'!H95="","",'Master Plan'!H95) -> 46331 | G14: =IF('Master Plan'!I95="","",'Master Plan'!I95) -> 46332 | H14: =IF('Master Plan'!J95="","",'Master Plan'!J95) -> 2 | I14: =IF('Master Plan'!K95="","",'Master Plan'!K95) -> NI-06 | J14: =IF('Master Plan'!L95="","",'Master Plan'!L95) -> T7 evidence | K14: =IF('Master Plan'!M95="","",'Master Plan'!M95) -> 0 difference | L14: =IF('Master Plan'!N95="","",'Master Plan'!N95) -> 18.2 | M14: =IF('Master Plan'!O95="","",'Master Plan'!O95) -> Not started | N14: =IF('Master Plan'!Q95="","",'Master Plan'!Q95)
A15: =IF('Master Plan'!A105="","",'Master Plan'!A105) -> NI-11 | B15: =IF('Master Plan'!B105="","",'Master Plan'!B105) -> 5 Training | C15: =IF('Master Plan'!D105="","",'Master Plan'!D105) -> Data dictionary | D15: =IF('Master Plan'!E105="","",'Master Plan'!E105) -> Generate from Dataverse; add business definitions. | E15: =IF('Master Plan'!G105="","",'Master Plan'!G105) | F15: =IF('Master Plan'!H105="","",'Master Plan'!H105) -> 46335 | G15: =IF('Master Plan'!I105="","",'Master Plan'!I105) -> 46338 | H15: =IF('Master Plan'!J105="","",'Master Plan'!J105) -> 4 | I15: =IF('Master Plan'!K105="","",'Master Plan'!K105) -> DO-03 | J15: =IF('Master Plan'!L105="","",'Master Plan'!L105) -> Data dictionary | K15: =IF('Master Plan'!M105="","",'Master Plan'!M105) -> Published in STK-Knowledge | L15: =IF('Master Plan'!N105="","",'Master Plan'!N105) -> 21 | M15: =IF('Master Plan'!O105="","",'Master Plan'!O105) -> Not started | N15: =IF('Master Plan'!Q105="","",'Master Plan'!Q105)
A16: =IF('Master Plan'!A113="","",'Master Plan'!A113) -> NI-12 | B16: =IF('Master Plan'!B113="","",'Master Plan'!B113) -> 6 UAT | C16: =IF('Master Plan'!D113="","",'Master Plan'!D113) -> Fix UAT defects — Power BI and pack | D16: =IF('Master Plan'!E113="","",'Master Plan'!E113) -> Fix and republish. | E16: =IF('Master Plan'!G113="","",'Master Plan'!G113) | F16: =IF('Master Plan'!H113="","",'Master Plan'!H113) -> 46342 | G16: =IF('Master Plan'!I113="","",'Master Plan'!I113) -> 46352 | H16: =IF('Master Plan'!J113="","",'Master Plan'!J113) -> 9 | I16: =IF('Master Plan'!K113="","",'Master Plan'!K113) -> PM-50 | J16: =IF('Master Plan'!L113="","",'Master Plan'!L113) -> Fixes | K16: =IF('Master Plan'!M113="","",'Master Plan'!M113) -> No open Sev 1/2 | L16: =IF('Master Plan'!N113="","",'Master Plan'!N113) -> — | M16: =IF('Master Plan'!O113="","",'Master Plan'!O113) -> Not started | N16: =IF('Master Plan'!Q113="","",'Master Plan'!Q113)
A18: Tasks where Nicole is supporting
A19: ID | B19: Phase | C19: Task | D19: Owner | E19: Start | F19: End
A20: =IF('Master Plan'!A5="","",'Master Plan'!A5) -> PM-01 | B20: =IF('Master Plan'!B5="","",'Master Plan'!B5) -> 0 Discovery | C20: =IF('Master Plan'!D5="","",'Master Plan'!D5) -> Project kick-off and warehouse walk-through | D20: =IF('Master Plan'!F5="","",'Master Plan'!F5) -> Daphne Okwaro | E20: =IF('Master Plan'!H5="","",'Master Plan'!H5) -> 46296 | F20: =IF('Master Plan'!I5="","",'Master Plan'!I5) -> 46296
A21: =IF('Master Plan'!A6="","",'Master Plan'!A6) -> PM-02 | B21: =IF('Master Plan'!B6="","",'Master Plan'!B6) -> 0 Discovery | C21: =IF('Master Plan'!D6="","",'Master Plan'!D6) -> Discovery sessions: Finance, Warehouse & Operations, Trade & QC, Logistics | D21: =IF('Master Plan'!F6="","",'Master Plan'!F6) -> Daphne Okwaro | E21: =IF('Master Plan'!H6="","",'Master Plan'!H6) -> 46297 | F21: =IF('Master Plan'!I6="","",'Master Plan'!I6) -> 46303
A22: =IF('Master Plan'!A7="","",'Master Plan'!A7) -> PM-03 | B22: =IF('Master Plan'!B7="","",'Master Plan'!B7) -> 0 Discovery | C22: =IF('Master Plan'!D7="","",'Master Plan'!D7) -> BRD V1.1 (red = items to confirm) | D22: =IF('Master Plan'!F7="","",'Master Plan'!F7) -> Daphne Okwaro | E22: =IF('Master Plan'!H7="","",'Master Plan'!H7) -> 46300 | F22: =IF('Master Plan'!I7="","",'Master Plan'!I7) -> 46304
A23: =IF('Master Plan'!A32="","",'Master Plan'!A32) -> PM-20 | B23: =IF('Master Plan'!B32="","",'Master Plan'!B32) -> 2 Sprint 1 | C23: =IF('Master Plan'!D32="","",'Master Plan'!D32) -> Sprint 1 planning | D23: =IF('Master Plan'!F32="","",'Master Plan'!F32) -> Daphne Okwaro | E23: =IF('Master Plan'!H32="","",'Master Plan'!H32) -> 46307 | F23: =IF('Master Plan'!I32="","",'Master Plan'!I32) -> 46307
A24: =IF('Master Plan'!A26="","",'Master Plan'!A26) -> DO-02 | B24: =IF('Master Plan'!B26="","",'Master Plan'!B26) -> 1 Design | C24: =IF('Master Plan'!D26="","",'Master Plan'!D26) -> Finalise intake file templates and column mappings | D24: =IF('Master Plan'!F26="","",'Master Plan'!F26) -> Denis Otieno | E24: =IF('Master Plan'!H26="","",'Master Plan'!H26) -> 46309 | F24: =IF('Master Plan'!I26="","",'Master Plan'!I26) -> 46311
A25: =IF('Master Plan'!A51="","",'Master Plan'!A51) -> FR-02 | B25: =IF('Master Plan'!B51="","",'Master Plan'!B51) -> 2 Sprint 1 | C25: =IF('Master Plan'!D51="","",'Master Plan'!D51) -> Write SIT scripts | D25: =IF('Master Plan'!F51="","",'Master Plan'!F51) -> Frankie Omasaja | E25: =IF('Master Plan'!H51="","",'Master Plan'!H51) -> 46314 | F25: =IF('Master Plan'!I51="","",'Master Plan'!I51) -> 46318
A26: =IF('Master Plan'!A36="","",'Master Plan'!A36) -> DO-05 | B26: =IF('Master Plan'!B36="","",'Master Plan'!B36) -> 2 Sprint 1 | C26: =IF('Master Plan'!D36="","",'Master Plan'!D36) -> F02 Validate file (V1–V7) | D26: =IF('Master Plan'!F36="","",'Master Plan'!F36) -> Denis Otieno | E26: =IF('Master Plan'!H36="","",'Master Plan'!H36) -> 46316 | F26: =IF('Master Plan'!I36="","",'Master Plan'!I36) -> 46318
A27: =IF('Master Plan'!A38="","",'Master Plan'!A38) -> DO-07 | B27: =IF('Master Plan'!B38="","",'Master Plan'!B38) -> 2 Sprint 1 | C27: =IF('Master Plan'!D38="","",'Master Plan'!D38) -> Master-data migration | D27: =IF('Master Plan'!F38="","",'Master Plan'!F38) -> Denis Otieno | E27: =IF('Master Plan'!H38="","",'Master Plan'!H38) -> 46316 | F27: =IF('Master Plan'!I38="","",'Master Plan'!I38) -> 46318
A28: =IF('Master Plan'!A48="","",'Master Plan'!A48) -> JO-03 | B28: =IF('Master Plan'!B48="","",'Master Plan'!B48) -> 2 Sprint 1 | C28: =IF('Master Plan'!D48="","",'Master Plan'!D48) -> Mapping BPF + F22 + versioning | D28: =IF('Master Plan'!F48="","",'Master Plan'!F48) -> Jones Alukwe | E28: =IF('Master Plan'!H48="","",'Master Plan'!H48) -> 46316 | F28: =IF('Master Plan'!I48="","",'Master Plan'!I48) -> 46318
A29: =IF('Master Plan'!A52="","",'Master Plan'!A52) -> PM-21 | B29: =IF('Master Plan'!B52="","",'Master Plan'!B52) -> 2 Sprint 1 | C29: =IF('Master Plan'!D52="","",'Master Plan'!D52) -> Sprint 1 review / demo to NKG | D29: =IF('Master Plan'!F52="","",'Master Plan'!F52) -> Daphne Okwaro | E29: =IF('Master Plan'!H52="","",'Master Plan'!H52) -> 46318 | F29: =IF('Master Plan'!I52="","",'Master Plan'!I52) -> 46318
A30: =IF('Master Plan'!A53="","",'Master Plan'!A53) -> PM-30 | B30: =IF('Master Plan'!B53="","",'Master Plan'!B53) -> 3 Sprint 2 | C30: =IF('Master Plan'!D53="","",'Master Plan'!D53) -> Sprint 2 planning | D30: =IF('Master Plan'!F53="","",'Master Plan'!F53) -> Daphne Okwaro | E30: =IF('Master Plan'!H53="","",'Master Plan'!H53) -> 46321 | F30: =IF('Master Plan'!I53="","",'Master Plan'!I53) -> 46321
A31: =IF('Master Plan'!A87="","",'Master Plan'!A87) -> FR-03 | B31: =IF('Master Plan'!B87="","",'Master Plan'!B87) -> 4 SIT | C31: =IF('Master Plan'!D87="","",'Master Plan'!D87) -> Execute SIT scripts (rolling as features land) | D31: =IF('Master Plan'!F87="","",'Master Plan'!F87) -> Frankie Omasaja | E31: =IF('Master Plan'!H87="","",'Master Plan'!H87) -> 46321 | F31: =IF('Master Plan'!I87="","",'Master Plan'!I87) -> 46332
A32: =IF('Master Plan'!A57="","",'Master Plan'!A57) -> DO-11 | B32: =IF('Master Plan'!B57="","",'Master Plan'!B57) -> 3 Sprint 2 | C32: =IF('Master Plan'!D57="","",'Master Plan'!D57) -> L2 XBS vs Comtras | D32: =IF('Master Plan'!F57="","",'Master Plan'!F57) -> Denis Otieno | E32: =IF('Master Plan'!H57="","",'Master Plan'!H57) -> 46324 | F32: =IF('Master Plan'!I57="","",'Master Plan'!I57) -> 46329
A33: =IF('Master Plan'!A83="","",'Master Plan'!A83) -> JO-10 | B33: =IF('Master Plan'!B83="","",'Master Plan'!B83) -> 3 Sprint 2 | C33: =IF('Master Plan'!D83="","",'Master Plan'!D83) -> Stock Assistant set-up + topics T1–T5 | D33: =IF('Master Plan'!F83="","",'Master Plan'!F83) -> Jones Alukwe | E33: =IF('Master Plan'!H83="","",'Master Plan'!H83) -> 46328 | F33: =IF('Master Plan'!I83="","",'Master Plan'!I83) -> 46332
A34: =IF('Master Plan'!A94="","",'Master Plan'!A94) -> DO-17 | B34: =IF('Master Plan'!B94="","",'Master Plan'!B94) -> 4 SIT | C34: =IF('Master Plan'!D94="","",'Master Plan'!D94) -> Tie-outs T1–T8 and T10 | D34: =IF('Master Plan'!F94="","",'Master Plan'!F94) -> Denis Otieno | E34: =IF('Master Plan'!H94="","",'Master Plan'!H94) -> 46328 | F34: =IF('Master Plan'!I94="","",'Master Plan'!I94) -> 46332
A35: =IF('Master Plan'!A81="","",'Master Plan'!A81) -> JO-08 | B35: =IF('Master Plan'!B81="","",'Master Plan'!B81) -> 3 Sprint 2 | C35: =IF('Master Plan'!D81="","",'Master Plan'!D81) -> Downgrade worksheet + F25; SNI/shorts views; feedback log | D35: =IF('Master Plan'!F81="","",'Master Plan'!F81) -> Jones Alukwe | E35: =IF('Master Plan'!H81="","",'Master Plan'!H81) -> 46329 | F35: =IF('Master Plan'!I81="","",'Master Plan'!I81) -> 46330
A36: =IF('Master Plan'!A82="","",'Master Plan'!A82) -> JO-09 | B36: =IF('Master Plan'!B82="","",'Master Plan'!B82) -> 3 Sprint 2 | C36: =IF('Master Plan'!D82="","",'Master Plan'!D82) -> Sign-off BPF + F31 gate/lock + F32 trigger | D36: =IF('Master Plan'!F82="","",'Master Plan'!F82) -> Jones Alukwe | E36: =IF('Master Plan'!H82="","",'Master Plan'!H82) -> 46330 | F36: =IF('Master Plan'!I82="","",'Master Plan'!I82) -> 46332
A37: =IF('Master Plan'!A92="","",'Master Plan'!A92) -> DO-16 | B37: =IF('Master Plan'!B92="","",'Master Plan'!B92) -> 4 SIT | C37: =IF('Master Plan'!D92="","",'Master Plan'!D92) -> Run L1–L3 on October data and reconcile | D37: =IF('Master Plan'!F92="","",'Master Plan'!F92) -> Denis Otieno | E37: =IF('Master Plan'!H92="","",'Master Plan'!H92) -> 46330 | F37: =IF('Master Plan'!I92="","",'Master Plan'!I92) -> 46332
A38: =IF('Master Plan'!A97="","",'Master Plan'!A97) -> PM-32 | B38: =IF('Master Plan'!B97="","",'Master Plan'!B97) -> 4 SIT | C38: =IF('Master Plan'!D97="","",'Master Plan'!D97) -> Sprint 2 review / SIT exit | D38: =IF('Master Plan'!F97="","",'Master Plan'!F97) -> Daphne Okwaro | E38: =IF('Master Plan'!H97="","",'Master Plan'!H97) -> 46332 | F38: =IF('Master Plan'!I97="","",'Master Plan'!I97) -> 46332
A39: =IF('Master Plan'!A100="","",'Master Plan'!A100) -> JO-11 | B39: =IF('Master Plan'!B100="","",'Master Plan'!B100) -> 5 Training | C39: =IF('Master Plan'!D100="","",'Master Plan'!D100) -> Topics T6–T10 + evaluation set | D39: =IF('Master Plan'!F100="","",'Master Plan'!F100) -> Jones Alukwe | E39: =IF('Master Plan'!H100="","",'Master Plan'!H100) -> 46335 | F39: =IF('Master Plan'!I100="","",'Master Plan'!I100) -> 46337
A40: =IF('Master Plan'!A104="","",'Master Plan'!A104) -> JO-13 | B40: =IF('Master Plan'!B104="","",'Master Plan'!B104) -> 5 Training | C40: =IF('Master Plan'!D104="","",'Master Plan'!D104) -> Train Trade, QC, Logistics, Finance, Management (Control Centre + Copilot) | D40: =IF('Master Plan'!F104="","",'Master Plan'!F104) -> Jones Alukwe | E40: =IF('Master Plan'!H104="","",'Master Plan'!H104) -> 46337 | F40: =IF('Master Plan'!I104="","",'Master Plan'!I104) -> 46339
A41: =IF('Master Plan'!A117="","",'Master Plan'!A117) -> DO-19 | B41: =IF('Master Plan'!B117="","",'Master Plan'!B117) -> 7 Cutover | C41: =IF('Master Plan'!D117="","",'Master Plan'!D117) -> PROD master-data load and tie-out | D41: =IF('Master Plan'!F117="","",'Master Plan'!F117) -> Denis Otieno | E41: =IF('Master Plan'!H117="","",'Master Plan'!H117) -> 46350 | F41: =IF('Master Plan'!I117="","",'Master Plan'!I117) -> 46351
A42: =IF('Master Plan'!A119="","",'Master Plan'!A119) -> DO-21 | B42: =IF('Master Plan'!B119="","",'Master Plan'!B119) -> 7 Cutover | C42: =IF('Master Plan'!D119="","",'Master Plan'!D119) -> Opening baseline calculation | D42: =IF('Master Plan'!F119="","",'Master Plan'!F119) -> Denis Otieno | E42: =IF('Master Plan'!H119="","",'Master Plan'!H119) -> 46352 | F42: =IF('Master Plan'!I119="","",'Master Plan'!I119) -> 46358
A43: =IF('Master Plan'!A122="","",'Master Plan'!A122) -> PM-61 | B43: =IF('Master Plan'!B122="","",'Master Plan'!B122) -> 7 Cutover | C43: =IF('Master Plan'!D122="","",'Master Plan'!D122) -> First live month-end count (November) in PROD | D43: =IF('Master Plan'!F122="","",'Master Plan'!F122) -> Daphne Okwaro | E43: =IF('Master Plan'!H122="","",'Master Plan'!H122) -> 46357 | F43: =IF('Master Plan'!I122="","",'Master Plan'!I122) -> 46359
A44: =IF('Master Plan'!A125="","",'Master Plan'!A125) -> PM-63 | B44: =IF('Master Plan'!B125="","",'Master Plan'!B125) -> 8 Hypercare | C44: =IF('Master Plan'!D125="","",'Master Plan'!D125) -> Hypercare: daily stand-up with NKG super users | D44: =IF('Master Plan'!F125="","",'Master Plan'!F125) -> Daphne Okwaro | E44: =IF('Master Plan'!H125="","",'Master Plan'!H125) -> 46357 | F44: =IF('Master Plan'!I125="","",'Master Plan'!I125) -> 46367
A45: =IF('Master Plan'!A123="","",'Master Plan'!A123) -> DO-22 | B45: =IF('Master Plan'!B123="","",'Master Plan'!B123) -> 8 Hypercare | C45: =IF('Master Plan'!D123="","",'Master Plan'!D123) -> November L1–L3 runs; drive residual to 0 | D45: =IF('Master Plan'!F123="","",'Master Plan'!F123) -> Denis Otieno | E45: =IF('Master Plan'!H123="","",'Master Plan'!H123) -> 46359 | F45: =IF('Master Plan'!I123="","",'Master Plan'!I123) -> 46365

Sheet William
A1: William Imo — Power Apps Developer
A2: Owns: Stock Take app (counter phone/tablet app), offline sync, count flows F11–F12, counter training. Live links to Master Plan — update status there.
A4: ID | B4: Phase | C4: Task | D4: Detailed description / steps | E4: Support | F4: Start | G4: End | H4: Work days | I4: Depends on | J4: Deliverable | K4: Done when | L4: Spec ref | M4: Status | N4: Overdue?
A5: =IF('Master Plan'!A27="","",'Master Plan'!A27) -> WI-01 | B5: =IF('Master Plan'!B27="","",'Master Plan'!B27) -> 1 Design | C5: =IF('Master Plan'!D27="","",'Master Plan'!D27) -> Review ITB Stock Take app | D5: =IF('Master Plan'!E27="","",'Master Plan'!E27) -> Walk every screen and formula; note delegation warnings, performance, what to keep/rebuild. | E5: =IF('Master Plan'!G27="","",'Master Plan'!G27) | F5: =IF('Master Plan'!H27="","",'Master Plan'!H27) -> 46307 | G5: =IF('Master Plan'!I27="","",'Master Plan'!I27) -> 46308 | H5: =IF('Master Plan'!J27="","",'Master Plan'!J27) -> 2 | I5: =IF('Master Plan'!K27="","",'Master Plan'!K27) -> PM-05 | J5: =IF('Master Plan'!L27="","",'Master Plan'!L27) -> Review notes | K5: =IF('Master Plan'!M27="","",'Master Plan'!M27) -> Shared at stand-up | L5: =IF('Master Plan'!N27="","",'Master Plan'!N27) -> 9 | M5: =IF('Master Plan'!O27="","",'Master Plan'!O27) -> Not started | N5: =IF('Master Plan'!Q27="","",'Master Plan'!Q27)
A6: =IF('Master Plan'!A30="","",'Master Plan'!A30) -> WI-02 | B6: =IF('Master Plan'!B30="","",'Master Plan'!B30) -> 1 Design | C6: =IF('Master Plan'!D30="","",'Master Plan'!D30) -> Shared component library (NKG theme) | D6: =IF('Master Plan'!E30="","",'Master Plan'!E30) -> Header, buttons, chips, tiles, input fields in NKG Green #006330 palette; published as component library for all canvas apps. | E6: =IF('Master Plan'!G30="","",'Master Plan'!G30) -> Andrew Tanui | F6: =IF('Master Plan'!H30="","",'Master Plan'!H30) -> 46308 | G6: =IF('Master Plan'!I30="","",'Master Plan'!I30) -> 46309 | H6: =IF('Master Plan'!J30="","",'Master Plan'!J30) -> 2 | I6: =IF('Master Plan'!K30="","",'Master Plan'!K30) -> MO-04 | J6: =IF('Master Plan'!L30="","",'Master Plan'!L30) -> Component library | K6: =IF('Master Plan'!M30="","",'Master Plan'!M30) -> Used by Stock Take app and Hub | L6: =IF('Master Plan'!N30="","",'Master Plan'!N30) -> 9.1 | M6: =IF('Master Plan'!O30="","",'Master Plan'!O30) -> Not started | N6: =IF('Master Plan'!Q30="","",'Master Plan'!Q30)
A7: =IF('Master Plan'!A41="","",'Master Plan'!A41) -> WI-03 | B7: =IF('Master Plan'!B41="","",'Master Plan'!B41) -> 2 Sprint 1 | C7: =IF('Master Plan'!D41="","",'Master Plan'!D41) -> S1 Sign-in/version check and S2 Home | D7: =IF('Master Plan'!E41="","",'Master Plan'!E41) -> SSO, role & warehouse load, App.MinVersion check; Home tiles, banner with cut-off and time left. | E7: =IF('Master Plan'!G41="","",'Master Plan'!G41) | F7: =IF('Master Plan'!H41="","",'Master Plan'!H41) -> 46310 | G7: =IF('Master Plan'!I41="","",'Master Plan'!I41) -> 46311 | H7: =IF('Master Plan'!J41="","",'Master Plan'!J41) -> 2 | I7: =IF('Master Plan'!K41="","",'Master Plan'!K41) -> WI-02 | J7: =IF('Master Plan'!L41="","",'Master Plan'!L41) -> Screens S1–S2 | K7: =IF('Master Plan'!M41="","",'Master Plan'!M41) -> Demoed at stand-up | L7: =IF('Master Plan'!N41="","",'Master Plan'!N41) -> 9.2 | M7: =IF('Master Plan'!O41="","",'Master Plan'!O41) -> Not started | N7: =IF('Master Plan'!Q41="","",'Master Plan'!Q41)
A8: =IF('Master Plan'!A42="","",'Master Plan'!A42) -> WI-04 | B8: =IF('Master Plan'!B42="","",'Master Plan'!B42) -> 2 Sprint 1 | C8: =IF('Master Plan'!D42="","",'Master Plan'!D42) -> S3 My Assignments and S4 Location (QR) | D8: =IF('Master Plan'!E42="","",'Master Plan'!E42) -> Assignments grouped by zone with status chips; QR scan or pick; Start count / Mark empty / Cannot access (reason). | E8: =IF('Master Plan'!G42="","",'Master Plan'!G42) | F8: =IF('Master Plan'!H42="","",'Master Plan'!H42) -> 46314 | G8: =IF('Master Plan'!I42="","",'Master Plan'!I42) -> 46317 | H8: =IF('Master Plan'!J42="","",'Master Plan'!J42) -> 3 | I8: =IF('Master Plan'!K42="","",'Master Plan'!K42) -> WI-03, DO-03 | J8: =IF('Master Plan'!L42="","",'Master Plan'!L42) -> Screens S3–S4 | K8: =IF('Master Plan'!M42="","",'Master Plan'!M42) -> QR test labels scan on 2 devices | L8: =IF('Master Plan'!N42="","",'Master Plan'!N42) -> 9.2 | M8: =IF('Master Plan'!O42="","",'Master Plan'!O42) -> Not started | N8: =IF('Master Plan'!Q42="","",'Master Plan'!Q42)
